feature,importance,rank
feature_0896 & feature_3174,0.1399081584939428,1
feature_0474 & feature_1552,0.13586191287873886,2
feature_0811 & feature_2473,0.08099015452590977,3
feature_0812 & feature_2473,0.08078784692704129,4
feature_2945 & feature_4728,0.07875007963340647,5
feature_1552 & feature_2473,0.07640579019306204,6
feature_2473,0.05921661802385981,7
feature_1552,0.041459457536178364,8
feature_0896,0.03192749529051813,9
feature_3805,0.03098829276818307,10
feature_1422 & feature_4402,0.029264569153787952,11
feature_0104,0.028001624464782285,12
feature_4394,0.0277884380324953,13
feature_4252,0.02674350082911343,14
feature_0811,0.024322461842175267,15
feature_0809,0.02423622093562371,16
feature_3804,0.023950771865405802,17
feature_3659,0.023864033448417272,18
feature_1887,0.023667197786553462,19
feature_4728,0.023029871478407644,20
feature_4271,0.0228331855952215,21
feature_0010,0.02274215349533328,22
feature_1729,0.02240037333116931,23
feature_4519,0.021885475188385566,24
feature_2451,0.0211663246358738,25
feature_0475,0.020690706661259568,26
feature_1730,0.02051809031876914,27
feature_0480,0.020175087902691385,28
feature_0812,0.019917569549541197,29
feature_4270,0.019581269602786982,30
feature_0411,0.019396984283524505,31
feature_4093,0.01912621454765907,32
feature_1731,0.019103892251060746,33
feature_4403,0.01876946492454134,34
feature_0895,0.018511360305171885,35
feature_4094,0.018299515622001505,36
feature_4261,0.018070702782335354,37
feature_0481,0.01773094735874714,38
feature_0395,0.01757937188309243,39
feature_4782,0.017120384073845536,40
feature_1884,0.016756118329032416,41
feature_4262,0.016708637244044096,42
feature_4260,0.016700980766292926,43
feature_0748,0.01667402082537696,44
feature_3621,0.016625259527425957,45
feature_0012,0.016472069131559432,46
feature_3803,0.016439749116492344,47
feature_3879,0.016173275643799966,48
feature_1652,0.015902929245189552,49
feature_0995,0.015869880270456944,50
feature_0390,0.015809681651836233,51
feature_4263,0.015743239071079093,52
feature_2954,0.015736621144251582,53
feature_1584,0.015612203905288634,54
feature_1886,0.01556286406846448,55
feature_1025,0.015494449016297325,56
feature_2740,0.015328193919657429,57
feature_3476,0.015228231026588109,58
feature_3889,0.015126149871214713,59
feature_0456,0.015103715507642067,60
feature_1725,0.014992503481481786,61
feature_0389,0.0149689412905534,62
feature_1954,0.014952484211815208,63
feature_3877,0.01491316461727857,64
feature_3657,0.014842193876614075,65
feature_0813,0.014607510081874197,66
feature_4518,0.014552819777804125,67
feature_1890,0.014535300638107465,68
feature_0993,0.014492197357692492,69
feature_0414,0.014478063575296777,70
feature_1651,0.014458157615180232,71
feature_1294,0.01434650341412053,72
feature_0585,0.013999411049262903,73
feature_0467,0.013907952299034018,74
feature_4343,0.013617328240418653,75
feature_0469,0.013573291827044231,76
feature_1722,0.01354657693974357,77
feature_0819,0.013543148947834257,78
feature_3862,0.013484766469585074,79
feature_1580,0.013474490449387252,80
feature_2765,0.013467722191529485,81
feature_4273,0.01330046131947677,82
feature_0432,0.013168208695752316,83
feature_1721,0.013071616855829077,84
feature_1732,0.013032597280729016,85
feature_4095,0.013004130429107195,86
feature_0468,0.012977643308626457,87
feature_0810,0.012952349904145443,88
feature_4272,0.01284499701442535,89
feature_0413,0.012811242182387429,90
feature_1733,0.012747708766404041,91
feature_0013,0.012661592316421343,92
feature_1723,0.0126570273959679,93
feature_1751,0.012646951896455308,94
feature_0470,0.012632344002704032,95
feature_2232,0.01256084114204336,96
feature_3389,0.01234590255027825,97
feature_1727,0.012261424009765591,98
feature_0396,0.012126155523390905,99
feature_3066,0.012097259835141656,100
feature_2504,0.011931608501053117,101
feature_4267,0.01192653259155044,102
feature_0455,0.011909865846930691,103
feature_2009,0.011888336099759183,104
feature_1724,0.011831728584375334,105
feature_1010,0.011711059199184578,106
feature_0454,0.011676756502178984,107
feature_1708,0.011663601314497011,108
feature_1885,0.01165352927842331,109
feature_0459,0.011579785145746908,110
feature_0930,0.01153299703667383,111
feature_1650,0.011450271690458053,112
feature_3608,0.011333815564778834,113
feature_0897,0.01130790600562501,114
feature_1719,0.01123299775618556,115
feature_0453,0.011210211706732481,116
feature_1889,0.011208940208355512,117
feature_4274,0.011130858910918265,118
feature_3867,0.011121121635595801,119
feature_1052,0.011104444701413767,120
feature_1888,0.011103600305586651,121
feature_1027,0.011021699458744257,122
feature_0474,0.011003853535292426,123
feature_3143,0.011000941228770456,124
feature_1008,0.010993950505032497,125
feature_0996,0.010966061434638564,126
feature_0391,0.010918215669278595,127
feature_0586,0.010852502071297425,128
feature_4339,0.010848707266709686,129
feature_0587,0.010813540200828016,130
feature_4781,0.010805391028485326,131
feature_2410,0.01078095107613486,132
feature_3609,0.010757656016442857,133
feature_3174,0.010668806200724204,134
feature_0410,0.01065458637998532,135
feature_3866,0.010618648262405222,136
feature_1016,0.010598007663834992,137
feature_3878,0.010582474280955694,138
feature_3183,0.010576225511321778,139
feature_4338,0.010559025152274559,140
feature_3182,0.010440281947027605,141
feature_0423,0.01038717562358902,142
feature_0439,0.010363357343353181,143
feature_4571,0.010354096560118433,144
feature_3863,0.010348654903400112,145
feature_2739,0.010282167678395064,146
feature_0382,0.01021813292957934,147
feature_1089,0.010212905251551808,148
feature_1945,0.01020622472840753,149
feature_0149,0.01007893773519049,150
feature_1018,0.010005122567878314,151
feature_3554,0.009972349543645724,152
feature_2600,0.009883742011301879,153
feature_1946,0.00978980160102448,154
feature_2775,0.009785046861068755,155
feature_3869,0.009703873808087939,156
feature_2228,0.009687243333583275,157
feature_1944,0.009636860260674927,158
feature_0431,0.0096343888571948,159
feature_2622,0.00961852205062006,160
feature_2236,0.009611113578204378,161
feature_1026,0.009610066059488779,162
feature_3388,0.009596703536823318,163
feature_1728,0.009579441346394737,164
feature_0393,0.009542423820057678,165
feature_3332,0.00942527776303795,166
feature_1720,0.009404286713446723,167
feature_4284,0.009359752387778223,168
feature_4784,0.00935014812176041,169
feature_0422,0.009349421166058497,170
feature_0394,0.009328705308756308,171
feature_1029,0.00929877187681832,172
feature_4446,0.009268383407951216,173
feature_0392,0.009213745285326638,174
feature_3604,0.00920973330194749,175
feature_2007,0.009190101005005787,176
feature_3868,0.009167346455866556,177
feature_4425,0.009138114755115919,178
feature_1801,0.009037941195436975,179
feature_4379,0.008917124225701283,180
feature_3184,0.00885834596103813,181
feature_0477,0.008853469524987594,182
feature_1005,0.0088520306132527,183
feature_3068,0.008851011835094822,184
feature_3473,0.00884092308213675,185
feature_0150,0.008790583669112695,186
feature_0591,0.008741149038677797,187
feature_1752,0.008685935862885422,188
feature_1647,0.00867242617706719,189
feature_3671,0.008590785473974367,190
feature_3229,0.008574526285649633,191
feature_1011,0.008502597393633671,192
feature_0148,0.00838892864460646,193
feature_3185,0.008384920179335413,194
feature_2809,0.00836266468446463,195
feature_4141,0.008359082240590726,196
feature_3467,0.008349475398442262,197
feature_4421,0.00833822065458013,198
feature_3250,0.008317714714229858,199
feature_3865,0.00822511945130584,200
feature_0460,0.008218953011769245,201
feature_1033,0.008198986017634278,202
feature_1735,0.008179537851733816,203
feature_1585,0.008156129379281705,204
feature_4409,0.008032529052921181,205
feature_0155,0.008032491829605415,206
feature_0424,0.008015631437721963,207
feature_2682,0.008001867538185404,208
feature_1020,0.00799960950388901,209
feature_0978,0.007994968710480542,210
feature_3515,0.007971618904324249,211
feature_3129,0.007971045243811559,212
feature_4402,0.007969098582888383,213
feature_1397,0.00792701554873385,214
feature_1396,0.007917104645442569,215
feature_1750,0.007904553098827467,216
feature_0458,0.0078925570622739,217
feature_0483,0.007856894890227301,218
feature_4424,0.00784914363885467,219
feature_1007,0.007837766840049228,220
feature_1726,0.007824299265613928,221
feature_3864,0.007812627243820765,222
feature_3870,0.007808967389705635,223
feature_1579,0.007802363335290701,224
feature_2978,0.007756687454114633,225
feature_0492,0.00774658690081901,226
feature_0401,0.007741575514496972,227
feature_1948,0.007726258847858429,228
feature_3415,0.007681604545457819,229
feature_0366,0.007681267364988928,230
feature_4068,0.007661664884631794,231
feature_4069,0.007633915733856973,232
feature_0457,0.007553897868797666,233
feature_4265,0.007551100551105418,234
feature_1577,0.007504344043651057,235
feature_1015,0.007483787490313725,236
feature_4500,0.00744880376809891,237
feature_4775,0.007397367152657083,238
feature_2124,0.007325962502508078,239
feature_4371,0.007323241181598682,240
feature_0437,0.007311208881787469,241
feature_1816,0.007280230281373386,242
feature_4071,0.007279451386336828,243
feature_0438,0.007270423388300609,244
feature_0462,0.007239347056686945,245
feature_4099,0.00721376278314637,246
feature_1947,0.007188110369372269,247
feature_3861,0.0071730899575839615,248
feature_3294,0.007167696169687938,249
feature_1394,0.007129316343846327,250
feature_3943,0.007103788493168899,251
feature_4794,0.007082624774410416,252
feature_3620,0.007078225079109482,253
feature_0482,0.007063521815991064,254
feature_0472,0.007019914627879511,255
feature_2146,0.0070109694127371055,256
feature_3523,0.006992853813146959,257
feature_2032,0.006989080255763726,258
feature_1021,0.006987741896752692,259
feature_1017,0.006966039370375334,260
feature_0144,0.006940220929713257,261
feature_1019,0.0069173532075144555,262
feature_4701,0.006916483651476318,263
feature_2703,0.0069086960744170894,264
feature_4108,0.006903468693721806,265
feature_4151,0.006900788053040296,266
feature_1703,0.00688973708685005,267
feature_1250,0.006882363259770073,268
feature_3499,0.006869823434916017,269
feature_3350,0.006868172713881916,270
feature_0781,0.006850435355304264,271
feature_1032,0.006839555959188483,272
feature_0170,0.006827821689544745,273
feature_1009,0.006777766197768638,274
feature_1014,0.006775066744091022,275
feature_2971,0.006769308240212594,276
feature_1220,0.006765275251758589,277
feature_1576,0.006752332756437173,278
feature_1663,0.006728681899871522,279
feature_1962,0.006723131574817977,280
feature_4406,0.006715584575475902,281
feature_0365,0.006705182381990197,282
feature_1398,0.006696672879609168,283
feature_1515,0.00668476499583649,284
feature_4609,0.00667566291920946,285
feature_0186,0.006662899411435291,286
feature_4700,0.006662626147646122,287
feature_3180,0.006658616349268583,288
feature_2036,0.006651816633358226,289
feature_1773,0.006640293885551575,290
feature_1496,0.0066352914172130035,291
feature_0749,0.00663513699784986,292
feature_0145,0.006631143456102809,293
feature_4682,0.0066256468963663,294
feature_4026,0.006619439220731434,295
feature_4350,0.006617951083999724,296
feature_2891,0.006616597975304144,297
feature_4778,0.00658414978124768,298
feature_0178,0.006582079746284014,299
feature_3807,0.00658046630561147,300
feature_4434,0.006576943355318504,301
feature_2362,0.006574915877441895,302
feature_0275,0.006570577438052007,303
feature_1630,0.0065684542911167085,304
feature_0526,0.006568327699724752,305
feature_0746,0.006563830666569397,306
feature_2037,0.006563532235169035,307
feature_2184,0.006559506628469798,308
feature_1676,0.00655521770275704,309
feature_2412,0.006555148126114502,310
feature_4975,0.006552688256826729,311
feature_2194,0.006548807495943647,312
feature_1520,0.00654058421862747,313
feature_0994,0.00653810421514218,314
feature_4931,0.006535899774086526,315
feature_3544,0.0065310485470670785,316
feature_1775,0.006523278078938224,317
feature_0113,0.006523250564637548,318
feature_4569,0.006523027404265573,319
feature_0167,0.0065207529746043906,320
feature_3766,0.00651562991296548,321
feature_4747,0.006513628541545209,322
feature_2101,0.006511306742609366,323
feature_4721,0.006509786805836278,324
feature_1653,0.006506233470122911,325
feature_0983,0.006502998264897922,326
feature_2110,0.006502855071532185,327
feature_3461,0.006500941891263664,328
feature_1929,0.006498425019439808,329
feature_3228,0.0064964718179674275,330
feature_2216,0.006494416648803475,331
feature_0697,0.006490879108980295,332
feature_3107,0.006487984413286713,333
feature_2599,0.006482045822417082,334
feature_1926,0.006476974568311638,335
feature_4494,0.006476650173043664,336
feature_4858,0.0064761656691973216,337
feature_0588,0.0064558541504929935,338
feature_1391,0.006453908404090308,339
feature_3942,0.006447245090758522,340
feature_3730,0.006446980133693656,341
feature_4719,0.006446099711903116,342
feature_4065,0.006439864066915349,343
feature_2378,0.006432674153517596,344
feature_2841,0.006398535527150687,345
feature_0154,0.006398477771111733,346
feature_0122,0.006391156810976373,347
feature_0406,0.006382054640053379,348
feature_3538,0.006376204035721238,349
feature_1006,0.006373485722066864,350
feature_0046,0.006346871059078738,351
feature_0355,0.006303623467402941,352
feature_4155,0.006296770471131885,353
feature_4703,0.00627807997235307,354
feature_2136,0.006246362954197453,355
feature_4259,0.0062207059420930815,356
feature_0642,0.006208424070325738,357
feature_4570,0.006181307789594179,358
feature_2141,0.0061756775422859,359
feature_1578,0.006156852743591838,360
feature_0281,0.006149631919303139,361
feature_2565,0.006147554625848106,362
feature_1567,0.006114450492919379,363
feature_0662,0.0061079383937297825,364
feature_1004,0.006094400781640577,365
feature_1993,0.006062387480997333,366
feature_2942,0.006060992770675186,367
feature_0932,0.006039649219502756,368
feature_0473,0.006035845152138169,369
feature_2693,0.006000205992572253,370
feature_0436,0.0059699005366701426,371
feature_1836,0.005964478987872907,372
feature_1331,0.005945876691647462,373
feature_3179,0.005925873750167765,374
feature_2445,0.00591315377535408,375
feature_3705,0.005881945878050417,376
feature_3186,0.005880818785251671,377
feature_3793,0.005876419428131983,378
feature_1155,0.005845503341046064,379
feature_2137,0.0058426147802242345,380
feature_2773,0.005805689902116885,381
feature_1818,0.005796476229925398,382
feature_2782,0.005781843909781779,383
feature_1824,0.005780494596168339,384
feature_2987,0.00577564300560056,385
feature_1034,0.005775629099627833,386
feature_0874,0.005766377885483579,387
feature_1422,0.005765749556998727,388
feature_1517,0.005764975492595149,389
feature_0463,0.005759866858939423,390
feature_2700,0.005735094056143572,391
feature_2420,0.00572980492772388,392
feature_1442,0.005707832931015939,393
feature_4426,0.005701388521554348,394
feature_4909,0.005693443094713538,395
feature_0087,0.005684025649816163,396
feature_2621,0.0056827624796524645,397
feature_4420,0.005671836205272031,398
feature_4375,0.005659325992776574,399
feature_2699,0.005657971550474701,400
feature_2761,0.005655418607673749,401
feature_0631,0.005655008050779507,402
feature_2975,0.005654240626502892,403
feature_4128,0.005643358560365355,404
feature_4559,0.005623105230977012,405
feature_0428,0.005599084536656837,406
feature_3402,0.0055952684792642034,407
feature_4103,0.005588802131981765,408
feature_0947,0.005577857004391054,409
feature_2546,0.005561382828001225,410
feature_2974,0.005548681873411866,411
feature_2609,0.005515019649043285,412
feature_0386,0.0055127322966781545,413
feature_3375,0.005471678893270691,414
feature_1591,0.005449469852744192,415
feature_4332,0.005425677558892734,416
feature_2973,0.005423203796447841,417
feature_3292,0.005416314932513893,418
feature_1704,0.0054048924209273005,419
feature_1902,0.005392405587220202,420
feature_2566,0.005385993172984431,421
feature_1370,0.005369987042710627,422
feature_2368,0.005361630424145464,423
feature_4830,0.005361544522436328,424
feature_3525,0.005346669448649544,425
feature_2450,0.005341262105796643,426
feature_4427,0.005333907864126764,427
feature_2866,0.0053265061114966756,428
feature_1085,0.005323111403668988,429
feature_2614,0.005316752593915495,430
feature_1479,0.0053148128473445334,431
feature_2943,0.0053134385683497425,432
feature_4943,0.00531332156471391,433
feature_3921,0.005311695561332815,434
feature_3501,0.005311292842832404,435
feature_3361,0.005309865339602893,436
feature_3975,0.005299583063036411,437
feature_0191,0.005293911167986286,438
feature_0875,0.005290411461399842,439
feature_0174,0.005289963369075229,440
feature_3140,0.005289684057970029,441
feature_4296,0.0052894214818270825,442
feature_3175,0.0052873299474953655,443
feature_0021,0.005285975211990186,444
feature_3072,0.005283919139859645,445
feature_3723,0.005283111996491672,446
feature_0225,0.005282887221234756,447
feature_3190,0.005275835792246523,448
feature_0215,0.005274943345585294,449
feature_2358,0.005274645129110861,450
feature_0550,0.005269882587279068,451
feature_1217,0.0052668161893055865,452
feature_4875,0.005262822485971332,453
feature_1499,0.005261758075118408,454
feature_3440,0.00525909819007824,455
feature_1132,0.005258615159076133,456
feature_3396,0.005254740323667641,457
feature_4865,0.0052535543883510324,458
feature_4190,0.005253230621041937,459
feature_4777,0.005251916752894913,460
feature_1538,0.005250193646655165,461
feature_0259,0.0052501556576149055,462
feature_1126,0.005248791930030345,463
feature_3842,0.005247816635582208,464
feature_2074,0.0052444479649226905,465
feature_4780,0.0052432502739407465,466
feature_2713,0.005241419093995887,467
feature_0241,0.00524058225116505,468
feature_2555,0.005234598575952161,469
feature_2251,0.0052343026403544575,470
feature_4650,0.005232361893524834,471
feature_3857,0.005232181175983969,472
feature_4823,0.0052321333194178836,473
feature_2212,0.0052316994634879765,474
feature_0280,0.005230783539720768,475
feature_1923,0.005230669133553488,476
feature_3425,0.005227268733939346,477
feature_2388,0.005224853643960175,478
feature_2252,0.005224176542358973,479
feature_0702,0.005223550461321798,480
feature_4351,0.005221498695128457,481
feature_3302,0.005220517773681728,482
feature_0484,0.005220076211335784,483
feature_3625,0.0052185173404995485,484
feature_2774,0.005217098364597396,485
feature_2066,0.0052162806155191185,486
feature_4333,0.005213928864903468,487
feature_2240,0.005213262893304673,488
feature_1122,0.005212233276908523,489
feature_2478,0.005211991287356189,490
feature_1649,0.005210097110618459,491
feature_4884,0.005207966653354894,492
feature_1339,0.005206338156102679,493
feature_1519,0.005205555031493978,494
feature_4876,0.005204669894244399,495
feature_3178,0.005203961488337783,496
feature_2625,0.005202945031923945,497
feature_2796,0.005201705645386244,498
feature_0817,0.0051997552593435,499
feature_1814,0.005198194420385881,500
feature_3406,0.005196839264193836,501
feature_0759,0.005195299957029682,502
feature_1003,0.005194128175124648,503
feature_1977,0.0051924854459548045,504
feature_3049,0.005187364532534022,505
feature_4616,0.005185132771314026,506
feature_1079,0.005183555411475226,507
feature_0003,0.005182382254141172,508
feature_0860,0.005180485054957991,509
feature_3170,0.005177885943298278,510
feature_3219,0.005175830307398451,511
feature_0207,0.005174796282226025,512
feature_2643,0.00517464981286747,513
feature_2986,0.005174530676397235,514
feature_4309,0.005172389551896948,515
feature_0833,0.005171052261355772,516
feature_0572,0.0051682130724853455,517
feature_0602,0.00516709939886343,518
feature_0574,0.005166706515023135,519
feature_3618,0.005165156490412095,520
feature_1268,0.0051649025805350305,521
feature_4306,0.0051648077367854334,522
feature_2610,0.005164239412013232,523
feature_4955,0.005161383069271011,524
feature_0573,0.005161055543119696,525
feature_3698,0.0051588246017684955,526
feature_3099,0.005157682796169625,527
feature_3926,0.00515569404478846,528
feature_2979,0.005154937382999308,529
feature_0310,0.005154868047669315,530
feature_0338,0.005153889124072666,531
feature_1229,0.00515102869956434,532
feature_0425,0.00514741956277547,533
feature_4460,0.0051464773732822384,534
feature_1399,0.005145405282341318,535
feature_2568,0.005141153305030157,536
feature_1156,0.005139066232175249,537
feature_0553,0.005136377563136531,538
feature_3030,0.005135479496975283,539
feature_0141,0.005135020084937649,540
feature_0539,0.005130588692329091,541
feature_0890,0.0051300648694245264,542
feature_1983,0.00512813207725049,543
feature_4527,0.005128001795912631,544
feature_4925,0.0051212842598755155,545
feature_1497,0.0051211612198146005,546
feature_4638,0.005115598550965257,547
feature_1602,0.005114504983559555,548
feature_3757,0.005113188503568606,549
feature_1191,0.005108851029941156,550
feature_2306,0.005103177231905484,551
feature_1088,0.005101571747912598,552
feature_1280,0.005100878997487904,553
feature_2671,0.005098131344407421,554
feature_4531,0.0050969387428573985,555
feature_4547,0.005096171877269014,556
feature_4119,0.005092634495170427,557
feature_0078,0.005090515733029745,558
feature_2496,0.005086830992294233,559
feature_3658,0.005081933187769095,560
feature_0412,0.005081022498938551,561
feature_2522,0.005080172063014322,562
feature_2523,0.005073581211891896,563
feature_2685,0.005071771118777041,564
feature_2871,0.005067780905883695,565
feature_2521,0.005067749712699213,566
feature_2443,0.005059208541002339,567
feature_4336,0.005047243513439939,568
feature_2564,0.005045813141489981,569
feature_4064,0.005039114179494502,570
feature_3890,0.0050347955417128975,571
feature_0846,0.005033793912359458,572
feature_3776,0.005031654807946814,573
feature_2332,0.00502866349967819,574
feature_1848,0.005020577583933777,575
feature_4079,0.005010556235107513,576
feature_2395,0.0050082048745640866,577
feature_1549,0.005005492125932106,578
feature_4625,0.00498943657512561,579
feature_4414,0.004989023574593782,580
feature_3139,0.004986677279591857,581
feature_2758,0.004985700401006516,582
feature_4533,0.004984762427180423,583
feature_0671,0.004977515759275381,584
feature_2777,0.00497323014085432,585
feature_1575,0.004958938624789879,586
feature_4223,0.004954228487596767,587
feature_4186,0.004952005328562344,588
feature_4081,0.004950242236061526,589
feature_4702,0.004945304788684885,590
feature_1387,0.004944203615967464,591
feature_4266,0.004943609920993289,592
feature_1035,0.004941132124318142,593
feature_0619,0.004940861758755123,594
feature_2455,0.004937221738379719,595
feature_2440,0.004936052866717268,596
feature_4213,0.004931196691489777,597
feature_0417,0.004929915652835247,598
feature_4293,0.004929278298710965,599
feature_1261,0.004923477020813352,600
feature_2945,0.00492072081298993,601
feature_0836,0.004908418928886094,602
feature_2377,0.004907241111128895,603
feature_0632,0.004897493459086311,604
feature_0808,0.0048962437989452925,605
feature_2126,0.00486751436201513,606
feature_4193,0.004847483981358084,607
feature_0500,0.004846585441806456,608
feature_2248,0.004828502403937547,609
feature_0633,0.0048184955335161895,610
feature_4937,0.004815557087263964,611
feature_3301,0.004805971412875045,612
feature_3365,0.004800740614831332,613
feature_2143,0.004785676659061822,614
feature_0527,0.004780825853894886,615
feature_4116,0.0047796495228836855,616
feature_1713,0.004775815614223476,617
feature_3403,0.0047699966293820424,618
feature_1715,0.004768935731854187,619
feature_2843,0.004766227707152625,620
feature_3909,0.004765322700238201,621
feature_4749,0.004746400292013106,622
feature_2038,0.0047439343442008,623
feature_1994,0.004739819654769587,624
feature_4096,0.004736836140662821,625
feature_4091,0.004735642763294266,626
feature_1861,0.004735467195615814,627
feature_4290,0.00473546696936621,628
feature_2195,0.00472777010259537,629
feature_1146,0.0047265124484155135,630
feature_2120,0.004722548652803533,631
feature_1997,0.00471999082653892,632
feature_3236,0.004719627179105104,633
feature_4564,0.0047179732970100904,634
feature_0179,0.004713580193675539,635
feature_1706,0.004711384422143694,636
feature_2382,0.004708800863743692,637
feature_0971,0.004708648384365048,638
feature_4150,0.004706792150804452,639
feature_3386,0.004705718069407993,640
feature_3247,0.004701068177594838,641
feature_4330,0.004699203250397416,642
feature_0838,0.004698701298738328,643
feature_1013,0.004693530770257062,644
feature_3348,0.004690988984221641,645
feature_4579,0.004682299684663292,646
feature_4999,0.004676776726363901,647
feature_3536,0.0046644989863320165,648
feature_3360,0.004661827192478552,649
feature_0778,0.004659908594786792,650
feature_4492,0.004657993856511224,651
feature_0133,0.0046577939392903585,652
feature_2090,0.004643793441348127,653
feature_2317,0.004642923343324312,654
feature_1571,0.004639428720277029,655
feature_4604,0.004637190393764684,656
feature_0239,0.004633902793028706,657
feature_1529,0.004631902525805452,658
feature_0129,0.004631086911408291,659
feature_2982,0.004628309153410146,660
feature_2966,0.004627107396767072,661
feature_1289,0.004626517656535138,662
feature_4965,0.004626307339648764,663
feature_1141,0.004622638713336234,664
feature_0661,0.004622615676394545,665
feature_1918,0.004620401787017264,666
feature_3177,0.004614139288033424,667
feature_4024,0.004614045748158183,668
feature_0901,0.004613298539810348,669
feature_2454,0.004610876610456509,670
feature_0060,0.004607725486685557,671
feature_1432,0.004607009361876603,672
feature_3800,0.004605416162527216,673
feature_0990,0.004603583048189188,674
feature_2732,0.004599426505786769,675
feature_1444,0.004597824780010683,676
feature_2529,0.004597467566536553,677
feature_4822,0.004596485083960912,678
feature_0532,0.004596058894207606,679
feature_0331,0.004594328298044518,680
feature_0677,0.0045937964968720945,681
feature_4329,0.004593275317835378,682
feature_3287,0.004592920413702678,683
feature_0298,0.004592574143858585,684
feature_4224,0.004591730959808402,685
feature_1788,0.004590404666553177,686
feature_2491,0.004590265687959871,687
feature_3189,0.004589407060619137,688
feature_1040,0.004588956133277177,689
feature_0047,0.004587824534444966,690
feature_3020,0.0045877916229631575,691
feature_3086,0.0045876661181093485,692
feature_1644,0.004587213631554333,693
feature_2370,0.004585148661307826,694
feature_2608,0.004584922756125377,695
feature_0770,0.004584659596270169,696
feature_3549,0.004584195446282371,697
feature_3056,0.004583779799157213,698
feature_4340,0.004582246868487499,699
feature_1446,0.004581349492514775,700
feature_4743,0.00458069966641967,701
feature_3553,0.004577926642841544,702
feature_2342,0.004577400146914702,703
feature_0283,0.0045761455997621985,704
feature_1320,0.004575672468733144,705
feature_0165,0.004572432156884134,706
feature_2298,0.0045717538993178194,707
feature_3875,0.004571738035786157,708
feature_3770,0.004571593705468515,709
feature_2836,0.004570463385776016,710
feature_2257,0.004570172878529153,711
feature_2889,0.004569717868116794,712
feature_1639,0.004569294121974745,713
feature_3795,0.004568959567205611,714
feature_1326,0.004567696810460967,715
feature_2509,0.0045665884135332275,716
feature_1604,0.004566173669469615,717
feature_2539,0.004565998192704365,718
feature_4633,0.004565563462678851,719
feature_2384,0.004564694707741046,720
feature_0253,0.0045644447856696005,721
feature_1343,0.0045643738227800984,722
feature_1168,0.00456423015013984,723
feature_0608,0.004562663966719003,724
feature_2364,0.004561124750716728,725
feature_3245,0.004560200864352957,726
feature_3636,0.004560107075160421,727
feature_1378,0.00455995830884044,728
feature_1795,0.004558234607554593,729
feature_3094,0.004557859075542053,730
feature_2287,0.004556835354839498,731
feature_1277,0.004554562565745426,732
feature_0845,0.004553899784938389,733
feature_3277,0.0045523953095634685,734
feature_3485,0.004552170488705643,735
feature_4185,0.0045503642351607376,736
feature_2755,0.00455024453043869,737
feature_1667,0.004550210158881377,738
feature_2005,0.004549169603488651,739
feature_1797,0.00454845677257812,740
feature_2235,0.004548435928134459,741
feature_4801,0.004548351251122044,742
feature_2497,0.004547606097085198,743
feature_3251,0.004545825671137659,744
feature_1823,0.004545298307056006,745
feature_2698,0.004545048482023421,746
feature_0274,0.0045431529307745026,747
feature_2001,0.004541496183251659,748
feature_1447,0.004539871567110756,749
feature_3018,0.004539793712587301,750
feature_3084,0.004539728141322678,751
feature_0774,0.0045396305872075805,752
feature_0227,0.004539497562837053,753
feature_4359,0.004538956612357613,754
feature_4611,0.004536052577305772,755
feature_4331,0.004535841745459742,756
feature_4934,0.004535517286733654,757
feature_3667,0.004534782728235038,758
feature_3271,0.004534020686708699,759
feature_1199,0.004533935459495851,760
feature_0956,0.0045334167307108765,761
feature_1791,0.004531229889208817,762
feature_0705,0.004529594812025913,763
feature_4675,0.004529008483745511,764
feature_0256,0.004528640368292652,765
feature_0686,0.004527417188559704,766
feature_2721,0.004526958794132351,767
feature_3771,0.004525731151578631,768
feature_0807,0.004525176223263562,769
feature_4162,0.004523921371886549,770
feature_2422,0.004523229223247104,771
feature_3669,0.004523004026611238,772
feature_4428,0.00452238747540323,773
feature_1043,0.004520724494755758,774
feature_2113,0.004520318608734943,775
feature_1341,0.004519746474357376,776
feature_0840,0.004518330906417737,777
feature_3089,0.004518112476213956,778
feature_2742,0.0045169318841841895,779
feature_0670,0.0045166292546063545,780
feature_1864,0.00451603772034077,781
feature_1872,0.00451543598817949,782
feature_3380,0.004515125977130852,783
feature_4624,0.004515035678195418,784
feature_2766,0.004514979670112576,785
feature_4673,0.004514830052636613,786
feature_0257,0.004514790577168807,787
feature_0362,0.004514108530627455,788
feature_3017,0.004513702165649762,789
feature_4161,0.004513669136791991,790
feature_2326,0.004511594558236081,791
feature_2597,0.004510589882213788,792
feature_0957,0.004509945648821605,793
feature_0566,0.004508749055570196,794
feature_3477,0.004506123930147923,795
feature_1445,0.0045047398286468246,796
feature_2302,0.004504601668721761,797
feature_3164,0.0045045682950125895,798
feature_2500,0.004504396989143869,799
feature_1024,0.004502783251158124,800
feature_2244,0.004501081840467256,801
feature_4167,0.004500211097441243,802
feature_2826,0.004499858149080957,803
feature_4194,0.0044981919642711095,804
feature_2233,0.004498103768275531,805
feature_1154,0.004497668544355501,806
feature_2282,0.00449623035476778,807
feature_1104,0.004495705108858978,808
feature_3731,0.004493498118969575,809
feature_4713,0.004493393505379807,810
feature_2144,0.004491712099085072,811
feature_2548,0.004490976953162488,812
feature_2083,0.004489661836917831,813
feature_1188,0.0044890744558909,814
feature_4796,0.00448883169769101,815
feature_1380,0.004488558637731197,816
feature_3781,0.004487508997206489,817
feature_3016,0.004485297757475537,818
feature_4851,0.0044851102332787805,819
feature_0848,0.004483536233516052,820
feature_4244,0.004483278272065331,821
feature_0049,0.0044830025813047064,822
feature_0700,0.004482870863820953,823
feature_0158,0.0044828320923619375,824
feature_1272,0.004480951706461348,825
feature_4243,0.004480172963551851,826
feature_0691,0.0044800799893032215,827
feature_1504,0.004480035215342289,828
feature_2994,0.004479510511876559,829
feature_2517,0.004479434427195902,830
feature_4341,0.004479165210356297,831
feature_1222,0.004479146868313259,832
feature_1382,0.0044781620699330515,833
feature_3688,0.004478133303918233,834
feature_2307,0.004478110623079183,835
feature_4779,0.00447800595994722,836
feature_4692,0.004477455395454381,837
feature_3782,0.004477170075249795,838
feature_0821,0.00447584801580543,839
feature_0300,0.004474090764907829,840
feature_0119,0.004473979225537562,841
feature_4196,0.004473661418148287,842
feature_3387,0.0044729142131413,843
feature_3424,0.004472610032744044,844
feature_2762,0.004472155220815681,845
feature_0093,0.004471809989251653,846
feature_1333,0.004471549176715652,847
feature_2631,0.0044691372886634245,848
feature_3202,0.004468903706694176,849
feature_0112,0.0044687237237486235,850
feature_4381,0.004468654460035899,851
feature_0562,0.00446807720161178,852
feature_2839,0.004467946218172213,853
feature_1312,0.004467879786626711,854
feature_0240,0.004467289476054914,855
feature_3510,0.004467110833445003,856
feature_3069,0.004466755722239983,857
feature_3808,0.004465902816312405,858
feature_2849,0.004465574987753958,859
feature_2838,0.004464937848465546,860
feature_1477,0.004463469187920373,861
feature_4979,0.00445751374913227,862
feature_2858,0.004453600732944731,863
feature_0872,0.004449494636344079,864
feature_0385,0.004449207515262323,865
feature_3378,0.00444622045473886,866
feature_3156,0.0044410185287948505,867
feature_0743,0.0044407987721933545,868
feature_3550,0.004439594466722762,869
feature_3775,0.004438563224963265,870
feature_4478,0.004434935246319063,871
feature_1028,0.0044328326668444384,872
feature_2371,0.004432152586197385,873
feature_0111,0.004431554859902347,874
feature_4855,0.004430601499804514,875
feature_2706,0.0044304153602907105,876
feature_1050,0.004429148663272192,877
feature_1152,0.004425510935907954,878
feature_2882,0.004424710934951461,879
feature_1854,0.004421836443599538,880
feature_4960,0.00442056900861652,881
feature_0117,0.004419754650872121,882
feature_3011,0.0044179076284401415,883
feature_0465,0.0044169145359299515,884
feature_2427,0.004393385742277188,885
feature_0324,0.004391006245230969,886
feature_1961,0.004384646364148282,887
feature_3147,0.004381890443439397,888
feature_1295,0.004365314861599625,889
feature_4061,0.004358999542399254,890
feature_3721,0.004356575637848157,891
feature_4246,0.004354526594448686,892
feature_1106,0.004354321866633634,893
feature_2647,0.004352332841547169,894
feature_0490,0.004340732200296233,895
feature_0147,0.004335398063375927,896
feature_0541,0.004332596809275317,897
feature_2607,0.0043305430736962115,898
feature_1002,0.004329759592322779,899
feature_2147,0.004326343644469922,900
feature_4792,0.0043247453940904205,901
feature_0873,0.0043031273304477285,902
feature_3947,0.004302375684104496,903
feature_0790,0.004276421350479085,904
feature_0466,0.004263521791997701,905
feature_0434,0.0042541801561945085,906
feature_2952,0.004235061153794815,907
feature_3954,0.004234101334949396,908
feature_0407,0.004216834722358035,909
feature_2152,0.004211192716781981,910
feature_0143,0.004210192130867029,911
feature_1648,0.004197920086419456,912
feature_3331,0.004179937156457448,913
feature_2360,0.00417931487553954,914
feature_4377,0.004173551041246345,915
feature_0668,0.0041593719706071765,916
feature_0449,0.00414902464359108,917
feature_1462,0.0041450563558392385,918
feature_2372,0.004124184180810531,919
feature_1951,0.004121599360396864,920
feature_2304,0.004106855510055641,921
feature_4791,0.004088785511837415,922
feature_4258,0.004082744499627545,923
feature_3616,0.00408112065100013,924
feature_1943,0.004079620944963539,925
feature_0538,0.004079521083833755,926
feature_2970,0.004070245517654097,927
feature_3656,0.004060625667100731,928
feature_2619,0.004053251281826458,929
feature_1941,0.004048969373921232,930
feature_3708,0.004044908487803786,931
feature_1906,0.004043499413615238,932
feature_4736,0.004034169280198678,933
feature_4805,0.004025168533137763,934
feature_4062,0.0040245064794587546,935
feature_4334,0.004020506249697568,936
feature_0445,0.004019129988785885,937
feature_4883,0.004011284015659081,938
feature_1274,0.004001537244156239,939
feature_4407,0.0039834367519473385,940
feature_4147,0.003967269046930644,941
feature_0243,0.003959898108418557,942
feature_0495,0.003956270450632778,943
feature_1799,0.003953775828278964,944
feature_0767,0.0039481102716716916,945
feature_3399,0.003946606469147405,946
feature_3742,0.003933376384457258,947
feature_3145,0.003928177780824005,948
feature_0828,0.003927744080249195,949
feature_2350,0.003921230661103347,950
feature_4833,0.00391685105975945,951
feature_3373,0.003913567450475339,952
feature_2489,0.003913029371471637,953
feature_4408,0.003912884708305058,954
feature_3628,0.003906448537290118,955
feature_1213,0.003902928568527716,956
feature_0384,0.003902556750284989,957
feature_0315,0.0038966877484411864,958
feature_2365,0.0038965629242739253,959
feature_0752,0.0038923759606980654,960
feature_3144,0.0038905233889035655,961
feature_0156,0.0038873145246133803,962
feature_3594,0.00387892145055477,963
feature_1934,0.003874007172431625,964
feature_0001,0.0038709524092271136,965
feature_3100,0.0038548725184175806,966
feature_4439,0.003845632653661888,967
feature_3581,0.003837058215425353,968
feature_3830,0.003834854325976107,969
feature_0645,0.003833665888067841,970
feature_4623,0.0038329482973521152,971
feature_1369,0.0038244729091375003,972
feature_0115,0.00382083110989724,973
feature_0142,0.0038180840921734314,974
feature_4055,0.003810349868727487,975
feature_1960,0.0038086765701894265,976
feature_0903,0.00380763981465479,977
feature_4104,0.0038062001265184915,978
feature_2261,0.0038028768925345603,979
feature_4885,0.0037909106765829305,980
feature_2980,0.003785447685272437,981
feature_1064,0.0037790889534309383,982
feature_3136,0.0037752331818655463,983
feature_3354,0.0037603166541412564,984
feature_2589,0.003758009352314855,985
feature_0405,0.0037554810487069185,986
feature_3232,0.003745704386255446,987
feature_3217,0.0037403713421513382,988
feature_0847,0.0037398564416222997,989
feature_4585,0.003736169390738995,990
feature_3118,0.00373436626083766,991
feature_0679,0.0037230062222754633,992
feature_3794,0.003718206357441278,993
feature_0826,0.0037078993872728316,994
feature_3747,0.0036956399883271924,995
feature_3181,0.0036900456820617164,996
feature_2764,0.003683460240520352,997
feature_2606,0.0036828236370848497,998
feature_1603,0.003680969912791867,999
feature_1308,0.003677814338418583,1000
feature_4100,0.003677648182144748,1001
feature_0255,0.0036713934867591224,1002
feature_1192,0.00367124494047351,1003
feature_1930,0.0036631658654467324,1004
feature_0416,0.0036559491690870047,1005
feature_1012,0.0036544661320319274,1006
feature_4063,0.003653702149216775,1007
feature_3155,0.0036515641940783167,1008
feature_4696,0.0036468731145761013,1009
feature_4157,0.003643665177606709,1010
feature_0051,0.003618928683665568,1011
feature_2309,0.003615482741701257,1012
feature_0114,0.0036109222555976155,1013
feature_3474,0.003599130561560157,1014
feature_0889,0.0035969224479791666,1015
feature_2963,0.0035963425167493024,1016
feature_1574,0.003593547397723894,1017
feature_3831,0.0035916901871519405,1018
feature_1075,0.003591061337244863,1019
feature_0523,0.003583300686812943,1020
feature_4862,0.0035827727225315686,1021
feature_0081,0.0035822209015538625,1022
feature_2325,0.003576495022713813,1023
feature_2666,0.0035712527525709847,1024
feature_4019,0.003567789608643935,1025
feature_4473,0.0035633817972297375,1026
feature_1103,0.0035626541550192333,1027
feature_1850,0.0035596874387516715,1028
feature_3408,0.0035574612511244633,1029
feature_0794,0.0035559308448195664,1030
feature_1607,0.0035509805572837084,1031
feature_1443,0.0035506960960699292,1032
feature_0164,0.0035476442939508064,1033
feature_4328,0.0035403673986637383,1034
feature_0210,0.0035360084003201848,1035
feature_2140,0.003526571949531094,1036
feature_2060,0.0035259308383775497,1037
feature_2947,0.0035243197902816536,1038
feature_3400,0.003511954030269931,1039
feature_1771,0.0035087096687550917,1040
feature_3829,0.003505577903660667,1041
feature_4445,0.0034999833574763275,1042
feature_1427,0.003499253958673542,1043
feature_2442,0.0034911693369570943,1044
feature_2139,0.003488064906104272,1045
feature_1556,0.0034805300028703423,1046
feature_4389,0.003477395000090781,1047
feature_2116,0.0034660203951103396,1048
feature_0123,0.003456254838280347,1049
feature_3025,0.003447077615154281,1050
feature_3568,0.003442748453660589,1051
feature_2757,0.0034425267034842036,1052
feature_1989,0.003436191804362425,1053
feature_0728,0.0034357258346584896,1054
feature_2556,0.0034324830609272707,1055
feature_1139,0.0034070261087084945,1056
feature_0907,0.003400354528777961,1057
feature_2008,0.003399991140654478,1058
feature_4392,0.003390455683933696,1059
feature_1266,0.0033870844288287887,1060
feature_4085,0.003384728949541268,1061
feature_3445,0.0033817134470707864,1062
feature_0146,0.0033769075111880244,1063
feature_4070,0.0033732077548677885,1064
feature_3124,0.0033689871673713923,1065
feature_4641,0.003365643163192955,1066
feature_4750,0.0033609869256240607,1067
feature_3826,0.0033587572350161836,1068
feature_4907,0.0033578791084315548,1069
feature_1953,0.0033489622572186882,1070
feature_3663,0.0033406674396676502,1071
feature_2611,0.003339952732074685,1072
feature_1881,0.0033333243384179164,1073
feature_0279,0.003329513626319995,1074
feature_2756,0.0033209137905766666,1075
feature_1241,0.0033121558199267365,1076
feature_2946,0.0033088065612410043,1077
feature_0359,0.003295739781873321,1078
feature_3299,0.003291925220046905,1079
feature_2665,0.003283839101761721,1080
feature_1324,0.003281917258229091,1081
feature_0402,0.0032779197859754985,1082
feature_1963,0.0032763711922356026,1083
feature_1091,0.003274162608728357,1084
feature_0161,0.003273128412158108,1085
feature_1078,0.00327107282288694,1086
feature_4222,0.003269591074325904,1087
feature_1435,0.003259939107433436,1088
feature_4485,0.0032560611156661574,1089
feature_0189,0.003252233977896,1090
feature_0334,0.0032447161320709817,1091
feature_4374,0.003222072709744797,1092
feature_0340,0.0032118879713656503,1093
feature_2981,0.0032095643032047125,1094
feature_0491,0.0032089757188268698,1095
feature_0193,0.003204571675670276,1096
feature_4056,0.0032003112544589573,1097
feature_1083,0.003199540128881317,1098
feature_1792,0.003199012550981054,1099
feature_3051,0.0031981626646595375,1100
feature_4568,0.0031892408270728875,1101
feature_4786,0.0031881971187143377,1102
feature_4828,0.003180316065304768,1103
feature_2281,0.0031772822770386798,1104
feature_0029,0.0031693185585458345,1105
feature_3116,0.0031681514116113827,1106
feature_1401,0.0031662786707075544,1107
feature_4156,0.003165380244045929,1108
feature_1297,0.0031626648941498517,1109
feature_1545,0.003158882769798344,1110
feature_0669,0.003152509086776373,1111
feature_2965,0.0031495369061880192,1112
feature_2634,0.0031490203519184104,1113
feature_1290,0.0031487882066922566,1114
feature_0822,0.0031413984137919626,1115
feature_1410,0.003131199323766554,1116
feature_0984,0.003128700552953238,1117
feature_0992,0.0031195373827196146,1118
feature_2917,0.0031096584082380735,1119
feature_4219,0.0031032718977138814,1120
feature_3997,0.0030825451185468302,1121
feature_4720,0.003081451592180497,1122
feature_2129,0.003077757896834372,1123
feature_2107,0.0030635809835145773,1124
feature_1581,0.0030634377075158124,1125
feature_0871,0.0030611569674042767,1126
feature_3717,0.0030609402950219867,1127
feature_0452,0.003060751038262366,1128
feature_1163,0.003051810183645519,1129
feature_2366,0.0030514770174726977,1130
feature_3120,0.003045842263202931,1131
feature_3258,0.003035152662348392,1132
feature_3941,0.0030326551741342643,1133
feature_1548,0.0030241714508476465,1134
feature_3953,0.0030198526754735824,1135
feature_2956,0.003017538073679721,1136
feature_3600,0.003016105662153373,1137
feature_1710,0.0030090133258002362,1138
feature_2151,0.0030010554462245732,1139
feature_0829,0.002999417426193717,1140
feature_4322,0.0029988150401393803,1141
feature_2534,0.0029961338221372153,1142
feature_0464,0.0029865260754795833,1143
feature_1747,0.002984258139475355,1144
feature_0611,0.002980151351473258,1145
feature_0213,0.002978261042231815,1146
feature_2735,0.0029779002745781804,1147
feature_3010,0.0029771162613743654,1148
feature_0982,0.002975950198564775,1149
feature_2533,0.00297038791454401,1150
feature_0354,0.0029628213075797976,1151
feature_3065,0.0029602890012059993,1152
feature_1292,0.002958664961926089,1153
feature_2590,0.0029542430765951686,1154
feature_4086,0.002949644609770938,1155
feature_1785,0.002943319243481604,1156
feature_4643,0.0029401127265982286,1157
feature_2781,0.00293802420920118,1158
feature_2444,0.002934349821180331,1159
feature_1393,0.0029341822313615476,1160
feature_1798,0.002934134325897848,1161
feature_2704,0.0029104975330593442,1162
feature_0247,0.0028967082286088888,1163
feature_3582,0.0028940177556202205,1164
feature_3500,0.0028907876829115733,1165
feature_3176,0.002887984153080679,1166
feature_4587,0.0028782959710085725,1167
feature_2132,0.0028737145895972346,1168
feature_4422,0.0028728958857115456,1169
feature_1605,0.0028703134870404854,1170
feature_0125,0.00285883577464679,1171
feature_4897,0.002854817523248148,1172
feature_2969,0.0028507475370917134,1173
feature_1641,0.0028491635799777347,1174
feature_2142,0.0028470036654690764,1175
feature_1524,0.0028437734279227736,1176
feature_4413,0.0028386351877817033,1177
feature_0556,0.002831679283807367,1178
feature_4914,0.0028277719886193493,1179
feature_2409,0.00282247985932081,1180
feature_4417,0.0028190423838166637,1181
feature_0075,0.0028185717857901423,1182
feature_2955,0.0028163800270158104,1183
feature_1514,0.002811062841411592,1184
feature_4327,0.002808542689438471,1185
feature_2964,0.002807655149798433,1186
feature_1429,0.00280587314456063,1187
feature_1949,0.002804736957201996,1188
feature_2992,0.002800867153222612,1189
feature_4076,0.0027997056655233196,1190
feature_1157,0.002797269096919388,1191
feature_3959,0.002791063661140377,1192
feature_3707,0.002789737982954736,1193
feature_1153,0.0027798896239447316,1194
feature_0387,0.002775744036965466,1195
feature_0347,0.002768405691236752,1196
feature_0555,0.0027662127084187413,1197
feature_1939,0.002761421119254973,1198
feature_4102,0.0027551134556622076,1199
feature_3578,0.0027509865765578327,1200
feature_2972,0.002750165869017382,1201
feature_1434,0.002749932758856373,1202
feature_3397,0.002747691646443872,1203
feature_2531,0.0027320145372927086,1204
feature_4053,0.0027309766725788845,1205
feature_3491,0.0027309684175564676,1206
feature_1958,0.002728464476023336,1207
feature_1431,0.0027240120227485162,1208
feature_2734,0.00272112349543283,1209
feature_4411,0.002716410960094965,1210
feature_3703,0.002713973934278866,1211
feature_3275,0.0027116218384994986,1212
feature_0408,0.002708703300955865,1213
feature_2367,0.0027061432979602457,1214
feature_4106,0.002704503696036352,1215
feature_3670,0.002702911102523821,1216
feature_1366,0.002700488410867947,1217
feature_2941,0.002697002968951414,1218
feature_2679,0.002695086968396398,1219
feature_3187,0.0026931600148891884,1220
feature_3225,0.0026922583318198506,1221
feature_4563,0.0026899883708728463,1222
feature_3428,0.00268589018878159,1223
feature_4491,0.0026822244292400432,1224
feature_1354,0.002675247390048621,1225
feature_2977,0.002672331374532376,1226
feature_1749,0.002668745996620331,1227
feature_3827,0.002668140973504379,1228
feature_1381,0.002668013424580525,1229
feature_3327,0.0026668429549542875,1230
feature_3918,0.002661116404114128,1231
feature_0399,0.002655788802504769,1232
feature_2487,0.0026491543554862736,1233
feature_4112,0.002647486291319378,1234
feature_0879,0.002646634582798888,1235
feature_1755,0.0026414551159742875,1236
feature_2962,0.0026391336300920394,1237
feature_0638,0.00263799599739622,1238
feature_1940,0.0026368925030056094,1239
feature_4642,0.0026366530125399297,1240
feature_4680,0.0026363846594609007,1241
feature_0048,0.0026361565296882743,1242
feature_4253,0.002631408050951574,1243
feature_4572,0.0026309090146337632,1244
feature_2562,0.0026295330160467953,1245
feature_0363,0.002626619353513353,1246
feature_2520,0.0026260562821262814,1247
feature_3577,0.0026138920806982996,1248
feature_3297,0.0026064163402336193,1249
feature_3655,0.0026029319390786765,1250
feature_0103,0.0026014750514327546,1251
feature_3833,0.002599499596099897,1252
feature_0441,0.002592193207227672,1253
feature_3085,0.0025906030759709747,1254
feature_0832,0.0025844299248488447,1255
feature_4844,0.002577800727479973,1256
feature_3724,0.0025765589772487056,1257
feature_3324,0.002570995761050331,1258
feature_0233,0.0025648630960222888,1259
feature_0594,0.0025648115105121245,1260
feature_1513,0.0025636003129898286,1261
feature_4948,0.002557748451122426,1262
feature_2919,0.002553269795688227,1263
feature_3654,0.0025500232528014376,1264
feature_1745,0.002546293637689677,1265
feature_0741,0.0025456144208854574,1266
feature_1335,0.0025444866700809017,1267
feature_4209,0.002537934386513435,1268
feature_1451,0.0025361435372956947,1269
feature_1076,0.002535969288684433,1270
feature_0006,0.0025357990704533272,1271
feature_4335,0.0025326226561223253,1272
feature_1282,0.0025324495463507663,1273
feature_4221,0.0025314922526740663,1274
feature_0369,0.002527252859562473,1275
feature_2851,0.002526159952804766,1276
feature_2667,0.002522368301578606,1277
feature_0206,0.002513832111363109,1278
feature_3298,0.002506761925197722,1279
feature_2793,0.002498081751961035,1280
feature_0062,0.002497449682768731,1281
feature_0132,0.0024967667204751367,1282
feature_4953,0.0024889874775834153,1283
feature_2754,0.00248810458038595,1284
feature_0476,0.002487166227700579,1285
feature_0135,0.0024831308673326693,1286
feature_2612,0.002482319120479049,1287
feature_3269,0.0024797903843073086,1288
feature_2771,0.0024782624816445244,1289
feature_3998,0.0024755520637079645,1290
feature_4097,0.002465118675669888,1291
feature_0442,0.0024638719430152387,1292
feature_4059,0.0024637280348501767,1293
feature_0493,0.0024616860373341703,1294
feature_1174,0.0024614084203594447,1295
feature_3898,0.002457971685321746,1296
feature_4080,0.0024543169262090155,1297
feature_0415,0.002453624910737995,1298
feature_1287,0.002448438323452306,1299
feature_0271,0.0024469979003876683,1300
feature_4020,0.002446092850010333,1301
feature_1506,0.0024460185671550862,1302
feature_2329,0.002443244746999577,1303
feature_2868,0.0024407202194485175,1304
feature_2656,0.00243968275822204,1305
feature_0478,0.0024395889305472117,1306
feature_1414,0.0024364261050567122,1307
feature_4711,0.0024359155220153657,1308
feature_3006,0.0024350662229514265,1309
feature_3996,0.0024341595412833857,1310
feature_4241,0.0024327909724696332,1311
feature_2217,0.0024312987629040526,1312
feature_4586,0.0024299257851583696,1313
feature_3813,0.002428248721183782,1314
feature_1421,0.002425155871683186,1315
feature_3716,0.002424291685812775,1316
feature_1582,0.0024229468272829045,1317
feature_3508,0.002422286927457694,1318
feature_2327,0.002420963303268834,1319
feature_2711,0.0024203589266116646,1320
feature_1844,0.0024187487915360503,1321
feature_1738,0.0024186477304290657,1322
feature_0519,0.0024152169154345745,1323
feature_1642,0.002412073975207669,1324
feature_2657,0.002408786334421337,1325
feature_3828,0.002408330759321014,1326
feature_1179,0.0024074729151233195,1327
feature_1180,0.0024046328069195783,1328
feature_4060,0.002403233195096691,1329
feature_2636,0.0024009343611056254,1330
feature_4785,0.002399304235830929,1331
feature_3303,0.002398595422146169,1332
feature_1449,0.002398529158822708,1333
feature_3938,0.0023962447661400738,1334
feature_3137,0.002390066448663001,1335
feature_2895,0.0023850093119250813,1336
feature_4545,0.0023834118998058117,1337
feature_3421,0.0023806370986930803,1338
feature_3092,0.0023801898059747965,1339
feature_2736,0.002379774338021509,1340
feature_3876,0.002376187354618745,1341
feature_2749,0.0023754806961303237,1342
feature_0356,0.0023745999912328803,1343
feature_2723,0.0023739093526577246,1344
feature_2690,0.002371916032090538,1345
feature_0837,0.0023709753050119714,1346
feature_2214,0.002369962692097141,1347
feature_4101,0.002369438180795091,1348
feature_1067,0.0023669502301006695,1349
feature_1976,0.0023667918472093,1350
feature_1883,0.0023610444897174208,1351
feature_1640,0.0023579927219385313,1352
feature_2604,0.0023571669518164234,1353
feature_0232,0.0023557351672579717,1354
feature_2731,0.002352735340159362,1355
feature_1071,0.0023525353463158985,1356
feature_3274,0.002350008625476095,1357
feature_0222,0.002347603850796755,1358
feature_3493,0.002347387510854231,1359
feature_3715,0.002344738000575121,1360
feature_2396,0.002344315382356784,1361
feature_2200,0.002343577253150195,1362
feature_4376,0.0023386966158700294,1363
feature_2953,0.0023370851020566934,1364
feature_3401,0.0023276192894272785,1365
feature_1928,0.002326612926264858,1366
feature_2879,0.002326019862887766,1367
feature_3109,0.0023254783631370983,1368
feature_1587,0.002323969010091192,1369
feature_4436,0.002319085734951184,1370
feature_3242,0.002318616066963373,1371
feature_3512,0.002318498388302858,1372
feature_0496,0.0023109173411938006,1373
feature_3496,0.0023087678839847255,1374
feature_0053,0.0023085991690845,1375
feature_4561,0.0023070107615645145,1376
feature_4416,0.0023054418779882772,1377
feature_2072,0.002298840211455014,1378
feature_0358,0.0022915069581691525,1379
feature_4372,0.002288255170260448,1380
feature_2542,0.002286472518317442,1381
feature_0450,0.00228460743862274,1382
feature_2618,0.0022788324703155944,1383
feature_3611,0.002276885919993605,1384
feature_4507,0.0022738650590066883,1385
feature_0039,0.0022734969120252377,1386
feature_0905,0.0022731822080857295,1387
feature_3809,0.0022657240607156424,1388
feature_3306,0.0022638089884106107,1389
feature_1916,0.0022607744911231726,1390
feature_1307,0.002260127183121241,1391
feature_2319,0.0022583166639635333,1392
feature_4738,0.0022536360263595177,1393
feature_4405,0.0022420409131749986,1394
feature_2025,0.002241584635055518,1395
feature_1915,0.002240643380872159,1396
feature_2400,0.0022351619102080906,1397
feature_3720,0.002235034044608969,1398
feature_2229,0.002235025839933037,1399
feature_3991,0.0022347337148212465,1400
feature_0758,0.002225000158457032,1401
feature_1173,0.002223653850921557,1402
feature_2328,0.0022219713140432347,1403
feature_4201,0.0022204500052365062,1404
feature_3645,0.0022193157806679434,1405
feature_2601,0.002216806551099255,1406
feature_0409,0.0022159197690109346,1407
feature_2016,0.0022106054115738436,1408
feature_1448,0.0022085463589109912,1409
feature_2310,0.0022083023367792474,1410
feature_4474,0.0022054799146319338,1411
feature_3328,0.002205213328205933,1412
feature_1621,0.0022034116808133633,1413
feature_2315,0.002200990432258809,1414
feature_4919,0.0022000633919975923,1415
feature_4808,0.0021999150238356463,1416
feature_4288,0.0021990780149988053,1417
feature_2936,0.002197152597455806,1418
feature_4435,0.002188493678492202,1419
feature_4739,0.0021879965822774756,1420
feature_4282,0.002186575335350206,1421
feature_4737,0.0021844156011668783,1422
feature_1201,0.0021822414903965763,1423
feature_4057,0.0021813804675537844,1424
feature_4977,0.0021794899698108195,1425
feature_1084,0.0021770921355606823,1426
feature_0184,0.0021766250523945134,1427
feature_0886,0.002173925845866332,1428
feature_0435,0.0021705617858388507,1429
feature_2525,0.0021642614018421154,1430
feature_4662,0.002161841749995407,1431
feature_1572,0.0021603988340982436,1432
feature_1776,0.0021600986806225527,1433
feature_4382,0.0021595008972085,1434
feature_4757,0.0021594933839562186,1435
feature_1483,0.0021577180852926908,1436
feature_2724,0.002157237843169015,1437
feature_1873,0.002155213644993143,1438
feature_4385,0.0021531904132025847,1439
feature_1936,0.002152187556456133,1440
feature_4415,0.0021516843727174555,1441
feature_3919,0.0021510786723932395,1442
feature_1932,0.0021478828880884316,1443
feature_3481,0.0021469172688969467,1444
feature_1754,0.002146416006560035,1445
feature_4790,0.0021427244478473646,1446
feature_0353,0.0021413421748910813,1447
feature_0972,0.0021410725909901903,1448
feature_1645,0.0021398856080853887,1449
feature_1806,0.0021389298050946194,1450
feature_2334,0.002134364758466181,1451
feature_2165,0.0021341276617303246,1452
feature_0920,0.0021339225278474054,1453
feature_1433,0.0021334468727950214,1454
feature_4827,0.0021334044476829005,1455
feature_1149,0.0021316365681722754,1456
feature_4390,0.0021277229594616506,1457
feature_0497,0.002127048822698128,1458
feature_3535,0.002125792011212397,1459
feature_3494,0.002124573962889524,1460
feature_1938,0.0021243744736842386,1461
feature_3925,0.0021238509244415785,1462
feature_4684,0.0021227640956053883,1463
feature_0883,0.0021207518208694056,1464
feature_4396,0.002119828519357384,1465
feature_4308,0.002117242752949312,1466
feature_4877,0.0021162664635864014,1467
feature_3761,0.0021113421622947198,1468
feature_4169,0.0021112102546485736,1469
feature_4513,0.002107880100782257,1470
feature_4745,0.0021056002564084886,1471
feature_4384,0.002103456725968288,1472
feature_1117,0.00209699083890682,1473
feature_2924,0.002096469479417151,1474
feature_0489,0.002087217260751885,1475
feature_3203,0.0020871322390964976,1476
feature_4994,0.0020854360684718913,1477
feature_1769,0.0020840742121417725,1478
feature_4664,0.0020835455069264366,1479
feature_1753,0.002082008761308162,1480
feature_2893,0.0020750285457644207,1481
feature_0921,0.002066089674483472,1482
feature_4583,0.002063907076963099,1483
feature_1846,0.0020624125981814176,1484
feature_3927,0.002055672293551547,1485
feature_2056,0.002045486434689733,1486
feature_2197,0.002044554947509619,1487
feature_2205,0.002040207009870901,1488
feature_3838,0.0020401600501689992,1489
feature_4915,0.002038665778850473,1490
feature_0776,0.002034553615710442,1491
feature_2204,0.0020313956397359756,1492
feature_2086,0.0020293440000906564,1493
feature_1142,0.002028766971876482,1494
feature_1068,0.0020284714003827344,1495
feature_2381,0.002027692018013472,1496
feature_3887,0.00202767463275228,1497
feature_3711,0.0020258018741439276,1498
feature_0974,0.0020239265961474718,1499
feature_0714,0.0020220572542000922,1500
feature_4292,0.00202098337718777,1501
feature_3812,0.0020199466755903444,1502
feature_0195,0.0020169666418029674,1503
feature_2242,0.0020163979075056592,1504
feature_0610,0.002013959887656695,1505
feature_1189,0.002011968436945283,1506
feature_3680,0.002010799649272872,1507
feature_3613,0.002007732047615074,1508
feature_3722,0.002007069558787645,1509
feature_0262,0.0020049965150804407,1510
feature_4950,0.0020021267649243373,1511
feature_3123,0.001998475868034199,1512
feature_2571,0.0019976339019350904,1513
feature_0882,0.001996189098453356,1514
feature_2138,0.0019960213285262563,1515
feature_4154,0.001995713750829172,1516
feature_2383,0.0019944538466836422,1517
feature_1301,0.0019934280195590174,1518
feature_0563,0.001990649490692146,1519
feature_0925,0.001983506301365737,1520
feature_4353,0.0019770631893995206,1521
feature_2675,0.001976596785389085,1522
feature_3463,0.0019757905334383406,1523
feature_0764,0.00197499035375341,1524
feature_2483,0.0019738216987029633,1525
feature_1148,0.0019728104003020625,1526
feature_0282,0.001971366017184341,1527
feature_4923,0.0019683106390384216,1528
feature_2104,0.001966269081910122,1529
feature_1288,0.0019661941333298815,1530
feature_1837,0.001964200351029904,1531
feature_4398,0.0019634201609575034,1532
feature_1430,0.0019627024593331195,1533
feature_2314,0.001957073675914602,1534
feature_1742,0.001955203088309223,1535
feature_4207,0.001954602653785137,1536
feature_4788,0.0019503556949223852,1537
feature_4218,0.0019498887153254101,1538
feature_3702,0.0019497263467482542,1539
feature_2490,0.0019486233170154176,1540
feature_2374,0.0019479570188401913,1541
feature_4011,0.0019437008180767804,1542
feature_0616,0.0019380869033160802,1543
feature_3949,0.0019365809150606777,1544
feature_0446,0.0019361052636118136,1545
feature_4105,0.0019345303906011127,1546
feature_1568,0.0019340887370288022,1547
feature_4622,0.0019326397376647191,1548
feature_1662,0.0019307448491785201,1549
feature_4393,0.0019305832171885749,1550
feature_1950,0.001929584872250377,1551
feature_0052,0.0019291810634452474,1552
feature_0337,0.00192866266388946,1553
feature_1601,0.0019269654637582893,1554
feature_4352,0.0019098886228861955,1555
feature_1665,0.0019076111859618594,1556
feature_2108,0.001907003905834334,1557
feature_1400,0.0019056082557686327,1558
feature_4040,0.0019045310060702523,1559
feature_1127,0.001904187976579395,1560
feature_4853,0.0019012295064880262,1561
feature_4248,0.001900930178652501,1562
feature_1933,0.0018998140334783415,1563
feature_4378,0.0018972886173641138,1564
feature_0795,0.001897063910262983,1565
feature_2549,0.001893184320964835,1566
feature_1646,0.0018930190678246009,1567
feature_3113,0.0018902807032110556,1568
feature_2452,0.0018890964360532276,1569
feature_1469,0.0018871547156297346,1570
feature_4380,0.0018857888527492297,1571
feature_4704,0.0018790871540636967,1572
feature_4628,0.0018760862385086687,1573
feature_0958,0.001875923071191771,1574
feature_0360,0.001874694608304499,1575
feature_4303,0.00187110295701833,1576
feature_2303,0.001870829205767064,1577
feature_1974,0.0018693422233486455,1578
feature_2904,0.0018690866348032016,1579
feature_4618,0.0018683234566133093,1580
feature_3873,0.0018678214491947395,1581
feature_0091,0.0018677533250696435,1582
feature_4078,0.0018661674850152926,1583
feature_1125,0.001865847079026866,1584
feature_4774,0.001865599840022667,1585
feature_2989,0.0018651408677982189,1586
feature_3151,0.0018642249018700886,1587
feature_2106,0.0018632329931670382,1588
feature_0954,0.001861308525514904,1589
feature_4077,0.001860216707597805,1590
feature_4879,0.0018602024743442284,1591
feature_1365,0.0018586639620150345,1592
feature_3505,0.001856051282670486,1593
feature_0128,0.0018545686629048927,1594
feature_3623,0.0018503906194148976,1595
feature_1931,0.0018501611526330966,1596
feature_3381,0.001849469496165106,1597
feature_2744,0.0018462658289268984,1598
feature_1922,0.0018437688209161545,1599
feature_3799,0.0018435570742542282,1600
feature_3249,0.0018429790356284726,1601
feature_2340,0.001840787180307175,1602
feature_4574,0.0018394013427161585,1603
feature_4488,0.0018374100515067414,1604
feature_0887,0.0018370430406263675,1605
feature_3398,0.0018369363686247695,1606
feature_3319,0.001833816046212036,1607
feature_1566,0.001831948117809023,1608
feature_3122,0.0018304800110179687,1609
feature_3713,0.0018289068758732116,1610
feature_3883,0.001825320244952487,1611
feature_4860,0.0018198377369972201,1612
feature_4724,0.0018192719293551062,1613
feature_1128,0.0018180771804844746,1614
feature_0898,0.0018180645393281172,1615
feature_3718,0.0018179615156950569,1616
feature_1165,0.0018179108506441097,1617
feature_3555,0.0018179002041386263,1618
feature_2950,0.0018139414115662105,1619
feature_2960,0.00181199150037183,1620
feature_2472,0.0018107471562296494,1621
feature_2121,0.0018106753735067723,1622
feature_0880,0.0018087431201413795,1623
feature_2449,0.001808707761480347,1624
feature_3134,0.0018080515875956292,1625
feature_0913,0.0018064038874224823,1626
feature_4640,0.0018054697908781972,1627
feature_0152,0.0017941645172176424,1628
feature_0647,0.001793635382484915,1629
feature_0444,0.001791425066115471,1630
feature_4418,0.0017911480784788022,1631
feature_1675,0.0017821511992191404,1632
feature_1995,0.0017821366561448335,1633
feature_1907,0.0017815692855306902,1634
feature_0130,0.0017814709593820617,1635
feature_0264,0.0017804339197825742,1636
feature_0998,0.0017797495883311247,1637
feature_0485,0.0017757222848146783,1638
feature_4410,0.00177325830756877,1639
feature_1996,0.0017697436279547887,1640
feature_0773,0.0017609168138486336,1641
feature_4992,0.0017594720268967203,1642
feature_3352,0.00175760234242039,1643
feature_1263,0.0017564044961228418,1644
feature_0590,0.001755781703935561,1645
feature_4058,0.0017514453145598137,1646
feature_0835,0.0017506545538411406,1647
feature_1436,0.0017502525570448912,1648
feature_0388,0.0017462323477902353,1649
feature_1762,0.0017455942717553457,1650
feature_2435,0.0017440397850424724,1651
feature_3285,0.0017438070917040495,1652
feature_3458,0.001743073454973521,1653
feature_2557,0.0017428988891801376,1654
feature_0000,0.0017386761165732053,1655
feature_3063,0.00173645368498772,1656
feature_2648,0.0017353939824076728,1657
feature_0339,0.001732594389281549,1658
feature_0820,0.0017301390982685705,1659
feature_4462,0.0017298738251667744,1660
feature_0443,0.0017271571705703836,1661
feature_2031,0.001726229374102909,1662
feature_3304,0.001722087827704626,1663
feature_2948,0.001718323584452534,1664
feature_2341,0.0017167448944344981,1665
feature_0426,0.0017164475333967168,1666
feature_4926,0.001716109898393667,1667
feature_0915,0.0017145913690043897,1668
feature_0546,0.0017116910905665928,1669
feature_1124,0.001710963749186815,1670
feature_2802,0.0017100549978458373,1671
feature_3117,0.001707556205223844,1672
feature_0180,0.0017063243686168063,1673
feature_2949,0.001704036644792489,1674
feature_1135,0.001703182558399934,1675
feature_1240,0.0017004563503812838,1676
feature_3226,0.0016998918614415236,1677
feature_4401,0.0016949237686956853,1678
feature_0789,0.0016938662685312717,1679
feature_0687,0.0016929044757439697,1680
feature_3196,0.0016872496556832326,1681
feature_1781,0.0016871983913459762,1682
feature_2145,0.0016838580822074217,1683
feature_4762,0.0016824948915528614,1684
feature_2196,0.0016768204966934363,1685
feature_1741,0.0016755692811094682,1686
feature_0976,0.0016745018389019025,1687
feature_3475,0.0016717353345562552,1688
feature_4754,0.0016715193196754916,1689
feature_0869,0.0016709080055213447,1690
feature_0430,0.0016687421918126623,1691
feature_1334,0.0016683340514588815,1692
feature_4211,0.0016673739038075138,1693
feature_2295,0.0016645707349674651,1694
feature_4589,0.0016596472087215652,1695
feature_4683,0.0016583760687061643,1696
feature_4714,0.0016579673157390631,1697
feature_4125,0.0016579268629026576,1698
feature_1877,0.0016557035224159919,1699
feature_4087,0.0016555318111293323,1700
feature_1001,0.0016550198274017252,1701
feature_1917,0.001654402675079877,1702
feature_1531,0.0016532062164189255,1703
feature_3270,0.0016518316346275398,1704
feature_1970,0.001649274738314726,1705
feature_4921,0.0016491261531602344,1706
feature_2033,0.0016487305598007246,1707
feature_2149,0.0016449862706644845,1708
feature_0704,0.0016399380831698303,1709
feature_2501,0.0016371486509653688,1710
feature_4848,0.0016368166971242873,1711
feature_2041,0.0016354742780308202,1712
feature_4203,0.0016325065603174193,1713
feature_4506,0.0016317407131133308,1714
feature_1897,0.0016315015154209295,1715
feature_1164,0.0016304028879310897,1716
feature_2788,0.0016283100883776398,1717
feature_0513,0.001623235917030044,1718
feature_1956,0.0016222018707049168,1719
feature_0126,0.0016219372182593422,1720
feature_2026,0.0016211006912032304,1721
feature_0109,0.001619050698312572,1722
feature_4281,0.0016166456661740464,1723
feature_3791,0.0016159627975195407,1724
feature_0433,0.0016156273701217014,1725
feature_0867,0.001615319694731818,1726
feature_4127,0.0016142155758714731,1727
feature_1589,0.0016128549544100264,1728
feature_3112,0.0016093087469858881,1729
feature_1561,0.001606686877800512,1730
feature_2803,0.0016044976232855994,1731
feature_3967,0.0016035073052836463,1732
feature_2331,0.0016026929889717714,1733
feature_0788,0.00159904945392074,1734
feature_1712,0.0015987332020730466,1735
feature_4601,0.0015970344985094048,1736
feature_2644,0.0015967039442906224,1737
feature_0002,0.0015962254093793411,1738
feature_2050,0.001591347260324336,1739
feature_0780,0.0015896671621913887,1740
feature_4705,0.0015884579437240732,1741
feature_3612,0.0015835394965052804,1742
feature_2044,0.0015834189502739917,1743
feature_0549,0.001583194268554373,1744
feature_1508,0.0015818717739767172,1745
feature_4038,0.001581612121017376,1746
feature_4179,0.0015796509477773234,1747
feature_2462,0.0015767202376514226,1748
feature_4299,0.0015757777921424888,1749
feature_0536,0.0015757444698384347,1750
feature_1942,0.0015748778727331045,1751
feature_1869,0.001574439430426828,1752
feature_4452,0.0015717386939740426,1753
feature_2404,0.001570440482850212,1754
feature_4283,0.001570028544792851,1755
feature_2901,0.0015692655814500082,1756
feature_4279,0.001568820891303856,1757
feature_2944,0.0015670875873682738,1758
feature_0814,0.001566792100758477,1759
feature_4523,0.0015655459133133382,1760
feature_4959,0.001565307324445877,1761
feature_2532,0.0015633340017140909,1762
feature_2346,0.0015602958899604037,1763
feature_2663,0.001559692048427923,1764
feature_1927,0.001557975317780352,1765
feature_3126,0.0015572518023190057,1766
feature_4504,0.0015517920921846108,1767
feature_0825,0.0015489581911689065,1768
feature_4122,0.0015488449142070258,1769
feature_2260,0.001547933455667757,1770
feature_2408,0.0015444720438565402,1771
feature_2438,0.0015441053626316316,1772
feature_3127,0.0015439358839734322,1773
feature_4809,0.0015438803458288494,1774
feature_4526,0.0015435027867007787,1775
feature_2967,0.001543317662740255,1776
feature_4000,0.001541008683916495,1777
feature_3315,0.0015404043746054148,1778
feature_2312,0.0015400910669270721,1779
feature_4135,0.0015399709476817834,1780
feature_4113,0.0015388119319685598,1781
feature_4503,0.0015347591842490584,1782
feature_3434,0.0015316680224163272,1783
feature_4181,0.001529399154302547,1784
feature_2482,0.0015289963551345632,1785
feature_2863,0.001526091216423159,1786
feature_2191,0.0015241466045658428,1787
feature_0350,0.0015229202177978911,1788
feature_2661,0.001521949818191295,1789
feature_1966,0.001520782852134701,1790
feature_1383,0.001520257126615668,1791
feature_0908,0.0015194345447332057,1792
feature_4123,0.0015182203480623613,1793
feature_3682,0.0015166302217943738,1794
feature_3956,0.0015164434917982114,1795
feature_0140,0.0015154804403769537,1796
feature_3762,0.0015124981116290425,1797
feature_4935,0.0015118770839918627,1798
feature_3115,0.001511676054872879,1799
feature_0451,0.0015072929673596975,1800
feature_0607,0.0015033752567267197,1801
feature_1831,0.0015031610260453322,1802
feature_2831,0.0015031470205241826,1803
feature_3784,0.0015013977241496892,1804
feature_0230,0.0015012917256110626,1805
feature_3732,0.0015008489026996751,1806
feature_1285,0.001500769411002727,1807
feature_2559,0.0015007576049240958,1808
feature_1111,0.0014989132399598152,1809
feature_4025,0.0014986291138590268,1810
feature_4391,0.001492416453616508,1811
feature_0973,0.0014922357646305283,1812
feature_4043,0.0014921215756583152,1813
feature_2264,0.0014911716036390408,1814
feature_3191,0.0014907150601702248,1815
feature_4906,0.001489200108959203,1816
feature_2338,0.0014869274440521747,1817
feature_1737,0.0014853645039271755,1818
feature_1973,0.0014849410496644891,1819
feature_1420,0.0014835764765085099,1820
feature_1677,0.0014829105728816395,1821
feature_1838,0.0014825829558180676,1822
feature_2135,0.0014793967718603354,1823
feature_2405,0.0014782804580160123,1824
feature_0063,0.0014774164356312514,1825
feature_2799,0.0014759637340305343,1826
feature_0504,0.0014740929333187816,1827
feature_2262,0.0014722480134160953,1828
feature_4882,0.0014719510448122836,1829
feature_3409,0.0014703138265654298,1830
feature_2465,0.0014694088150357099,1831
feature_1611,0.0014690304538398963,1832
feature_1828,0.0014678116326099402,1833
feature_1804,0.001466428890451975,1834
feature_0769,0.0014656596719251425,1835
feature_3384,0.0014648161539577093,1836
feature_1779,0.001463056835070826,1837
feature_2296,0.0014628290851692299,1838
feature_0277,0.0014622611705551035,1839
feature_4275,0.0014617482670455698,1840
feature_2681,0.0014610744839104743,1841
feature_1275,0.001459456212551928,1842
feature_2613,0.0014571555486009877,1843
feature_2845,0.0014569804525338622,1844
feature_2481,0.001456788009274048,1845
feature_4005,0.0014560786652248478,1846
feature_3194,0.0014527564361256874,1847
feature_3856,0.00145248334127135,1848
feature_0737,0.0014521318125539117,1849
feature_0708,0.0014493433580032432,1850
feature_4725,0.0014485854725897768,1851
feature_4153,0.0014484102627391902,1852
feature_3209,0.0014476728954476198,1853
feature_4552,0.0014454798118302878,1854
feature_3349,0.0014453401420045872,1855
feature_3429,0.0014436416769485882,1856
feature_2299,0.0014423919825168597,1857
feature_1800,0.0014420071329861001,1858
feature_4578,0.0014413264860298873,1859
feature_4107,0.0014399590856513343,1860
feature_2581,0.00143963810157254,1861
feature_1893,0.0014392034928717699,1862
feature_0361,0.0014381186072646831,1863
feature_0900,0.0014379244392746092,1864
feature_3487,0.0014373323899167232,1865
feature_1882,0.0014363707032875124,1866
feature_1209,0.001436283288254896,1867
feature_2798,0.00143433275378253,1868
feature_4733,0.0014340712610639327,1869
feature_4208,0.0014337703796526147,1870
feature_2210,0.0014333081417161522,1871
feature_2588,0.0014331447051554556,1872
feature_4183,0.0014328268710846164,1873
feature_1296,0.001430814665356706,1874
feature_4302,0.0014291706118364003,1875
feature_0151,0.0014289339235396062,1876
feature_4173,0.0014268747040808746,1877
feature_1311,0.001426746567209929,1878
feature_1518,0.001426435328362913,1879
feature_2263,0.0014262176685132758,1880
feature_1760,0.001425961378075446,1881
feature_4126,0.0014253279548921394,1882
feature_3892,0.0014204839631103345,1883
feature_3093,0.0014204651664827274,1884
feature_1133,0.0014200714849756818,1885
feature_0005,0.0014197440507359414,1886
feature_2658,0.001414656934489573,1887
feature_1855,0.0014138798293096507,1888
feature_0159,0.0014137632222706285,1889
feature_1912,0.0014131048189102307,1890
feature_0061,0.0014120748339830598,1891
feature_0535,0.0014119875132278944,1892
feature_1900,0.0014117692191800966,1893
feature_2333,0.0014091751534518974,1894
feature_0681,0.0014087392169643501,1895
feature_0870,0.0014078755579427656,1896
feature_2586,0.001406316885725011,1897
feature_1803,0.00140427896957496,1898
feature_1242,0.0014037310903935686,1899
feature_0827,0.0014027691217456326,1900
feature_4083,0.0014026409063785797,1901
feature_4172,0.0014001447889560074,1902
feature_2968,0.0013993903012802767,1903
feature_3714,0.001398002160672755,1904
feature_0447,0.0013978681580153623,1905
feature_0721,0.0013975334239421148,1906
feature_3300,0.0013964440799888191,1907
feature_4188,0.0013959434955554595,1908
feature_3090,0.0013942806738145607,1909
feature_3652,0.0013936399658524834,1910
feature_2386,0.0013882616611567515,1911
feature_4082,0.0013874957719161938,1912
feature_4098,0.0013839393507592457,1913
feature_3662,0.0013823447710315752,1914
feature_3257,0.0013816126401854807,1915
feature_4817,0.0013799714187879089,1916
feature_3958,0.0013787372585963866,1917
feature_2899,0.0013786612657881257,1918
feature_1759,0.001378029774523727,1919
feature_2881,0.0013779554440073874,1920
feature_0325,0.0013770589620548006,1921
feature_1375,0.00137289644190036,1922
feature_2593,0.0013724661988217626,1923
feature_0209,0.0013712598255288379,1924
feature_0248,0.001370572252687833,1925
feature_1161,0.0013700956776105597,1926
feature_1964,0.0013700712732066774,1927
feature_1748,0.00136829685904072,1928
feature_3559,0.0013677117196277003,1929
feature_2922,0.0013668784661668083,1930
feature_0717,0.001366085556098083,1931
feature_0858,0.001363905110426923,1932
feature_4825,0.0013612467045958177,1933
feature_2906,0.001361025325044523,1934
feature_3289,0.001359435898164132,1935
feature_1815,0.0013557187842047286,1936
feature_3960,0.0013550694758193314,1937
feature_2794,0.0013548346469572526,1938
feature_4387,0.0013535297847334206,1939
feature_1967,0.0013533910886692959,1940
feature_1046,0.001350192142192693,1941
feature_3748,0.0013499181073366596,1942
feature_1924,0.0013485289755886677,1943
feature_3533,0.0013473018194316943,1944
feature_4344,0.0013469021139012717,1945
feature_3305,0.0013455547434321063,1946
feature_3912,0.0013446622891805666,1947
feature_4131,0.001343374896179618,1948
feature_2460,0.0013428793857375577,1949
feature_0682,0.0013412321780015477,1950
feature_2541,0.001338251810116468,1951
feature_0224,0.0013366121384648427,1952
feature_1293,0.0013352490083804011,1953
feature_0544,0.0013351572166153557,1954
feature_1048,0.001334887120732784,1955
feature_2485,0.0013347556554993635,1956
feature_4584,0.0013345778685492382,1957
feature_2225,0.0013344857566711284,1958
feature_4226,0.001333251667713293,1959
feature_2951,0.001332370936651518,1960
feature_4092,0.0013287567912092426,1961
feature_0312,0.0013252276666555123,1962
feature_0223,0.0013236702794034857,1963
feature_0045,0.0013235431938352876,1964
feature_2662,0.0013232117968001202,1965
feature_1346,0.0013208095295237688,1966
feature_1784,0.001318473919103762,1967
feature_1985,0.0013181851107422296,1968
feature_3043,0.0013150443032473034,1969
feature_4124,0.0013146364341193168,1970
feature_1325,0.0013134408453091748,1971
feature_3885,0.0013131558381698173,1972
feature_3910,0.001313113558299256,1973
feature_0066,0.0013111972400057861,1974
feature_0157,0.0013110164999577305,1975
feature_0134,0.0013110164417367036,1976
feature_2789,0.001310016434505677,1977
feature_3973,0.0013095929217053143,1978
feature_4152,0.0013094411785906372,1979
feature_0419,0.001307838284208294,1980
feature_3119,0.0013035114024259385,1981
feature_1428,0.0013029848237746957,1982
feature_1619,0.001300193552727505,1983
feature_1805,0.0012983169176755127,1984
feature_4847,0.001296182291618466,1985
feature_0762,0.001295613342034714,1986
feature_4423,0.0012948371765381633,1987
feature_3635,0.0012941832876349696,1988
feature_2526,0.001293465188876015,1989
feature_3896,0.0012931253642024542,1990
feature_2716,0.0012930638297460634,1991
feature_3023,0.0012920791765285774,1992
feature_3539,0.001291864297036797,1993
feature_1957,0.0012901059456786174,1994
feature_0420,0.0012896674415385561,1995
feature_4251,0.0012894013340553217,1996
feature_4212,0.00128934430456971,1997
feature_4842,0.001289334134330758,1998
feature_0648,0.0012869671508141027,1999
feature_2743,0.0012850760416821191,2000
feature_0988,0.001284782682364969,2001
feature_0775,0.0012832733756575699,2002
feature_4910,0.0012823798409280554,2003
feature_2294,0.0012823547929723613,2004
feature_4114,0.0012821528368316681,2005
feature_2801,0.0012812795149705176,2006
feature_1077,0.0012802251886019768,2007
feature_2865,0.0012800241901122248,2008
feature_1699,0.0012792569922084978,2009
feature_4386,0.0012784709704087964,2010
feature_0201,0.001276486281573665,2011
feature_1415,0.0012748201610218697,2012
feature_3653,0.0012744556849372138,2013
feature_1303,0.0012741858532316049,2014
feature_0716,0.001273606870047617,2015
feature_4027,0.0012727761574452177,2016
feature_1868,0.0012723062707787796,2017
feature_4723,0.0012702327749632531,2018
feature_4237,0.001269294523066454,2019
feature_0064,0.001268346855081218,2020
feature_3276,0.0012676898549979583,2021
feature_3366,0.0012660606771933444,2022
feature_4573,0.0012655077393548125,2023
feature_4348,0.0012643921677578155,2024
feature_0397,0.0012633359767700797,2025
feature_4927,0.0012608417042900538,2026
feature_4268,0.0012553430013061766,2027
feature_4712,0.0012492033851971146,2028
feature_3924,0.0012488198394917907,2029
feature_1554,0.0012483953600806751,2030
feature_4072,0.0012482487961705134,2031
feature_0511,0.0012482071637373844,2032
feature_3839,0.0012475586945736071,2033
feature_2567,0.0012473143718151093,2034
feature_1687,0.001246054447560178,2035
feature_0163,0.0012436658988558293,2036
feature_0311,0.001242369870609215,2037
feature_1851,0.0012417327432092758,2038
feature_1555,0.0012406027188647847,2039
feature_0494,0.0012387162602666066,2040
feature_3460,0.0012377655915296922,2041
feature_3802,0.0012376375666447947,2042
feature_3079,0.0012369672308018768,2043
feature_0637,0.0012368468714277808,2044
feature_0204,0.0012365459051963184,2045
feature_4399,0.0012363600452759214,2046
feature_3882,0.001236075569233222,2047
feature_1590,0.0012350385052794122,2048
feature_2519,0.0012343051346853384,2049
feature_1224,0.001230052576665517,2050
feature_2760,0.0012292371456495848,2051
feature_1694,0.0012291469265895618,2052
feature_3405,0.001228454255433656,2053
feature_2646,0.0012282645937559916,2054
feature_4873,0.0012280251938532672,2055
feature_2860,0.0012279661730061919,2056
feature_0304,0.001225875882591464,2057
feature_3255,0.0012249363487038343,2058
feature_1746,0.001223949571625196,2059
feature_1238,0.001221976956052439,2060
feature_4337,0.0012210946043262477,2061
feature_4497,0.001220645249396974,2062
feature_3211,0.001219438094535336,2063
feature_4130,0.0012168446412768614,2064
feature_1160,0.001216750002566848,2065
feature_3436,0.0012165797947199884,2066
feature_1251,0.0012162385869460958,2067
feature_0261,0.0012154989199152564,2068
feature_1136,0.0012099465773082805,2069
feature_4285,0.0012089051212673466,2070
feature_2527,0.0012086120033606006,2071
feature_0579,0.0012083833732173558,2072
feature_3528,0.001203343611984771,2073
feature_0095,0.0012017771448004776,2074
feature_4370,0.0012001596411089265,2075
feature_4748,0.0011980766377773613,2076
feature_2006,0.0011953683163366047,2077
feature_1865,0.0011933722717253456,2078
feature_1896,0.0011932921461496131,2079
feature_1353,0.0011926567084714302,2080
feature_2712,0.0011922639257116081,2081
feature_2103,0.001190151155810702,2082
feature_3992,0.00118819765456537,2083
feature_4109,0.0011880938816122664,2084
feature_2884,0.0011877692369828689,2085
feature_0617,0.0011877491133499385,2086
feature_4816,0.0011871361017809575,2087
feature_3110,0.0011836135393704843,2088
feature_2641,0.0011822006577369877,2089
feature_0865,0.001181663253880119,2090
feature_4220,0.0011769626472806797,2091
feature_0403,0.0011764857207227988,2092
feature_1208,0.0011734059529682585,2093
feature_2171,0.0011711191794953758,2094
feature_4942,0.00116954863334094,2095
feature_4649,0.0011694145431301185,2096
feature_3198,0.0011690577199444236,2097
feature_0680,0.0011684692394233571,2098
feature_2717,0.00116482958892066,2099
feature_3780,0.001163930354888917,2100
feature_2833,0.001162798216819728,2101
feature_0479,0.001161920504939856,2102
feature_2898,0.0011612804761772036,2103
feature_3455,0.001156222356648133,2104
feature_3192,0.0011550126944829397,2105
feature_2437,0.0011540467695975195,2106
feature_4918,0.001153204607697309,2107
feature_2769,0.0011531310147878332,2108
feature_0711,0.001151257188977732,2109
feature_0297,0.0011503923384931526,2110
feature_1819,0.0011483859544600028,2111
feature_4900,0.0011476651740146412,2112
feature_1023,0.0011474814020780183,2113
feature_0849,0.0011448632840007252,2114
feature_4278,0.0011447699155841598,2115
feature_4936,0.0011434185048947601,2116
feature_0706,0.0011404144993730026,2117
feature_1219,0.001138616608766982,2118
feature_0951,0.0011380272218565345,2119
feature_4133,0.0011366880244432131,2120
feature_1159,0.0011353831713937328,2121
feature_2511,0.0011345783881750616,2122
feature_4849,0.0011339837324325305,2123
feature_0059,0.0011337399425924788,2124
feature_3928,0.0011324094232399123,2125
feature_4685,0.0011282719469285897,2126
feature_4495,0.0011269197209500135,2127
feature_1171,0.001125300662711497,2128
feature_2615,0.0011236455223631587,2129
feature_1386,0.0011236413610791422,2130
feature_4644,0.0011230964114523477,2131
feature_1965,0.0011223843343690536,2132
feature_3148,0.0011208935123178433,2133
feature_3449,0.001120868992077135,2134
feature_3252,0.0011196858316563296,2135
feature_3832,0.001118739839201087,2136
feature_1978,0.0011168590638575672,2137
feature_0987,0.001113998247383677,2138
feature_1123,0.0011118706752510884,2139
feature_4639,0.001110085283221227,2140
feature_1158,0.0011100185000953652,2141
feature_0318,0.001109657738927926,2142
feature_2343,0.0011085877241655642,2143
feature_3710,0.0011076816891558156,2144
feature_2201,0.0011062724663079865,2145
feature_3843,0.0011062444081613133,2146
feature_3712,0.001104047799094255,2147
feature_0815,0.0011020459367231691,2148
feature_1313,0.0011018497880687247,2149
feature_4255,0.001100557052253938,2150
feature_1314,0.0011004501493997452,2151
feature_3153,0.0011002028988845837,2152
feature_0357,0.0010991803925060968,2153
feature_1143,0.0010954527694856666,2154
feature_0734,0.0010950927257606256,2155
feature_2246,0.0010905522738205956,2156
feature_3760,0.0010896101629724777,2157
feature_2363,0.0010855813379801599,2158
feature_1063,0.0010855602605661869,2159
feature_4160,0.0010828435468436767,2160
feature_4845,0.0010782884122110144,2161
feature_4138,0.0010782314333601002,2162
feature_4277,0.0010771394264346343,2163
feature_0584,0.001076085698231387,2164
feature_4551,0.0010742973296381244,2165
feature_3146,0.0010735819069267502,2166
feature_0603,0.0010735427223278165,2167
feature_0557,0.0010726194399053187,2168
feature_2062,0.0010712450541579383,2169
feature_3999,0.0010701830131494368,2170
feature_0855,0.0010698904018837446,2171
feature_3686,0.0010675513846084477,2172
feature_1670,0.0010667103487255842,2173
feature_1971,0.0010658975540844486,2174
feature_3220,0.0010657055683866961,2175
feature_1505,0.0010650880881461061,2176
feature_0194,0.0010646867999182718,2177
feature_2356,0.0010635282301607672,2178
feature_4904,0.0010616204413050679,2179
feature_4295,0.0010612231423727577,2180
feature_1539,0.0010606184653785874,2181
feature_3590,0.0010603931713647832,2182
feature_4134,0.0010587133623353104,2183
feature_3881,0.001058293112394345,2184
feature_3908,0.0010574010913546813,2185
feature_3104,0.0010570767604318311,2186
feature_4929,0.0010557750208398955,2187
feature_2030,0.0010544452140488915,2188
feature_0017,0.0010530033588912516,2189
feature_1809,0.0010499753744630138,2190
feature_0333,0.001049939349828954,2191
feature_1796,0.0010494596359981326,2192
feature_4165,0.0010488162607451073,2193
feature_2176,0.0010481883051932626,2194
feature_2275,0.0010478119569230313,2195
feature_3243,0.0010475312756369989,2196
feature_1239,0.0010472969367881645,2197
feature_1022,0.0010468006778458904,2198
feature_2786,0.0010465881156440367,2199
feature_0032,0.0010453261579359285,2200
feature_1086,0.0010437396566439405,2201
feature_3884,0.0010428485815332405,2202
feature_4615,0.0010422014305301445,2203
feature_3920,0.0010421845145060346,2204
feature_2545,0.0010408092088047096,2205
feature_0891,0.001039481163952986,2206
feature_1404,0.001038337209785202,2207
feature_3567,0.0010370519282804059,2208
feature_0200,0.0010366425833257624,2209
feature_3630,0.0010345231244719315,2210
feature_2029,0.001034444392230783,2211
feature_0427,0.0010332270175468323,2212
feature_4666,0.0010329879500368083,2213
feature_0092,0.0010322988038473414,2214
feature_3111,0.0010322006783812048,2215
feature_0551,0.0010311002612360186,2216
feature_1617,0.0010282040070172364,2217
feature_0902,0.0010277165042545666,2218
feature_1825,0.0010260474437089751,2219
feature_4870,0.0010249379057686132,2220
feature_2640,0.0010249004185696677,2221
feature_0238,0.0010229361462235707,2222
feature_1870,0.0010225380547435666,2223
feature_1570,0.00102138190166967,2224
feature_2170,0.0010210090113748666,2225
feature_1901,0.0010202892417047484,2226
feature_0985,0.0010200623984141937,2227
feature_3945,0.0010184227928831569,2228
feature_0736,0.0010182807295052935,2229
feature_2039,0.0010181778544811554,2230
feature_3769,0.0010179502741822237,2231
feature_4217,0.0010165067490255021,2232
feature_1986,0.0010146505127590032,2233
feature_4834,0.0010129536640983827,2234
feature_4941,0.0010123967209547454,2235
feature_1298,0.0010120677386920812,2236
feature_3450,0.001011151027113603,2237
feature_4656,0.0010089311752938478,2238
feature_3312,0.0010049584885030785,2239
feature_0703,0.0010038026484889256,2240
feature_2347,0.000999254422641043,2241
feature_2439,0.0009988964283336882,2242
feature_0326,0.0009976560139438931,2243
feature_4245,0.000996015903576317,2244
feature_1895,0.0009941279661438462,2245
feature_0342,0.0009938099408811625,2246
feature_2664,0.0009935996692721815,2247
feature_1969,0.0009917984278165898,2248
feature_3432,0.0009915594609281974,2249
feature_4852,0.0009906302166262408,2250
feature_4727,0.0009890207252312786,2251
feature_1413,0.0009885676654733983,2252
feature_4528,0.000988057048135928,2253
feature_0183,0.000987805288906546,2254
feature_4872,0.0009876206560983,2255
feature_0065,0.000987474060122074,2256
feature_4841,0.000985318978382734,2257
feature_1330,0.0009833927529829857,2258
feature_0730,0.0009822362254623173,2259
feature_1385,0.0009808774016460003,2260
feature_1516,0.0009786993089947718,2261
feature_2677,0.000977296012352387,2262
feature_2355,0.0009771380802501744,2263
feature_4839,0.0009744821040877692,2264
feature_1246,0.0009743751714761184,2265
feature_4287,0.0009742384450317691,2266
feature_3448,0.0009733466529892948,2267
feature_2479,0.000973325713248712,2268
feature_4798,0.0009731823030974185,2269
feature_2554,0.0009723827947799416,2270
feature_0418,0.0009722644952747176,2271
feature_1120,0.0009701607806115824,2272
feature_4132,0.0009694406334670097,2273
feature_3046,0.0009691764952237189,2274
feature_2423,0.0009678717771271943,2275
feature_3357,0.0009676366524777325,2276
feature_2065,0.0009675714699369202,2277
feature_2844,0.0009675342235816063,2278
feature_4088,0.0009674181264875974,2279
feature_1507,0.0009672155128144343,2280
feature_2638,0.0009655334922018444,2281
feature_4869,0.0009654596304429786,2282
feature_1659,0.0009654189711426174,2283
feature_1482,0.0009650165203253485,2284
feature_1511,0.0009635332765241675,2285
feature_4347,0.0009621083001938984,2286
feature_0640,0.0009602086915866354,2287
feature_1599,0.0009600992334493691,2288
feature_3893,0.0009600417266487492,2289
feature_2047,0.0009598700059397842,2290
feature_4795,0.0009597077432767213,2291
feature_4821,0.0009593633192156559,2292
feature_0850,0.0009593484458403538,2293
feature_4983,0.0009591059245722673,2294
feature_4922,0.0009587994495781895,2295
feature_3165,0.0009580772220151773,2296
feature_4305,0.0009567242128848309,2297
feature_3962,0.000956673283404983,2298
feature_1702,0.0009561560094347681,2299
feature_4301,0.0009558194396041925,2300
feature_3264,0.0009553663885132126,2301
feature_3836,0.0009545278792805049,2302
feature_2926,0.0009545030299777468,2303
feature_0644,0.0009539210750829114,2304
feature_4140,0.0009537356047137705,2305
feature_2985,0.000952863188462598,2306
feature_3337,0.0009527622086067152,2307
feature_1573,0.0009524804968141249,2308
feature_3601,0.0009502354346827278,2309
feature_2596,0.0009491659832136907,2310
feature_1236,0.0009476886622922649,2311
feature_2892,0.0009469899421904411,2312
feature_4753,0.0009468800722449628,2313
feature_1908,0.0009461391961673478,2314
feature_1472,0.0009454914160955559,2315
feature_4496,0.0009441476794202304,2316
feature_1955,0.0009440432339885054,2317
feature_1510,0.0009437424979423579,2318
feature_4997,0.0009398605639953634,2319
feature_3850,0.000938024603829833,2320
feature_4759,0.000937806756478157,2321
feature_4164,0.0009377529057102692,2322
feature_1371,0.000937087563831561,2323
feature_1069,0.0009364081576780128,2324
feature_3576,0.0009351961884250163,2325
feature_2203,0.0009347942141039435,2326
feature_2722,0.0009336825352106754,2327
feature_0924,0.0009328593419437336,2328
feature_3064,0.0009314912398537287,2329
feature_0802,0.0009297486701244137,2330
feature_0583,0.0009297095719576034,2331
feature_4476,0.000928713419575906,2332
feature_4947,0.0009284498448507693,2333
feature_4310,0.0009283284190608798,2334
feature_4880,0.0009277178592688932,2335
feature_3595,0.0009274641364101455,2336
feature_3188,0.0009260563253827287,2337
feature_0404,0.0009242317826402372,2338
feature_0502,0.0009212012273444312,2339
feature_4969,0.0009206984697459838,2340
feature_3986,0.0009183879279217412,2341
feature_4534,0.0009183466258180059,2342
feature_0030,0.0009182823810106039,2343
feature_3272,0.0009176901829679614,2344
feature_1834,0.000917092872544471,2345
feature_2988,0.0009165996240716919,2346
feature_3823,0.000915963845408444,2347
feature_3709,0.0009151524349767206,2348
feature_3012,0.0009147987983161481,2349
feature_1666,0.0009138282933442035,2350
feature_1609,0.0009137589326930212,2351
feature_2751,0.0009135381739590697,2352
feature_4373,0.0009113377864744979,2353
feature_1379,0.0009095451858187739,2354
feature_4549,0.0009089546525917941,2355
feature_2991,0.0009088100212339897,2356
feature_0323,0.0009086970342551786,2357
feature_3169,0.0009079705640072264,2358
feature_3530,0.0009071187209507501,2359
feature_4558,0.0009070254082429598,2360
feature_3058,0.0009060604119256537,2361
feature_1355,0.0009051516018104317,2362
feature_0057,0.0009049998200749671,2363
feature_4637,0.0009037329492633802,2364
feature_2719,0.0009021901294401088,2365
feature_3052,0.0009015964377364349,2366
feature_0690,0.0009011576723964212,2367
feature_2785,0.000897851130139779,2368
feature_0011,0.0008975670404432622,2369
feature_0654,0.0008958709573066042,2370
feature_2864,0.0008957127043034612,2371
feature_2112,0.000895711822844126,2372
feature_2816,0.0008950855992610661,2373
feature_1811,0.0008941053869530142,2374
feature_0367,0.0008930431557223164,2375
feature_0624,0.0008920070978523917,2376
feature_3490,0.0008913143661742692,2377
feature_4110,0.0008899761721986195,2378
feature_1494,0.000889241801145754,2379
feature_3503,0.0008890241444136037,2380
feature_2373,0.0008888008766373392,2381
feature_0779,0.0008882363809192687,2382
feature_1826,0.0008872173821107417,2383
feature_3484,0.0008862382364433944,2384
feature_2714,0.0008850238796304532,2385
feature_3773,0.0008847644458605788,2386
feature_2250,0.0008846584908637365,2387
feature_1547,0.0008835563606827808,2388
feature_1937,0.0008829913283528406,2389
feature_0124,0.0008828091073009708,2390
feature_2499,0.000882557804329154,2391
feature_4521,0.0008816516564703052,2392
feature_3067,0.0008796363319407835,2393
feature_4118,0.0008790585221120832,2394
feature_4195,0.0008785956284222907,2395
feature_4003,0.0008783020371965567,2396
feature_0448,0.0008782428455900286,2397
feature_1074,0.0008770080975568381,2398
feature_3589,0.0008761185626333557,2399
feature_4364,0.000875486951454253,2400
feature_3787,0.000875278709944086,2401
feature_0803,0.0008751164390473752,2402
feature_0570,0.0008743239038139767,2403
feature_1332,0.00087204469311954,2404
feature_0657,0.0008712617655304383,2405
feature_2886,0.0008712501810050228,2406
feature_1183,0.000870157469555855,2407
feature_3615,0.0008692194105294531,2408
feature_4524,0.0008691336034739422,2409
feature_3507,0.0008675699712841856,2410
feature_4933,0.0008672243612551081,2411
feature_4400,0.0008665060484099004,2412
feature_3015,0.0008663025014962579,2413
feature_4581,0.000866130444579921,2414
feature_1562,0.0008654205321341464,2415
feature_3161,0.0008645111787360526,2416
feature_3758,0.0008640363877763592,2417
feature_4596,0.0008626403557611625,2418
feature_3214,0.0008624650085231241,2419
feature_4073,0.0008623507634099323,2420
feature_4659,0.0008621532682057453,2421
feature_1000,0.0008621364021512812,2422
feature_1114,0.0008617793504349753,2423
feature_0824,0.0008612122137321548,2424
feature_1187,0.0008609779432187649,2425
feature_4741,0.0008607456510767712,2426
feature_3097,0.0008604018528169318,2427
feature_0724,0.0008598700480971539,2428
feature_2958,0.0008591872590258952,2429
feature_4542,0.0008585333939080664,2430
feature_1374,0.0008543892136972554,2431
feature_1182,0.0008536745604276417,2432
feature_1257,0.0008534233982908587,2433
feature_4803,0.0008530331515647451,2434
feature_4831,0.0008514787118173398,2435
feature_0864,0.0008512746349618611,2436
feature_4234,0.000849980522463966,2437
feature_1777,0.0008487193936031563,2438
feature_1921,0.0008477728742534231,2439
feature_1810,0.0008460636126978268,2440
feature_4763,0.0008454770803376003,2441
feature_0022,0.0008443863785656759,2442
feature_0658,0.000842580487909609,2443
feature_0655,0.0008419044589119596,2444
feature_4249,0.0008412593058111883,2445
feature_2130,0.0008410459464426675,2446
feature_1871,0.0008409941531674821,2447
feature_4716,0.0008396585236524732,2448
feature_0675,0.0008386447335651584,2449
feature_1345,0.0008384444151780927,2450
feature_1476,0.0008376564160114741,2451
feature_0876,0.0008349129659456692,2452
feature_1613,0.0008339080128553337,2453
feature_3290,0.0008336067909355915,2454
feature_1772,0.0008325558193772881,2455
feature_4665,0.0008323871677589011,2456
feature_2376,0.0008319540249841196,2457
feature_4047,0.000831183070663326,2458
feature_3695,0.0008305560559395039,2459
feature_0026,0.0008303733903005428,2460
feature_0306,0.0008301936113142828,2461
feature_2043,0.0008289544438468012,2462
feature_1756,0.0008287642453081292,2463
feature_2127,0.0008284856735108939,2464
feature_4663,0.0008275127546304172,2465
feature_4945,0.0008273045045786567,2466
feature_1041,0.0008255771564952981,2467
feature_4740,0.0008253102165044891,2468
feature_1254,0.0008249021591252853,2469
feature_2753,0.000824409369499964,2470
feature_4940,0.0008233333479426133,2471
feature_2178,0.0008233263428976266,2472
feature_3456,0.0008216783420959687,2473
feature_0212,0.0008211063374369352,2474
feature_3420,0.0008210107858726743,2475
feature_2128,0.0008201560769794594,2476
feature_1373,0.0008199405420739525,2477
feature_4440,0.0008189504475317281,2478
feature_4111,0.0008181576339537712,2479
feature_4032,0.0008178738103613622,2480
feature_1464,0.0008172961889693217,2481
feature_2558,0.000815331468289431,2482
feature_3195,0.0008146305028702503,2483
feature_2234,0.000813065421618928,2484
feature_3871,0.0008124286622523214,2485
feature_1790,0.0008112608884691485,2486
feature_2574,0.0008102970687304368,2487
feature_1595,0.0008095277841163492,2488
feature_4986,0.0008092963514827014,2489
feature_1736,0.0008083050895990151,2490
feature_0376,0.0008075966077038749,2491
feature_1425,0.0008061798458036996,2492
feature_1057,0.0008056398426110376,2493
feature_1112,0.0008056392886588343,2494
feature_3603,0.0008038547209251221,2495
feature_4084,0.0008037795666950608,2496
feature_4231,0.0008017118063369618,2497
feature_0664,0.0008015226068512578,2498
feature_2603,0.0008001987304895726,2499
feature_1225,0.0007999293645532629,2500
feature_4002,0.0007997596908433871,2501
feature_3849,0.0007991806223415355,2502
feature_1558,0.0007982390690050753,2503
feature_1878,0.0007965333198665606,2504
feature_0440,0.000796491338308325,2505
feature_4404,0.0007955039165343985,2506
feature_0615,0.0007951643061818327,2507
feature_0292,0.0007943912743125024,2508
feature_2578,0.0007933937765948291,2509
feature_1689,0.0007932644840232411,2510
feature_2645,0.0007929068010707249,2511
feature_2297,0.0007924073232058521,2512
feature_3673,0.0007903126900873287,2513
feature_2510,0.000788931072791562,2514
feature_1672,0.0007885391371142054,2515
feature_2323,0.0007883912244289203,2516
feature_3149,0.0007873101795116008,2517
feature_4314,0.0007867717646776317,2518
feature_3693,0.0007864986424891602,2519
feature_4864,0.0007862051390149317,2520
feature_2187,0.0007855660155739081,2521
feature_3561,0.0007848484203361003,2522
feature_0571,0.0007826724771451426,2523
feature_2322,0.0007821704939927333,2524
feature_3903,0.0007811502449848705,2525
feature_0301,0.0007811145285223809,2526
feature_0600,0.000781102114088916,2527
feature_3296,0.0007807504511783873,2528
feature_2052,0.000780320250575854,2529
feature_0175,0.0007801433698425659,2530
feature_1256,0.0007791298016547295,2531
feature_4228,0.0007776546366286986,2532
feature_4512,0.0007773021043723483,2533
feature_0056,0.0007749571778861827,2534
feature_1764,0.0007747282017455014,2535
feature_2426,0.0007729369911040622,2536
feature_4342,0.0007715673867526079,2537
feature_3430,0.0007701738119792922,2538
feature_3629,0.0007688525191682955,2539
feature_1364,0.0007682949436738113,2540
feature_1678,0.0007676677106861683,2541
feature_1452,0.0007656569392327383,2542
feature_4690,0.0007651116021797684,2543
feature_0564,0.0007638728378602366,2544
feature_3586,0.0007633063460286741,2545
feature_0138,0.0007611090747931454,2546
feature_0641,0.0007603052177821029,2547
feature_4171,0.0007593677304815981,2548
feature_1466,0.0007592846248284677,2549
feature_2813,0.0007588937210059743,2550
feature_4383,0.0007570907564787504,2551
feature_2660,0.0007564836161758272,2552
feature_3131,0.0007563703624139657,2553
feature_0028,0.0007546553509551695,2554
feature_2508,0.0007542449203592061,2555
feature_2099,0.0007536732608654507,2556
feature_2174,0.0007531559482476884,2557
feature_1336,0.0007529158235005913,2558
feature_1786,0.0007506464447164123,2559
feature_0100,0.0007504560821746802,2560
feature_4202,0.000750311505531684,2561
feature_0461,0.0007486276333100483,2562
feature_2592,0.000747871125138714,2563
feature_3650,0.0007460428671766392,2564
feature_2602,0.0007456153117283563,2565
feature_2209,0.0007454601646063149,2566
feature_0185,0.0007448004126159508,2567
feature_1270,0.000744773738282057,2568
feature_2515,0.000744725965324261,2569
feature_4832,0.0007433043675598157,2570
feature_3683,0.0007418797264365395,2571
feature_1968,0.0007410681540518253,2572
feature_4117,0.0007409235694204735,2573
feature_1233,0.0007408107325060903,2574
feature_0653,0.0007401786327347983,2575
feature_0054,0.0007400150828648919,2576
feature_0202,0.0007396256772282525,2577
feature_2795,0.0007396224942560651,2578
feature_1984,0.000739575940149778,2579
feature_2659,0.000739112532846638,2580
feature_4012,0.0007387808749408845,2581
feature_4066,0.0007386530826516614,2582
feature_2446,0.0007380536623068992,2583
feature_1262,0.0007375208479573591,2584
feature_0922,0.0007374047168015629,2585
feature_3824,0.000737213154651148,2586
feature_0187,0.0007372010610969148,2587
feature_4074,0.0007369870708128931,2588
feature_4240,0.0007366708764428899,2589
feature_4620,0.0007353872422614262,2590
feature_0327,0.0007345118886681624,2591
feature_1177,0.0007344256531177155,2592
feature_1260,0.0007343886027537099,2593
feature_0153,0.0007327838684015508,2594
feature_0912,0.000730155292872306,2595
feature_3597,0.0007294750547357828,2596
feature_4357,0.0007293884600479963,2597
feature_1959,0.0007290123752121473,2598
feature_3981,0.0007280397592983565,2599
feature_1546,0.000727909013606468,2600
feature_4631,0.0007275325141788608,2601
feature_4550,0.0007272057893607045,2602
feature_3447,0.000727178243020672,2603
feature_0102,0.0007265409478452085,2604
feature_0831,0.0007264340215721281,2605
feature_4871,0.0007262701732158122,2606
feature_2208,0.0007261836101112706,2607
feature_4612,0.0007258483553425104,2608
feature_4752,0.0007252290149046862,2609
feature_3624,0.00072490341425633,2610
feature_4730,0.0007238753442653597,2611
feature_3565,0.0007235847728036368,2612
feature_0182,0.000723131676746773,2613
feature_0841,0.0007215224928758947,2614
feature_0471,0.0007209876752312012,2615
feature_4539,0.0007202608798356742,2616
feature_3905,0.0007201124948096098,2617
feature_0014,0.0007192005585901977,2618
feature_4893,0.0007178853743814518,2619
feature_0299,0.0007156397993843778,2620
feature_4963,0.0007140986751417793,2621
feature_3602,0.000713628673743432,2622
feature_1569,0.0007131841788589539,2623
feature_2516,0.0007126407824011553,2624
feature_1228,0.0007116463587089299,2625
feature_0787,0.000711141559094056,2626
feature_0537,0.0007103839469457412,2627
feature_2118,0.0007103720334925225,2628
feature_3359,0.0007101226967217498,2629
feature_1099,0.0007094630561989971,2630
feature_1821,0.0007085075269814737,2631
feature_3749,0.0007082856208160915,2632
feature_0777,0.0007079767408537421,2633
feature_3822,0.0007057761560124354,2634
feature_1306,0.0007054010322474182,2635
feature_2885,0.0007053121191786829,2636
feature_2431,0.0007052270335725446,2637
feature_0667,0.0007048993997089625,2638
feature_2354,0.00070481181669754,2639
feature_0016,0.0007042491581471345,2640
feature_0176,0.000703259481023154,2641
feature_4717,0.0007031050203378401,2642
feature_4540,0.0007027539877603822,2643
feature_1904,0.0007005548927727323,2644
feature_4802,0.0007004340018688013,2645
feature_3335,0.0007003833889333364,2646
feature_2626,0.0006997337469670405,2647
feature_1565,0.0006996793687431473,2648
feature_4008,0.0006990939266320679,2649
feature_0567,0.0006989770021289541,2650
feature_1302,0.0006976399920621285,2651
feature_4233,0.000697584269383276,2652
feature_4799,0.0006970707568235874,2653
feature_3564,0.0006970626661566979,2654
feature_3820,0.0006960460904819845,2655
feature_3614,0.0006955086245763068,2656
feature_3980,0.0006921012521829677,2657
feature_3234,0.0006917293523015728,2658
feature_2436,0.000691598329776994,2659
feature_4021,0.0006907000907635098,2660
feature_3208,0.0006905835412645358,2661
feature_1367,0.0006904007251077464,2662
feature_0755,0.0006899761558984185,2663
feature_4198,0.0006892672946445751,2664
feature_3745,0.0006891858194975297,2665
feature_0381,0.0006891573171237071,2666
feature_3029,0.0006889651531331106,2667
feature_4264,0.0006886418548949093,2668
feature_3933,0.0006885753038610224,2669
feature_1218,0.0006879521191730893,2670
feature_4538,0.0006878664985109906,2671
feature_1389,0.0006875761775142847,2672
feature_3311,0.0006871116917173627,2673
feature_4671,0.000686276886390506,2674
feature_4238,0.0006860793152084564,2675
feature_4115,0.0006852760293930149,2676
feature_4867,0.0006849021045214224,2677
feature_4361,0.0006845710324965152,2678
feature_0673,0.0006823467206139382,2679
feature_0503,0.0006814644007792957,2680
feature_1424,0.0006813114981031075,2681
feature_0009,0.0006812876455800329,2682
feature_2167,0.0006808073356997309,2683
feature_3811,0.0006804338967237729,2684
feature_1439,0.0006785375471135725,2685
feature_4679,0.0006782411945003233,2686
feature_0834,0.0006781548366011338,2687
feature_1059,0.0006779891085776297,2688
feature_0031,0.0006779188072410415,2689
feature_2463,0.0006771546524928922,2690
feature_3638,0.0006764491541257611,2691
feature_2069,0.0006738900304910073,2692
feature_3858,0.000673050600642683,2693
feature_0290,0.0006728798877346836,2694
feature_4256,0.000671000020661116,2695
feature_2441,0.000670951210327079,2696
feature_4602,0.000670847748999232,2697
feature_2678,0.0006706067865471367,2698
feature_3142,0.0006698057064016253,2699
feature_3506,0.0006695946816119963,2700
feature_4595,0.0006662537917413963,2701
feature_4354,0.000666075151451408,2702
feature_0317,0.0006659505897384189,2703
feature_0955,0.0006656304690286393,2704
feature_1879,0.0006645795842737357,2705
feature_3911,0.0006645598566326696,2706
feature_4651,0.0006642943158684314,2707
feature_0739,0.0006634681719980627,2708
feature_0665,0.0006634350381117015,2709
feature_4170,0.0006631405132896401,2710
feature_1216,0.0006630375038543701,2711
feature_1175,0.0006628115786053476,2712
feature_1110,0.0006618122784706946,2713
feature_0946,0.0006617325715344737,2714
feature_3819,0.0006615773319497698,2715
feature_3316,0.000659168218419545,2716
feature_3193,0.0006582859577953894,2717
feature_0618,0.000657452305162904,2718
feature_0975,0.0006570642472698313,2719
feature_0335,0.0006566740656515415,2720
feature_3239,0.0006563984703856243,2721
feature_3044,0.000656121078986545,2722
feature_3108,0.0006556629176841805,2723
feature_0260,0.000655609243985863,2724
feature_3372,0.0006548768034525373,2725
feature_4593,0.0006540731828461819,2726
feature_3246,0.0006528678657453241,2727
feature_0650,0.0006525788077222373,2728
feature_2289,0.0006525547605251875,2729
feature_1107,0.0006521107770176421,2730
feature_1361,0.000652101661743725,2731
feature_2902,0.0006496652100670497,2732
feature_2447,0.0006488100580758667,2733
feature_0025,0.0006478715742874078,2734
feature_3699,0.0006474450959043698,2735
feature_2591,0.0006467749626547541,2736
feature_1053,0.0006466316228764333,2737
feature_4199,0.0006448822874718683,2738
feature_0707,0.0006447770524180094,2739
feature_2238,0.0006442220856745518,2740
feature_1197,0.0006435441801551908,2741
feature_0765,0.0006412228457914082,2742
feature_4676,0.0006406884124103022,2743
feature_2280,0.0006386955182948804,2744
feature_3537,0.0006385629503937042,2745
feature_3336,0.0006374876818279259,2746
feature_1315,0.0006372172822518542,2747
feature_4619,0.0006371717967020214,2748
feature_3767,0.0006370448125075774,2749
feature_0375,0.0006367699397109918,2750
feature_3646,0.0006363334241872849,2751
feature_2827,0.0006356045772002092,2752
feature_2928,0.0006350156280389913,2753
feature_0379,0.0006321121094033068,2754
feature_4575,0.0006315838514886258,2755
feature_0320,0.0006307780928767852,2756
feature_0372,0.000630561670368323,2757
feature_1891,0.0006303395558209112,2758
feature_3610,0.0006301413780033046,2759
feature_4129,0.000629452414768091,2760
feature_2900,0.000629302741995241,2761
feature_2894,0.0006291409353850845,2762
feature_1593,0.0006285625054644719,2763
feature_1952,0.0006280021343414725,2764
feature_1975,0.000626882920497653,2765
feature_4481,0.0006266701376187669,2766
feature_3694,0.0006260888902506577,2767
feature_4598,0.0006260671621135472,2768
feature_1500,0.0006253132568685488,2769
feature_0761,0.000624825003875086,2770
feature_3622,0.0006239251004980077,2771
feature_2067,0.000623717955155457,2772
feature_0533,0.0006226628269405199,2773
feature_0660,0.0006226253774849369,2774
feature_1528,0.0006224352811221481,2775
feature_1594,0.0006222802817127932,2776
feature_2649,0.0006221583668426466,2777
feature_4227,0.0006221405989222839,2778
feature_0531,0.000621693628794613,2779
feature_0371,0.000621591675658485,2780
feature_0236,0.00062138207614448,2781
feature_4770,0.0006213099954578969,2782
feature_0569,0.0006210284320179656,2783
feature_3199,0.0006208854844163456,2784
feature_1284,0.0006203462423292722,2785
feature_1817,0.0006190242616201443,2786
feature_3059,0.0006189728882477734,2787
feature_2585,0.0006189483646213847,2788
feature_4652,0.000618661471172581,2789
feature_2707,0.0006185948487910392,2790
feature_1205,0.0006180264173945089,2791
feature_0096,0.0006176602911650068,2792
feature_4991,0.0006166328863031718,2793
feature_1707,0.0006156101878532817,2794
feature_2854,0.000615241920903491,2795
feature_0663,0.0006152178964306,2796
feature_0626,0.0006152177718955168,2797
feature_4797,0.0006146080897433391,2798
feature_0374,0.0006142577738422048,2799
feature_0943,0.0006142450798890966,2800
feature_2938,0.0006141955566942837,2801
feature_4431,0.0006130198214031195,2802
feature_0906,0.0006121232050413972,2803
feature_0614,0.0006116404766510689,2804
feature_0181,0.0006112695479687455,2805
feature_4022,0.0006110002157251521,2806
feature_4677,0.0006108900761461886,2807
feature_3569,0.0006102243746463138,2808
feature_4363,0.0006098673688783561,2809
feature_1740,0.0006098337787632619,2810
feature_1051,0.0006096503379560016,2811
feature_2421,0.0006093554971643862,2812
feature_1150,0.0006092538619447829,2813
feature_4546,0.0006087522376084292,2814
feature_0106,0.0006087318931884407,2815
feature_0085,0.0006085944778899262,2816
feature_1979,0.0006078547627318939,2817
feature_4529,0.0006068086144260606,2818
feature_4597,0.0006054801404655356,2819
feature_4236,0.0006047494434007058,2820
feature_4718,0.0006046230728370111,2821
feature_0188,0.0006044891181639811,2822
feature_4242,0.0006041769123158757,2823
feature_1880,0.0006029043050436925,2824
feature_3325,0.0006026383765379744,2825
feature_4806,0.000601869441027838,2826
feature_1903,0.0006018489586513629,2827
feature_1245,0.0006015828314560857,2828
feature_4800,0.0006014011939344462,2829
feature_3593,0.0006012154187105215,2830
feature_0341,0.0006010559010003244,2831
feature_1586,0.0006010189785774871,2832
feature_2156,0.0006009717292206144,2833
feature_3556,0.0005997096197766028,2834
feature_0997,0.0005996782683471324,2835
feature_0630,0.0005991238362477451,2836
feature_0506,0.0005991062800855647,2837
feature_0370,0.0005987401635648063,2838
feature_4576,0.0005982289276684618,2839
feature_4647,0.0005978135401704666,2840
feature_3342,0.0005970538406873621,2841
feature_2684,0.0005970028336859381,2842
feature_4214,0.0005967497458011473,2843
feature_2000,0.0005962054082370958,2844
feature_1998,0.0005948721996092598,2845
feature_3939,0.0005948070416350107,2846
feature_0524,0.0005948019003371061,2847
feature_0083,0.0005945440462368314,2848
feature_3318,0.000593528919139951,2849
feature_3041,0.0005926887197275917,2850
feature_1718,0.0005926403779841073,2851
feature_4819,0.0005924598268839686,2852
feature_1210,0.000592336286772244,2853
feature_0069,0.0005921749748821659,2854
feature_2709,0.0005916358109860208,2855
feature_0621,0.0005907308853382882,2856
feature_4835,0.0005900282432027184,2857
feature_3566,0.0005898841186813916,2858
feature_0307,0.0005892466562893844,2859
feature_4804,0.0005887561309437202,2860
feature_3391,0.0005886563073728465,2861
feature_0263,0.0005883790688194922,2862
feature_2457,0.0005880668743125118,2863
feature_3047,0.0005874358075738705,2864
feature_0373,0.0005866762029743997,2865
feature_2027,0.0005853790462237252,2866
feature_3901,0.0005845607156683095,2867
feature_2308,0.0005839899970277549,2868
feature_0928,0.0005826607323497798,2869
feature_0852,0.0005819390814661738,2870
feature_0977,0.0005812930860041478,2871
feature_1701,0.0005812240412201403,2872
feature_1618,0.0005810160082318144,2873
feature_0911,0.0005808980790734794,2874
feature_0245,0.0005806374321615756,2875
feature_4049,0.0005789161386418438,2876
feature_2726,0.0005786557628815062,2877
feature_0753,0.0005784992136077336,2878
feature_3444,0.0005784406382467106,2879
feature_2741,0.0005781236814786496,2880
feature_3121,0.0005777426543112612,2881
feature_3407,0.0005754346624880606,2882
feature_0287,0.0005744198931430651,2883
feature_4548,0.0005741808524680777,2884
feature_4629,0.0005740685756885829,2885
feature_2846,0.0005737873646844197,2886
feature_4493,0.0005733787364143542,2887
feature_4430,0.0005732138896534044,2888
feature_3788,0.0005732095206210003,2889
feature_4857,0.0005729155214275393,2890
feature_3414,0.0005726272039602413,2891
feature_2628,0.0005723123578834228,2892
feature_3660,0.0005720914848419949,2893
feature_2223,0.0005720602586281178,2894
feature_3031,0.0005716671428467172,2895
feature_4961,0.00057123726762375,2896
feature_1972,0.0005711873107011323,2897
feature_2219,0.0005705235773029473,2898
feature_0659,0.0005693472861825488,2899
feature_4645,0.000569338068378583,2900
feature_0625,0.0005692651301853145,2901
feature_4605,0.000567884009269721,2902
feature_3706,0.0005672892066893779,2903
feature_4768,0.0005672735827264202,2904
feature_0008,0.0005662153827221412,2905
feature_4657,0.0005660854212086575,2906
feature_3968,0.0005659156625738113,2907
feature_2070,0.0005655579490264537,2908
feature_3985,0.0005649675935031197,2909
feature_4075,0.0005647260875675364,2910
feature_3801,0.0005646207262518517,2911
feature_0751,0.0005644707513570587,2912
feature_3341,0.0005630194475846592,2913
feature_4158,0.0005623724349619292,2914
feature_0927,0.0005611222544115158,2915
feature_3462,0.0005609291968635267,2916
feature_0067,0.0005607600861139286,2917
feature_2832,0.0005605127375625545,2918
feature_2668,0.0005601250620605678,2919
feature_0072,0.0005600123901863677,2920
feature_4653,0.0005599918874443473,2921
feature_4722,0.0005597234100654521,2922
feature_1121,0.0005590795427366794,2923
feature_4924,0.0005589553716641574,2924
feature_4388,0.0005584171054220179,2925
feature_1243,0.0005583013525073715,2926
feature_0058,0.0005577509731054205,2927
feature_1711,0.0005577219221819614,2928
feature_2155,0.0005565770618245769,2929
feature_3488,0.0005562397766246094,2930
feature_4489,0.0005556348437866022,2931
feature_3333,0.0005554485395050623,2932
feature_4565,0.0005544113657403355,2933
feature_2079,0.0005539886827039895,2934
feature_3806,0.0005532623088814976,2935
feature_2513,0.0005528827797182747,2936
feature_3212,0.0005528191232584928,2937
feature_3171,0.0005524183226185246,2938
feature_4487,0.0005519504090144717,2939
feature_4432,0.0005507946222252629,2940
feature_2324,0.0005497758954376437,2941
feature_0429,0.0005490530257594672,2942
feature_3558,0.0005488249725671679,2943
feature_0302,0.0005487808755547909,2944
feature_4859,0.0005484253991752219,2945
feature_4365,0.0005483080246240189,2946
feature_0861,0.0005477084432791724,2947
feature_2569,0.0005471230989220376,2948
feature_4346,0.0005469949057889585,2949
feature_2392,0.0005463639922647159,2950
feature_4689,0.0005458400673142895,2951
feature_4707,0.0005456221338240481,2952
feature_3339,0.0005456208842363131,2953
feature_4913,0.0005454897908851334,2954
feature_2553,0.0005450130037341899,2955
feature_3548,0.0005449174730785346,2956
feature_1267,0.0005447383940791438,2957
feature_3048,0.0005441840450092646,2958
feature_1116,0.000543120391118174,2959
feature_4957,0.000542603159582428,2960
feature_0278,0.0005424082483945895,2961
feature_1454,0.0005405579013923642,2962
feature_0961,0.0005404641493574366,2963
feature_0999,0.0005402496755209734,2964
feature_4590,0.000539723532181367,2965
feature_1065,0.0005395122916140429,2966
feature_1095,0.000539326150909279,2967
feature_4952,0.0005389094453287264,2968
feature_3936,0.0005383546639792844,2969
feature_1981,0.0005382975734030034,2970
feature_4697,0.0005381452614018829,2971
feature_4441,0.000537543384028986,2972
feature_3743,0.0005374380807682437,2973
feature_1614,0.0005373189580583335,2974
feature_1522,0.0005373096046894418,2975
feature_2912,0.0005370449911135411,2976
feature_0070,0.0005367153397871088,2977
feature_3557,0.0005361743213652473,2978
feature_3279,0.0005359101410504464,2979
feature_2705,0.0005355821010208777,2980
feature_2916,0.0005355252102063172,2981
feature_4687,0.0005348486686429227,2982
feature_0857,0.0005344612935443446,2983
feature_2850,0.0005343299133228301,2984
feature_2486,0.0005338889196905152,2985
feature_3961,0.0005334484993317076,2986
feature_2466,0.0005315051567659611,2987
feature_0076,0.0005313989941901888,2988
feature_4742,0.0005313712465794965,2989
feature_4345,0.0005304322217617218,2990
feature_3551,0.000530201891362079,2991
feature_2239,0.0005288878252223439,2992
feature_4837,0.000528205071365427,2993
feature_4031,0.0005271935571886972,2994
feature_4465,0.0005270313266726524,2995
feature_3004,0.0005267992491068582,2996
feature_1465,0.0005267041243069726,2997
feature_4946,0.0005263727876866764,2998
feature_2651,0.0005261463284615036,2999
feature_2570,0.0005260597259924637,3000
feature_0727,0.0005255089363420199,3001
feature_0296,0.0005255063523429453,3002
feature_4981,0.0005253186747767076,3003
feature_0652,0.0005248171144856881,3004
feature_3605,0.0005245994509499067,3005
feature_4916,0.0005243610683933696,3006
feature_3649,0.0005243195927840467,3007
feature_4577,0.0005238352061432191,3008
feature_4453,0.0005235257528714047,3009
feature_4028,0.0005228624458592637,3010
feature_1829,0.0005223607082787966,3011
feature_3114,0.0005221371592111067,3012
feature_1090,0.0005216241204960808,3013
feature_2805,0.0005203276942775159,3014
feature_3818,0.0005200658146063127,3015
feature_3641,0.000519211345803016,3016
feature_3427,0.0005188283481144412,3017
feature_2915,0.0005187536569591891,3018
feature_0991,0.00051625424431195,3019
feature_2595,0.0005157905339042261,3020
feature_3834,0.0005156262969895288,3021
feature_1234,0.0005155778811887029,3022
feature_2563,0.0005152855123147904,3023
feature_0980,0.0005141921247535283,3024
feature_2652,0.0005131930421558666,3025
feature_3562,0.0005131731602877319,3026
feature_0854,0.0005130863402921139,3027
feature_1525,0.0005129333283172606,3028
feature_0948,0.0005124626830089369,3029
feature_2181,0.0005109274532852891,3030
feature_2202,0.0005095348702764198,3031
feature_3989,0.0005094127366942143,3032
feature_0683,0.0005087032116134374,3033
feature_4490,0.0005077150151650881,3034
feature_0713,0.0005076121696411573,3035
feature_1512,0.0005058853388737235,3036
feature_1526,0.0005058789920099159,3037
feature_3940,0.0005053332402871428,3038
feature_3906,0.0005047490214411655,3039
feature_0939,0.0005033160382833684,3040
feature_2213,0.00050296510204594,3041
feature_1793,0.0005025558848707129,3042
feature_4321,0.0005019280369280464,3043
feature_3390,0.0005016278348838776,3044
feature_1679,0.0005013678621561968,3045
feature_2547,0.0005013380550390852,3046
feature_4010,0.000500465648375211,3047
feature_3368,0.0005004199782143803,3048
feature_4888,0.000499529614072528,3049
feature_1559,0.0004993856941600295,3050
feature_0398,0.0004993255486633367,3051
feature_0859,0.0004989422170642611,3052
feature_1309,0.000498841513639651,3053
feature_3470,0.000498386784178347,3054
feature_0558,0.0004981942199673113,3055
feature_4182,0.0004981885845491918,3056
feature_0731,0.0004981409024405816,3057
feature_1484,0.0004979820461378909,3058
feature_3855,0.0004979025918369634,3059
feature_0601,0.0004978024226727144,3060
feature_2702,0.0004973130682996827,3061
feature_1377,0.0004972275467807122,3062
feature_4836,0.0004969083970900191,3063
feature_4326,0.0004968503660426794,3064
feature_3859,0.0004949878326722363,3065
feature_2173,0.0004947006882489217,3066
feature_4895,0.0004942423565597609,3067
feature_0742,0.0004938639769710908,3068
feature_3534,0.0004936100964585406,3069
feature_3197,0.000493349064301069,3070
feature_4206,0.00049304776167451,3071
feature_2348,0.0004927413252516974,3072
feature_4626,0.000492342962580399,3073
feature_4294,0.0004922623377289151,3074
feature_1553,0.0004920119939845161,3075
feature_4459,0.0004916829076799237,3076
feature_4646,0.0004916288999851894,3077
feature_1319,0.0004915220668427971,3078
feature_1279,0.0004912238034456205,3079
feature_2694,0.0004911733680256645,3080
feature_4456,0.0004910453770532257,3081
feature_4291,0.0004909610415998758,3082
feature_1990,0.0004906546668491296,3083
feature_0308,0.0004892984828843591,3084
feature_4854,0.0004890386906310668,3085
feature_0291,0.0004886105860678418,3086
feature_3340,0.0004881544388355172,3087
feature_0938,0.00048794439775442166,3088
feature_3917,0.0004873339881262138,3089
feature_3704,0.00048697867945712343,3090
feature_3701,0.0004867446377950251,3091
feature_0863,0.00048601276802775155,3092
feature_3417,0.00048545098858811877,3093
feature_2800,0.000485343065047841,3094
feature_4866,0.00048446202423519616,3095
feature_2670,0.00048395064881638986,3096
feature_1894,0.00048355389103216223,3097
feature_4477,0.000483498253539012,3098
feature_2502,0.00048323730974223704,3099
feature_2028,0.00048313192011776755,3100
feature_4592,0.00048235836694226526,3101
feature_2098,0.00048146925882679235,3102
feature_0035,0.00048073199407474025,3103
feature_3206,0.00048052353368654234,3104
feature_2957,0.00048042373313505544,3105
feature_2247,0.0004799225159467737,3106
feature_2403,0.0004783546760773857,3107
feature_0740,0.00047762522948968146,3108
feature_2587,0.00047724691828375255,3109
feature_4510,0.00047652241486881416,3110
feature_4254,0.0004761726739471134,3111
feature_0328,0.00047546074644363285,3112
feature_3727,0.00047539634765690034,3113
feature_1473,0.00047534745839040554,3114
feature_3937,0.0004748744163157747,3115
feature_4286,0.0004746006028534275,3116
feature_2336,0.00047399943067923773,3117
feature_3632,0.00047338057182216663,3118
feature_4442,0.00047298771538921945,3119
feature_2335,0.0004728921998186413,3120
feature_2672,0.0004722506758769355,3121
feature_0888,0.0004719582567501112,3122
feature_1852,0.00047180547422138617,3123
feature_4276,0.00047176204968651903,3124
feature_1144,0.000471272725140037,3125
feature_2697,0.00047095440389219995,3126
feature_0877,0.0004708924521077132,3127
feature_1463,0.0004706381734901576,3128
feature_4239,0.0004701783780709743,3129
feature_4499,0.0004701350741545871,3130
feature_0024,0.0004700693343967006,3131
feature_2398,0.0004700653720289526,3132
feature_2011,0.0004700224739792377,3133
feature_3783,0.00046978586146452023,3134
feature_4580,0.00046958605886360114,3135
feature_3526,0.00046912689636398097,3136
feature_4486,0.0004690323002592922,3137
feature_0885,0.0004689468235216262,3138
feature_4660,0.0004676287977387003,3139
feature_2357,0.0004675147095824237,3140
feature_2393,0.0004665776257192542,3141
feature_3626,0.0004661137027259469,3142
feature_3009,0.0004660179152741276,3143
feature_2220,0.00046565489601011194,3144
feature_2552,0.000465547305910872,3145
feature_4751,0.0004654076569886138,3146
feature_4962,0.000465185838098573,3147
feature_3266,0.00046472400026411053,3148
feature_1636,0.00046452491656387673,3149
feature_0757,0.0004640738158937133,3150
feature_3280,0.00046385498264866153,3151
feature_0622,0.0004637342984054505,3152
feature_0099,0.00046365102324424435,3153
feature_3935,0.0004635861666025011,3154
feature_1583,0.0004635686108922957,3155
feature_1206,0.00046340973712460806,3156
feature_3231,0.00046324565888352455,3157
feature_0892,0.0004628884244668803,3158
feature_1438,0.00046261372231776496,3159
feature_4498,0.00046255269726133924,3160
feature_1486,0.00046197868546857826,3161
feature_4732,0.0004613331904112005,3162
feature_4048,0.0004612846091625171,3163
feature_2073,0.00046068058147159384,3164
feature_2535,0.00046048523325488026,3165
feature_0250,0.0004593785363800123,3166
feature_2498,0.00045905842892976105,3167
feature_3141,0.00045878688164140705,3168
feature_3778,0.0004585969224571092,3169
feature_2092,0.000458240455019631,3170
feature_0929,0.0004574402361343975,3171
feature_2390,0.00045691158448328306,3172
feature_3644,0.00045686685706336586,3173
feature_3888,0.0004560650730430217,3174
feature_1344,0.0004558833007699092,3175
feature_2084,0.000455410685779591,3176
feature_0738,0.00045537345835991157,3177
feature_4215,0.00045454268763361476,3178
feature_0027,0.00045453505393042474,3179
feature_3907,0.00045308806599997635,3180
feature_4614,0.0004530223526142784,3181
feature_2349,0.000452985995431329,3182
feature_1151,0.0004526419309280828,3183
feature_4520,0.0004525513654939446,3184
feature_4874,0.00045202316213807447,3185
feature_4658,0.0004517554696844035,3186
feature_4744,0.00045141267672844915,3187
feature_4954,0.00045110481994387573,3188
feature_4280,0.0004507343060347787,3189
feature_1437,0.0004502869346013495,3190
feature_1440,0.0004501127626356337,3191
feature_0345,0.00044940333415994523,3192
feature_2834,0.00044939740376424186,3193
feature_0712,0.0004492613963593766,3194
feature_1935,0.0004492337838720426,3195
feature_1919,0.00044857229299933524,3196
feature_1411,0.0004485376030749539,3197
feature_2407,0.0004482337512814544,3198
feature_3725,0.0004481160491696951,3199
feature_4928,0.0004479464261261008,3200
feature_4686,0.00044767057282693026,3201
feature_4457,0.00044758112811571005,3202
feature_0768,0.00044680699154492755,3203
feature_1684,0.0004466127305020461,3204
feature_2051,0.00044473970903559563,3205
feature_2561,0.00044468390255531876,3206
feature_3897,0.00044366683526585865,3207
feature_1862,0.0004431589262333043,3208
feature_1536,0.0004430823734774109,3209
feature_4746,0.00044299972681339795,3210
feature_0068,0.00044248829087595315,3211
feature_2669,0.0004409764558536853,3212
feature_1598,0.0004406184330951632,3213
feature_3640,0.00043898441217294433,3214
feature_2063,0.0004382655160683204,3215
feature_0015,0.0004380005920948254,3216
feature_1101,0.0004379398169622012,3217
feature_3988,0.0004376323082942857,3218
feature_0797,0.00043697106700514674,3219
feature_1283,0.0004367151291478815,3220
feature_3291,0.00043657383393755383,3221
feature_3489,0.00043552387197058704,3222
feature_4450,0.00043518195418816775,3223
feature_4970,0.0004351579507395626,3224
feature_4050,0.00043511357281541136,3225
feature_4878,0.00043466814730441127,3226
feature_2226,0.0004346032113099491,3227
feature_3284,0.00043386630522239725,3228
feature_1372,0.0004334478656793421,3229
feature_1787,0.0004324560800684915,3230
feature_3471,0.00043229472100570344,3231
feature_1492,0.0004318060769431792,3232
feature_0237,0.00043067938215625743,3233
feature_1606,0.0004295185969162348,3234
feature_1460,0.0004292179292943639,3235
feature_1322,0.00042917046688045274,3236
feature_1363,0.00042914320596257116,3237
feature_0267,0.0004288506728645863,3238
feature_0074,0.0004284085601170201,3239
feature_2784,0.0004283119226779891,3240
feature_2057,0.0004278306196734664,3241
feature_3486,0.00042778370155704607,3242
feature_2728,0.00042763159649216007,3243
feature_4514,0.00042760782230485283,3244
feature_3320,0.00042743184049999077,3245
feature_4325,0.00042727178391241893,3246
feature_2506,0.000425789609305032,3247
feature_2896,0.00042559104106425775,3248
feature_4990,0.00042525983952025446,3249
feature_1118,0.00042465375235057777,3250
feature_4971,0.00042455635753590613,3251
feature_1608,0.00042402137825235615,3252
feature_4362,0.00042399548465140124,3253
feature_0515,0.00042392087147096,3254
feature_1905,0.0004239024444134996,3255
feature_3763,0.0004238287479011633,3256
feature_3468,0.0004234654868642592,3257
feature_4661,0.0004232783309513358,3258
feature_3081,0.00042290706938211315,3259
feature_3552,0.00042207679358016476,3260
feature_4688,0.0004219571384116558,3261
feature_3509,0.00042156428454789987,3262
feature_3585,0.00042067994844856125,3263
feature_2058,0.00042067890186708255,3264
feature_0862,0.0004206520126520733,3265
feature_4850,0.000420524665122577,3266
feature_0796,0.0004200497699964595,3267
feature_2695,0.0004192758057165819,3268
feature_0071,0.000418526427374299,3269
feature_1390,0.00041815414741934285,3270
feature_3840,0.0004169423957324184,3271
feature_1774,0.0004169234199030733,3272
feature_0169,0.00041666543711355464,3273
feature_0543,0.00041638920196766647,3274
feature_4896,0.0004163410617626272,3275
feature_2494,0.00041621491427317446,3276
feature_3353,0.00041603509927708453,3277
feature_2536,0.0004155271024732024,3278
feature_1686,0.0004154761839466659,3279
feature_3560,0.00041527200630877686,3280
feature_2909,0.0004150190693732841,3281
feature_4184,0.0004149377509952799,3282
feature_3457,0.00041486656503209117,3283
feature_4715,0.00041422594715919526,3284
feature_2399,0.0004141927977159473,3285
feature_1214,0.000413804208323392,3286
feature_1488,0.00041377896404593917,3287
feature_3860,0.000413511313044114,3288
feature_0269,0.00041303344234289245,3289
feature_3950,0.00041301677920926866,3290
feature_3479,0.000412745794751257,3291
feature_2507,0.0004123141383750277,3292
feature_2807,0.0004119148269033291,3293
feature_2402,0.00041168724430368827,3294
feature_3647,0.0004112825188732569,3295
feature_1698,0.0004106418628796715,3296
feature_3661,0.00040988202979679527,3297
feature_3765,0.00040974265842291476,3298
feature_2361,0.000409506236508106,3299
feature_2313,0.00040946738540265684,3300
feature_2821,0.0004094393911661491,3301
feature_0258,0.00040940292639247435,3302
feature_3469,0.0004085727411602432,3303
feature_1537,0.00040835235975425054,3304
feature_0368,0.00040820398937737933,3305
feature_3024,0.00040725458197036823,3306
feature_2042,0.000406944089839756,3307
feature_3163,0.0004069036649172759,3308
feature_2166,0.00040626908562566683,3309
feature_4967,0.00040543775166196306,3310
feature_1299,0.00040542842207936803,3311
feature_4033,0.00040509211255199986,3312
feature_0121,0.00040502297471811747,3313
feature_1925,0.00040465132478986266,3314
feature_2503,0.00040456741858651066,3315
feature_4695,0.00040437533014592655,3316
feature_3021,0.00040420738296578475,3317
feature_0285,0.0004033521356752115,3318
feature_2629,0.0004032702074476979,3319
feature_1596,0.0004031031390114663,3320
feature_1982,0.0004027673465125142,3321
feature_2133,0.0004026036609985705,3322
feature_2543,0.00040248702301943004,3323
feature_2920,0.0004021673285172089,3324
feature_1249,0.00040186686784171274,3325
feature_2271,0.00040183450373818485,3326
feature_3972,0.00040170065488146417,3327
feature_0139,0.00040159884616214705,3328
feature_0772,0.0004015104378624107,3329
feature_3583,0.0003990965916316304,3330
feature_1612,0.00039881571555424754,3331
feature_2337,0.0003987941280070681,3332
feature_1230,0.00039875773213293334,3333
feature_0136,0.00039782480168039825,3334
feature_3545,0.0003970527309783459,3335
feature_3648,0.00039701278226710973,3336
feature_1992,0.00039669045537824585,3337
feature_4148,0.00039624468993928606,3338
feature_2637,0.0003961690966297233,3339
feature_2245,0.0003956194954237859,3340
feature_4905,0.00039449855777899515,3341
feature_4508,0.00039408493510838315,3342
feature_2467,0.00039393569725332966,3343
feature_1328,0.0003938405947110729,3344
feature_1070,0.00039377541419422147,3345
feature_0568,0.0003932462588576594,3346
feature_0314,0.0003929787474893202,3347
feature_1184,0.0003910303016754176,3348
feature_3797,0.0003907783684512239,3349
feature_2550,0.00038956566670178474,3350
feature_4787,0.00038950874525671387,3351
feature_1198,0.0003889478107266498,3352
feature_0868,0.0003883845726614401,3353
feature_4989,0.00038767596299434906,3354
feature_3135,0.0003876510114542173,3355
feature_4829,0.00038753622806367386,3356
feature_0208,0.00038751956792043644,3357
feature_2270,0.0003870287654317697,3358
feature_3452,0.0003868248316647913,3359
feature_2605,0.00038682107414157523,3360
feature_3874,0.0003854435993047672,3361
feature_2387,0.0003854294987992783,3362
feature_1495,0.0003852964154627911,3363
feature_2630,0.0003849714982963676,3364
feature_1278,0.00038463867274031026,3365
feature_0162,0.000383959088540557,3366
feature_4890,0.00038349389944529976,3367
feature_2654,0.0003833151748411046,3368
feature_3374,0.0003831879941715639,3369
feature_4603,0.00038264466013346413,3370
feature_3504,0.0003824231878733976,3371
feature_4951,0.0003821978448974288,3372
feature_3105,0.0003814419272874946,3373
feature_2222,0.00038099476087373934,3374
feature_1405,0.0003804366642370332,3375
feature_0266,0.0003801452196288391,3376
feature_1475,0.00037959168590121807,3377
feature_1252,0.0003794230864779417,3378
feature_1478,0.0003787264009261722,3379
feature_0582,0.00037861359128572885,3380
feature_1376,0.00037802287605664383,3381
feature_3904,0.00037802278106422127,3382
feature_2330,0.0003775738904843664,3383
feature_1185,0.0003775551120516656,3384
feature_4606,0.00037725497044333126,3385
feature_0322,0.0003771551263875495,3386
feature_3952,0.0003770586429622884,3387
feature_3841,0.00037673920587630874,3388
feature_0118,0.00037635205406510156,3389
feature_2464,0.0003763461579951446,3390
feature_0950,0.00037613541463852663,3391
feature_1147,0.000375613685103257,3392
feature_3798,0.0003752022847605964,3393
feature_1911,0.0003746155592163517,3394
feature_1833,0.00037398119551728824,3395
feature_4089,0.0003737896063986876,3396
feature_3053,0.0003735914500134618,3397
feature_4120,0.00037263749180397487,3398
feature_1395,0.0003725139224204821,3399
feature_2976,0.0003725050106285399,3400
feature_4974,0.00037238735880465137,3401
feature_2131,0.0003723831560471145,3402
feature_3073,0.0003719365597478905,3403
feature_0623,0.00037182804449684825,3404
feature_0581,0.00037145445003562255,3405
feature_4868,0.0003712705868423328,3406
feature_4067,0.00037112625387457354,3407
feature_3853,0.00037024174472255245,3408
feature_2003,0.0003701357689371662,3409
feature_3222,0.00036955929133372883,3410
feature_1066,0.0003694928677987467,3411
feature_1564,0.0003684114835065755,3412
feature_1509,0.00036835081316038704,3413
feature_3736,0.0003680353110415447,3414
feature_1780,0.0003678857753086867,3415
feature_2082,0.00036747514146276026,3416
feature_4987,0.00036746205959720774,3417
feature_4678,0.00036665334875679367,3418
feature_1102,0.00036659271527017713,3419
feature_1714,0.0003658942971876323,3420
feature_4437,0.0003656808643457046,3421
feature_4776,0.0003654654504621013,3422
feature_3082,0.0003649436773759277,3423
feature_0672,0.00036491150491181997,3424
feature_1717,0.00036487605634568054,3425
feature_1368,0.00036484806023881554,3426
feature_3057,0.00036439868476149603,3427
feature_4731,0.000364202211507333,3428
feature_2820,0.0003641202786099005,3429
feature_2288,0.00036406798172145287,3430
feature_2077,0.00036371296873424525,3431
feature_3733,0.00036351167040147404,3432
feature_0818,0.0003626398742813769,3433
feature_0019,0.00036257472754765743,3434
feature_2888,0.0003623492809516396,3435
feature_0268,0.000362332747391318,3436
feature_1502,0.0003620020631974766,3437
feature_4395,0.00036042691097504394,3438
feature_4180,0.0003602241896096618,3439
feature_3466,0.0003599584680885302,3440
feature_2883,0.0003597798141912252,3441
feature_4813,0.0003591406865135072,3442
feature_3412,0.00035909575259423224,3443
feature_0518,0.00035896590416634893,3444
feature_1072,0.0003585582412058336,3445
feature_3599,0.0003584314211955101,3446
feature_2284,0.000358198168801136,3447
feature_0343,0.00035787027813574055,3448
feature_4824,0.0003576729748274799,3449
feature_1671,0.0003572595492312433,3450
feature_1643,0.0003571597588573389,3451
feature_1987,0.00035648155155624704,3452
feature_0120,0.0003564558657161764,3453
feature_2806,0.0003563791508738191,3454
feature_1045,0.0003563268328741955,3455
feature_2425,0.00035575350779806515,3456
feature_3746,0.000355718480636835,3457
feature_0684,0.0003552405532638664,3458
feature_2311,0.00035505835592948386,3459
feature_3075,0.00035468990842117004,3460
feature_4930,0.00035460124205431373,3461
feature_1685,0.0003540134377878721,3462
feature_1688,0.0003526233215930968,3463
feature_0383,0.00035170720965975536,3464
feature_2908,0.000351689292655315,3465
feature_0696,0.00035141176695518224,3466
feature_1247,0.00035136736230804186,3467
feature_3317,0.0003512074107380583,3468
feature_3754,0.00035087506443142114,3469
feature_3637,0.00035079726864490355,3470
feature_0487,0.00035076203609618817,3471
feature_0656,0.00035040318860942034,3472
feature_3019,0.00034941785528478297,3473
feature_3096,0.00034884215826684156,3474
feature_1327,0.0003485147467568651,3475
feature_3520,0.0003481785741161185,3476
feature_2269,0.00034784635360129773,3477
feature_3062,0.0003477998473596468,3478
feature_3971,0.00034731254071970915,3479
feature_3571,0.0003469285216541561,3480
feature_4996,0.00034674520118592916,3481
feature_2428,0.0003465773919281476,3482
feature_1768,0.0003464248405726639,3483
feature_3900,0.0003463542794894227,3484
feature_4511,0.00034558935823691126,3485
feature_3106,0.00034505626479407176,3486
feature_2081,0.00034496419037306764,3487
feature_3358,0.00034459129544891397,3488
feature_4902,0.00034453912927049577,3489
feature_3848,0.000344399453940731,3490
feature_2905,0.0003441931274637122,3491
feature_3886,0.00034400754303366856,3492
feature_2484,0.0003438187777088481,3493
feature_2676,0.00034313119531904766,3494
feature_3777,0.00034308951490132707,3495
feature_1211,0.0003427877171903139,3496
feature_2577,0.0003427121299386597,3497
feature_0593,0.00034225797961465643,3498
feature_2874,0.0003422168132082303,3499
feature_0745,0.0003418262122956061,3500
feature_2095,0.0003417254532948399,3501
feature_2273,0.000341703296114712,3502
feature_3764,0.0003416528410333914,3503
feature_1402,0.00034067601131519145,3504
feature_2779,0.0003405239956644051,3505
feature_4820,0.0003403948081000614,3506
feature_3666,0.0003402362045604582,3507
feature_1654,0.00034017621837835585,3508
feature_1338,0.0003399031500436563,3509
feature_3423,0.0003394804679969856,3510
feature_4159,0.0003393084880789487,3511
feature_3061,0.00033907991912262116,3512
feature_0498,0.0003385518761304479,3513
feature_3005,0.0003383735252311536,3514
feature_1674,0.0003382747143781771,3515
feature_1441,0.00033776057262031037,3516
feature_3514,0.00033755997843380574,3517
feature_0692,0.0003374758470584498,3518
feature_4863,0.00033732794198652736,3519
feature_1716,0.00033731347091309227,3520
feature_2616,0.0003373007961711069,3521
feature_1388,0.00033725171427093277,3522
feature_1467,0.00033701903305837503,3523
feature_3642,0.0003367293635588898,3524
feature_2339,0.00033584030751110584,3525
feature_2292,0.00033510732048334035,3526
feature_3077,0.0003351056595024291,3527
feature_2580,0.0003347956047666409,3528
feature_2290,0.0003347382840765688,3529
feature_1304,0.0003331212795142618,3530
feature_2286,0.00033276459751097943,3531
feature_2125,0.00033246927728176743,3532
feature_0723,0.00033213511361101085,3533
feature_1357,0.00033200590055538955,3534
feature_2182,0.0003319791924999028,3535
feature_1860,0.0003317467331772342,3536
feature_2351,0.0003312468001575944,3537
feature_3934,0.00033121562616659784,3538
feature_2918,0.0003307904036145726,3539
feature_3014,0.0003307736955391883,3540
feature_0534,0.0003302888056771303,3541
feature_4369,0.00032996184868297425,3542
feature_1134,0.0003299123778862945,3543
feature_2730,0.00032960260016231093,3544
feature_2907,0.0003295656560247714,3545
feature_0634,0.0003295497881066022,3546
feature_2266,0.00032899054271712393,3547
feature_3040,0.00032886393453037977,3548
feature_3001,0.0003284936982518274,3549
feature_1560,0.0003283892571789743,3550
feature_1770,0.0003281587225199442,3551
feature_1362,0.000327636822510328,3552
feature_1763,0.0003275741478151957,3553
feature_0760,0.00032750667592699616,3554
feature_2433,0.0003271678866100173,3555
feature_1690,0.00032683368293699765,3556
feature_0969,0.00032676155807342705,3557
feature_1827,0.00032667546578519417,3558
feature_3929,0.000326464072506305,3559
feature_3314,0.0003263601875947691,3560
feature_0935,0.0003258426189205498,3561
feature_3322,0.00032567356262718655,3562
feature_0522,0.0003255834735542584,3563
feature_2688,0.00032542815007957453,3564
feature_0816,0.00032532367671934503,3565
feature_4455,0.0003250218450420221,3566
feature_4014,0.0003249267464270882,3567
feature_0203,0.0003244516945647443,3568
feature_4783,0.0003240851940376478,3569
feature_4995,0.0003238561735833924,3570
feature_3446,0.0003236418855693669,3571
feature_4358,0.0003235536945414391,3572
feature_4621,0.00032328877790910283,3573
feature_2469,0.0003232160749650691,3574
feature_2770,0.0003230048185640136,3575
feature_0288,0.0003228997517003565,3576
feature_0853,0.0003228989013284256,3577
feature_1176,0.0003228644037570573,3578
feature_0486,0.0003220965432452689,3579
feature_0726,0.0003217822042854343,3580
feature_0715,0.0003215172979534475,3581
feature_2848,0.00032123350308144264,3582
feature_2512,0.00032102198064546983,3583
feature_4311,0.0003204436987829039,3584
feature_2345,0.00032015158294805167,3585
feature_4360,0.0003198020328331005,3586
feature_2528,0.0003194819733988187,3587
feature_2932,0.0003191044101782662,3588
feature_4667,0.0003188102776776329,3589
feature_0190,0.0003186078378019459,3590
feature_0628,0.0003184470133895854,3591
feature_0643,0.0003180119689194075,3592
feature_3205,0.0003179521345757339,3593
feature_2752,0.0003179169692717668,3594
feature_2160,0.0003176843603097681,3595
feature_4482,0.00031694528340679435,3596
feature_2094,0.0003169406293935528,3597
feature_0941,0.0003169098698565176,3598
feature_4257,0.0003168345617718145,3599
feature_1830,0.00031668377339758665,3600
feature_1349,0.00031612635436239274,3601
feature_4891,0.000315888991574219,3602
feature_3376,0.00031569747444348524,3603
feature_4042,0.0003151470814105431,3604
feature_3309,0.0003151369281358891,3605
feature_4840,0.00031504027654492205,3606
feature_0784,0.00031482270461824854,3607
feature_1635,0.00031478520272231803,3608
feature_3584,0.00031436214143044813,3609
feature_1461,0.0003143306009655183,3610
feature_2391,0.00031415749442314936,3611
feature_3413,0.00031395763113811954,3612
feature_0548,0.0003138300879005469,3613
feature_0934,0.00031382270734429626,3614
feature_1480,0.0003137965340142817,3615
feature_4447,0.0003137409657248825,3616
feature_1281,0.00031353397542223464,3617
feature_1259,0.00031290919500948246,3618
feature_2471,0.00031276064700238107,3619
feature_3204,0.00031257705180886544,3620
feature_1092,0.0003124256294183816,3621
feature_1350,0.0003122195082409468,3622
feature_0530,0.00031216130863308836,3623
feature_4051,0.00031129257180889387,3624
feature_1291,0.00031112927331300173,3625
feature_4627,0.00031018401078526984,3626
feature_4708,0.00030955970681571056,3627
feature_4691,0.000309348028286401,3628
feature_1129,0.000309304313558023,3629
feature_4537,0.0003086796903022037,3630
feature_3379,0.0003083390057227108,3631
feature_4313,0.00030796444622061,3632
feature_0936,0.00030767950365143376,3633
feature_0073,0.0003071643405412884,3634
feature_4304,0.0003070974153241105,3635
feature_4932,0.000306877432707092,3636
feature_4669,0.00030666393464146843,3637
feature_2163,0.0003063384271714668,3638
feature_2055,0.0003057500783339596,3639
feature_2207,0.0003057340138982074,3640
feature_1920,0.0003053489302892815,3641
feature_3543,0.0003048048841116517,3642
feature_0910,0.00030469359185832996,3643
feature_4544,0.0003046048748415189,3644
feature_0801,0.00030391284405856164,3645
feature_1866,0.0003036430117343147,3646
feature_3513,0.0003028310724620527,3647
feature_2076,0.0003021690976380457,3648
feature_1802,0.00030031498153675567,3649
feature_4908,0.0003001505530597377,3650
feature_3977,0.00030008256372557123,3651
feature_3088,0.0002997661944472789,3652
feature_4451,0.0002995813086646922,3653
feature_0722,0.00029926968699952954,3654
feature_2397,0.0002991248619263327,3655
feature_1761,0.00029882978352551077,3656
feature_2429,0.0002987943435168043,3657
feature_4973,0.0002974401469986455,3658
feature_2745,0.000297404415926408,3659
feature_3527,0.0002970483417855466,3660
feature_1849,0.00029673176748251277,3661
feature_4920,0.0002967147893164197,3662
feature_1453,0.00029669868252145474,3663
feature_2514,0.00029663875262760754,3664
feature_0235,0.0002961020814423672,3665
feature_4964,0.00029603812733650667,3666
feature_0216,0.0002959237209766989,3667
feature_2540,0.0002957584583660323,3668
feature_1056,0.00029502830067376114,3669
feature_3267,0.0002949528574754418,3670
feature_3248,0.0002938474867889955,3671
feature_4176,0.0002937416949424923,3672
feature_2488,0.0002921230286100311,3673
feature_3951,0.0002916724578460638,3674
feature_1913,0.0002916005611106096,3675
feature_3418,0.00029134183597517995,3676
feature_0823,0.00029110516638440934,3677
feature_1673,0.00029040258376483713,3678
feature_1615,0.00029027728444569554,3679
feature_3478,0.00028941149209608014,3680
feature_4632,0.0002891400330958722,3681
feature_0127,0.00028894459270682065,3682
feature_2935,0.00028890276579439524,3683
feature_4938,0.00028850653920867186,3684
feature_1073,0.00028850307196008645,3685
feature_4530,0.00028810893913937946,3686
feature_2818,0.00028809603168354386,3687
feature_4636,0.0002879748888968334,3688
feature_1337,0.00028797105648680686,3689
feature_3173,0.0002879365545766055,3690
feature_3851,0.00028788125802144815,3691
feature_4166,0.0002875221233115366,3692
feature_2268,0.0002873038982671893,3693
feature_2576,0.00028664063205092994,3694
feature_2847,0.00028652688788750966,3695
feature_3207,0.00028640099903574716,3696
feature_0878,0.00028585831963456177,3697
feature_0729,0.00028556863806472767,3698
feature_2870,0.00028542337038654574,3699
feature_4899,0.00028497278265191895,3700
feature_0959,0.00028493559060157404,3701
feature_3130,0.00028400528746017983,3702
feature_3253,0.0002839836154207666,3703
feature_1876,0.00028326157993139423,3704
feature_4044,0.0002830763517218997,3705
feature_2111,0.00028304729974517934,3706
feature_4461,0.0002825970053954101,3707
feature_3027,0.00028258790821495864,3708
feature_2278,0.00028254514903648805,3709
feature_2419,0.0002820079956568337,3710
feature_0666,0.00028194624909145974,3711
feature_2105,0.0002817732661403703,3712
feature_3273,0.00028173250196780703,3713
feature_4532,0.00028142721912637677,3714
feature_1406,0.0002813152956464496,3715
feature_0964,0.00028123598463461984,3716
feature_1682,0.00028062465034102787,3717
feature_0055,0.00028043185599208395,3718
feature_4591,0.00028024853257851084,3719
feature_4448,0.0002799478941283096,3720
feature_4560,0.00027984178475938445,3721
feature_4225,0.00027973511153473157,3722
feature_2015,0.00027903865800109893,3723
feature_1600,0.0002789761313017181,3724
feature_3283,0.00027882640361399225,3725
feature_2453,0.00027873631190999194,3726
feature_4543,0.0002786584041902732,3727
feature_2045,0.00027830919558462485,3728
feature_2890,0.0002782198629896337,3729
feature_2996,0.0002780769993077932,3730
feature_3482,0.0002771768038204312,3731
feature_4594,0.0002764751491552317,3732
feature_0636,0.00027543673860322063,3733
feature_4655,0.000275256004778423,3734
feature_3218,0.0002750602774032244,3735
feature_3825,0.000274913474941732,3736
feature_3125,0.00027452626149009816,3737
feature_0783,0.00027445689987900195,3738
feature_4052,0.0002744476369240392,3739
feature_2401,0.00027423543170034524,3740
feature_3579,0.00027406215671128923,3741
feature_3159,0.0002739788606413616,3742
feature_0785,0.0002735383818042441,3743
feature_4674,0.00027332673452307995,3744
feature_2097,0.0002729200032631442,3745
feature_3160,0.0002722586280170498,3746
feature_4041,0.00027214087812216356,3747
feature_2183,0.0002721040433461354,3748
feature_2100,0.00027202831377498896,3749
feature_3442,0.0002717799122371897,3750
feature_4771,0.00027142993813478823,3751
feature_4861,0.0002713880273757798,3752
feature_4634,0.00027136237124934543,3753
feature_3227,0.00027007407267707733,3754
feature_0609,0.0002696372025052146,3755
feature_2274,0.0002696220235926773,3756
feature_4898,0.0002694828074541269,3757
feature_2729,0.0002691311208805173,3758
feature_4200,0.00026911562440046227,3759
feature_3453,0.0002690019638863802,3760
feature_2927,0.0002689593962757633,3761
feature_4429,0.00026884804106517635,3762
feature_1532,0.0002687672946669825,3763
feature_3101,0.00026874562131379395,3764
feature_3416,0.00026775330489143395,3765
feature_1080,0.0002674793523019378,3766
feature_2157,0.00026686606030104567,3767
feature_2046,0.00026620938989058883,3768
feature_2277,0.00026566457311006227,3769
feature_3157,0.00026565060440338957,3770
feature_0685,0.00026501494080397085,3771
feature_2285,0.00026474481773179317,3772
feature_0171,0.00026368707865428515,3773
feature_0509,0.0002635288828801517,3774
feature_1316,0.00026333777129492294,3775
feature_0131,0.00026330812009146316,3776
feature_1321,0.0002631763990877646,3777
feature_0962,0.0002625112926906993,3778
feature_4289,0.0002623532128727058,3779
feature_4984,0.0002622868209616899,3780
feature_4698,0.00026216741657802164,3781
feature_0756,0.0002620515585670172,3782
feature_0960,0.0002620295266043755,3783
feature_3167,0.0002620013810096544,3784
feature_0286,0.00026173023523023156,3785
feature_2544,0.0002613373568575254,3786
feature_4699,0.0002611837870696558,3787
feature_4509,0.0002611493055922761,3788
feature_0701,0.00026091938297994645,3789
feature_0499,0.00026077217014331495,3790
feature_3532,0.0002607583591801694,3791
feature_0364,0.00025995193533345887,3792
feature_2448,0.0002599017658350674,3793
feature_4174,0.00025972797447114214,3794
feature_1847,0.00025967755055821305,3795
feature_1527,0.0002592861231461015,3796
feature_4013,0.0002592375100223354,3797
feature_0305,0.000259185394959624,3798
feature_3347,0.0002589589490131065,3799
feature_0612,0.00025872199553578755,3800
feature_3633,0.0002585666184067901,3801
feature_4939,0.0002580323212158483,3802
feature_0750,0.00025784260612143667,3803
feature_4734,0.0002574889783671191,3804
feature_4187,0.0002573357512458889,3805
feature_0023,0.00025722515216856185,3806
feature_3439,0.00025673933657778276,3807
feature_2320,0.000256730449502433,3808
feature_1487,0.00025646785241797434,3809
feature_4469,0.0002561616665402099,3810
feature_4966,0.0002561097814141968,3811
feature_4168,0.00025564581670241477,3812
feature_3524,0.00025498926475039664,3813
feature_1166,0.0002545933667141429,3814
feature_1592,0.0002542970129670123,3815
feature_0649,0.0002542941724447119,3816
feature_4269,0.0002542591979011294,3817
feature_3238,0.0002538736453667438,3818
feature_3902,0.00025373641063873445,3819
feature_3345,0.00025371725942390807,3820
feature_3685,0.0002537166145286896,3821
feature_4191,0.0002536027606924706,3822
feature_3735,0.00025357565654082336,3823
feature_2984,0.0002530757274775497,3824
feature_1471,0.00025300589744354596,3825
feature_3394,0.0002524247039723625,3826
feature_0041,0.0002522429413219878,3827
feature_3786,0.0002522350494300243,3828
feature_1058,0.0002522258102683006,3829
feature_4039,0.00025219805193801083,3830
feature_3326,0.0002519291199669236,3831
feature_0576,0.00025191098861824537,3832
feature_3385,0.0002518624841059291,3833
feature_1039,0.00025185977132718875,3834
feature_3891,0.0002517633413561712,3835
feature_4419,0.00025163650330673756,3836
feature_2279,0.0002513863058128748,3837
feature_2153,0.0002510671047050162,3838
feature_3547,0.00024997841436219455,3839
feature_0316,0.0002497782690455274,3840
feature_2582,0.0002495613102287115,3841
feature_0270,0.0002495019636881288,3842
feature_2878,0.0002494027151267288,3843
feature_3665,0.00024926960890973886,3844
feature_3790,0.0002487681908234543,3845
feature_3755,0.0002475571838021278,3846
feature_0244,0.00024748271204983136,3847
feature_0251,0.000247062889582751,3848
feature_0351,0.00024697745713123017,3849
feature_4810,0.00024659438386973915,3850
feature_2199,0.00024610611996756567,3851
feature_4600,0.0002454120659728886,3852
feature_1535,0.0002450932207146368,3853
feature_1493,0.00024506016461813034,3854
feature_0160,0.000244951490011881,3855
feature_3821,0.00024396918192116845,3856
feature_1863,0.00024393044545010644,3857
feature_3598,0.00024391988015664187,3858
feature_2551,0.00024359920315721216,3859
feature_2002,0.00024355848059564008,3860
feature_1418,0.00024345942289404938,3861
feature_4484,0.00024317791318771703,3862
feature_4811,0.00024273008792321304,3863
feature_2683,0.00024245226488727438,3864
feature_0843,0.00024242000637781887,3865
feature_2748,0.00024209443055007716,3866
feature_2172,0.00024202979942736528,3867
feature_4210,0.00024140878008803128,3868
feature_4826,0.00024118838467998796,3869
feature_3321,0.00024102127571192308,3870
feature_0173,0.00024062560976288274,3871
feature_0505,0.00024038963919393452,3872
feature_1137,0.00023982993839282953,3873
feature_1459,0.00023981864380593168,3874
feature_4814,0.00023965617575773298,3875
feature_2815,0.00023925357961050372,3876
feature_4706,0.00023900572349109308,3877
feature_0953,0.00023893017744947833,3878
feature_0763,0.00023863582021807107,3879
feature_3201,0.00023782830591474784,3880
feature_2380,0.00023719098106122856,3881
feature_0521,0.00023691808977046542,3882
feature_1551,0.00023688278700606213,3883
feature_3899,0.00023658098394255164,3884
feature_0979,0.00023648863952549964,3885
feature_3979,0.00023630485521492072,3886
feature_3036,0.00023607751633366371,3887
feature_2254,0.00023591583885352566,3888
feature_1273,0.00023578577633981914,3889
feature_2411,0.0002357663989296965,3890
feature_1456,0.00023504434908903942,3891
feature_3872,0.0002350176882817936,3892
feature_2718,0.0002343550284859255,3893
feature_1162,0.0002342594134568074,3894
feature_1540,0.00023411606171984712,3895
feature_0038,0.00023371123510497447,3896
feature_2623,0.0002329147590279004,3897
feature_2812,0.00023239979837793692,3898
feature_3753,0.00023221507066707367,3899
feature_4192,0.0002320536575364101,3900
feature_4023,0.00023181580762670452,3901
feature_3726,0.00023180255280562417,3902
feature_0205,0.00023177916470989914,3903
feature_1037,0.00023145498287647096,3904
feature_3362,0.00023141951198774152,3905
feature_4993,0.00023134457605113998,3906
feature_0020,0.00023123620429814286,3907
feature_3070,0.00023105646583623297,3908
feature_0221,0.00023091520912138443,3909
feature_3994,0.00023082430799385435,3910
feature_1664,0.0002304707085257009,3911
feature_0678,0.00022921629451692647,3912
feature_2301,0.00022893304726858308,3913
feature_3260,0.00022793110911417577,3914
feature_1857,0.0002277785145438042,3915
feature_0284,0.00022738869522183702,3916
feature_4318,0.00022735316591611954,3917
feature_0613,0.00022711567409738233,3918
feature_2283,0.00022680384946734808,3919
feature_3700,0.0002265025724572783,3920
feature_2013,0.00022648123444274219,3921
feature_1669,0.0002263024726853993,3922
feature_3240,0.00022626373594160276,3923
feature_0620,0.0002261976169918042,3924
feature_1521,0.0002259900499369751,3925
feature_0172,0.0002256834264805647,3926
feature_0050,0.00022559772065763832,3927
feature_3966,0.00022518865935284934,3928
feature_0352,0.0002250142047613756,3929
feature_3045,0.00022500564804256055,3930
feature_1348,0.00022477861819814499,3931
feature_4758,0.00022468255580696702,3932
feature_0088,0.0002245127554924116,3933
feature_3310,0.00022436699372477286,3934
feature_0931,0.00022402083974479823,3935
feature_2434,0.0002237383695754517,3936
feature_1038,0.00022372739585864606,3937
feature_4468,0.00022371251436673704,3938
feature_0604,0.00022370765079986706,3939
feature_2417,0.0002235313934793362,3940
feature_0866,0.0002234619445297989,3941
feature_2759,0.00022315317175712442,3942
feature_3244,0.00022299935214261204,3943
feature_3643,0.00022273913607431827,3944
feature_3080,0.0002222977207470258,3945
feature_3678,0.0002222914866624277,3946
feature_3480,0.0002217515414716888,3947
feature_3580,0.00022144170736757867,3948
feature_3168,0.0002213520552815578,3949
feature_0249,0.00022132762169952447,3950
feature_1061,0.00022075924975507047,3951
feature_3741,0.0002207526352793851,3952
feature_0904,0.0002204264667567586,3953
feature_4613,0.00022033579616787853,3954
feature_2750,0.00022004195044787207,3955
feature_1812,0.00021980488566972488,3956
feature_4449,0.00021944056407983652,3957
feature_3054,0.00021939445412343147,3958
feature_3035,0.00021919238155807815,3959
feature_4007,0.00021871958773511592,3960
feature_2291,0.00021868276847384564,3961
feature_1853,0.00021836432396256774,3962
feature_0561,0.00021822240333012853,3963
feature_2869,0.00021806457770543537,3964
feature_3392,0.0002178075834992854,3965
feature_0218,0.0002167194311117253,3966
feature_2933,0.000216692512011218,3967
feature_1264,0.0002166329875394141,3968
feature_2937,0.00021655212541949907,3969
feature_2123,0.00021650117608188341,3970
feature_3810,0.00021559242138683162,3971
feature_2653,0.00021554133854501266,3972
feature_3591,0.00021548358328108861,3973
feature_2318,0.0002151104964277042,3974
feature_1204,0.00021502976576340618,3975
feature_3039,0.00021500109032913245,3976
feature_0229,0.00021453985874337917,3977
feature_2763,0.00021442659315899125,3978
feature_4566,0.00021389789074275695,3979
feature_4985,0.0002137280534664042,3980
feature_3433,0.00021344695794119891,3981
feature_3957,0.0002132382556930505,3982
feature_0168,0.0002125983810780453,3983
feature_3371,0.00021175719841463615,3984
feature_4054,0.00021153857922178644,3985
feature_0596,0.00021119426334992287,3986
feature_4466,0.00021047061342116118,3987
feature_3495,0.00021029918566041375,3988
feature_1416,0.0002099191764705361,3989
feature_3492,0.000209783580540392,3990
feature_1481,0.00020975593131560428,3991
feature_4004,0.00020897559165217484,3992
feature_2572,0.00020869865499356218,3993
feature_3835,0.00020847581333470854,3994
feature_2068,0.00020846866025015163,3995
feature_4480,0.0002084158816437343,3996
feature_2873,0.0002082529138796013,3997
feature_4726,0.00020813465937083445,3998
feature_4582,0.0002076780696340141,3999
feature_3619,0.00020749478352540207,4000
feature_4887,0.00020734246235578675,4001
feature_3154,0.00020699870075849202,4002
feature_1543,0.0002069643386208193,4003
feature_4761,0.0002065790094355794,4004
feature_3844,0.00020627178880519817,4005
feature_1097,0.00020608076527314797,4006
feature_3944,0.00020600024502242525,4007
feature_3681,0.00020521625248387122,4008
feature_2737,0.0002049450876845683,4009
feature_1130,0.00020458769888981361,4010
feature_1036,0.000204279400820703,4011
feature_0674,0.00020412429630779113,4012
feature_3573,0.00020390171254738076,4013
feature_1822,0.00020375841925522454,4014
feature_2747,0.00020370292620987287,4015
feature_3815,0.0002036405316312664,4016
feature_3976,0.00020329439143620384,4017
feature_1705,0.0002031576532893248,4018
feature_3687,0.0002030689084033099,4019
feature_3008,0.00020275526661638993,4020
feature_1105,0.00020254587026497507,4021
feature_1384,0.0002021491657412858,4022
feature_4177,0.00020205226207938473,4023
feature_4815,0.00020133167036760327,4024
feature_2117,0.00020062011324026627,4025
feature_0089,0.00020039919715300784,4026
feature_0231,0.00020038246932378956,4027
feature_2804,0.00020030021655716087,4028
feature_4856,0.00020002184053894732,4029
feature_2064,0.00019941566301855349,4030
feature_3426,0.00019899169432244284,4031
feature_2021,0.0001989596804778603,4032
feature_2023,0.00019888507601746846,4033
feature_2198,0.00019858598568812526,4034
feature_3792,0.00019777543477436128,4035
feature_1193,0.00019773644939185766,4036
feature_3022,0.00019765397779949087,4037
feature_3323,0.0001975893030652798,4038
feature_2237,0.00019745998490959679,4039
feature_3007,0.00019644174836949354,4040
feature_4229,0.0001961979250543164,4041
feature_0944,0.00019586883171146365,4042
feature_1207,0.0001957863177188696,4043
feature_4793,0.00019570426752088595,4044
feature_2817,0.00019564408642835265,4045
feature_4773,0.00019562937765274838,4046
feature_0839,0.0001952900920822438,4047
feature_3215,0.00019501299170802174,4048
feature_1145,0.00019494755924098645,4049
feature_4349,0.00019481734197391264,4050
feature_3737,0.00019351288849282585,4051
feature_4525,0.00019328154983286807,4052
feature_0037,0.00019288588050515775,4053
feature_3596,0.00019282345926354034,4054
feature_1892,0.00019269930711128218,4055
feature_3930,0.0001926315472916688,4056
feature_4136,0.00019251479452004247,4057
feature_1108,0.00019240830988853945,4058
feature_2505,0.00019189863181100436,4059
feature_3522,0.0001917287586937299,4060
feature_2080,0.00019171797110143328,4061
feature_2249,0.00019166291324160882,4062
feature_2837,0.00019137801434154653,4063
feature_1899,0.00019119676097325528,4064
feature_3502,0.00019105182373657656,4065
feature_0211,0.00019096212018259378,4066
feature_2853,0.00019086876975421703,4067
feature_3221,0.000190066834257409,4068
feature_4807,0.00019002566253749787,4069
feature_2353,0.00019001611492790724,4070
feature_2930,0.0001894769244497362,4071
feature_2650,0.0001894127456828364,4072
feature_3138,0.00018814187528891124,4073
feature_0688,0.0001880327321285891,4074
feature_2169,0.00018794016061702605,4075
feature_4982,0.0001878598855885414,4076
feature_0540,0.00018780572698793104,4077
feature_2852,0.00018775112959954312,4078
feature_0804,0.00018772696862318045,4079
feature_2673,0.000187337459888004,4080
feature_4397,0.0001873071981463581,4081
feature_4846,0.00018728373253542493,4082
feature_0923,0.00018726771714939428,4083
feature_3363,0.00018622799860604566,4084
feature_2584,0.00018602132141184636,4085
feature_1419,0.00018599657048176495,4086
feature_0559,0.00018581498486892122,4087
feature_1253,0.00018581186402472088,4088
feature_4443,0.00018544866368617379,4089
feature_1417,0.0001851427809567368,4090
feature_1300,0.0001848604760550835,4091
feature_1765,0.00018466590123264681,4092
feature_1403,0.00018416954748545365,4093
feature_3531,0.00018300758877726086,4094
feature_1202,0.00018277141926815405,4095
feature_2617,0.0001827540595989095,4096
feature_4588,0.0001823918368311834,4097
feature_2035,0.00018235384195827088,4098
feature_0273,0.00018168768262668818,4099
feature_0400,0.00018132663319557021,4100
feature_2995,0.00018085353988879561,4101
feature_3313,0.0001808435304577524,4102
feature_2053,0.00018051200766455686,4103
feature_0916,0.00017993974762594938,4104
feature_1789,0.0001799359888708527,4105
feature_3213,0.0001798220861881931,4106
feature_1269,0.0001793944805498172,4107
feature_1087,0.00017931652754269898,4108
feature_0786,0.0001790814394456719,4109
feature_4607,0.00017894409242110888,4110
feature_0791,0.00017874062477332684,4111
feature_4137,0.00017841006282137264,4112
feature_1244,0.00017818750194835184,4113
feature_3451,0.0001780535986045092,4114
feature_0754,0.00017769540065990135,4115
feature_0945,0.0001775703984732666,4116
feature_1695,0.00017689195205111572,4117
feature_2014,0.0001768054984458972,4118
feature_2470,0.00017631147791951946,4119
feature_4901,0.00017585949973344183,4120
feature_1858,0.00017535936063733788,4121
feature_3756,0.00017498953987115097,4122
feature_4681,0.0001749737859605159,4123
feature_0699,0.00017470844933858924,4124
feature_2175,0.00017469096064707818,4125
feature_1980,0.00017462590420719924,4126
feature_2772,0.00017450177372663317,4127
feature_3237,0.00017445797579120507,4128
feature_3395,0.0001743061182088794,4129
feature_2811,0.00017421985756605265,4130
feature_1031,0.00017407903704491333,4131
feature_3200,0.00017365323867548336,4132
feature_4412,0.00017355064438805303,4133
feature_3772,0.0001733716210127488,4134
feature_3575,0.00017294036935126827,4135
feature_0597,0.00017289274245687556,4136
feature_2109,0.00017270072462561412,4137
feature_1597,0.0001725944375817196,4138
feature_1352,0.00017248478521644252,4139
feature_0214,0.00017190420683441278,4140
feature_0086,0.00017166029934347985,4141
feature_0242,0.00017145378399680385,4142
feature_0893,0.0001709754216416539,4143
feature_2880,0.000170600178133572,4144
feature_0528,0.00017048682564937775,4145
feature_3768,0.0001698976135503928,4146
feature_1668,0.00016988979672954605,4147
feature_4323,0.00016970695703365617,4148
feature_3370,0.0001694995968225376,4149
feature_4298,0.0001693033964325279,4150
feature_2158,0.00016919297334598284,4151
feature_0319,0.00016862640421152296,4152
feature_2913,0.000168508761054596,4153
feature_3334,0.0001679731883932133,4154
feature_0967,0.00016752092098404654,4155
feature_0639,0.0001673495212426438,4156
feature_3308,0.0001672584664870595,4157
feature_1910,0.00016721765842634095,4158
feature_1813,0.0001670029480656614,4159
feature_4144,0.00016661777735898554,4160
feature_3817,0.0001664808902031072,4161
feature_0108,0.00016632474283367226,4162
feature_2188,0.00016602616764113483,4163
feature_1450,0.00016599037102399468,4164
feature_3540,0.00016598604752674902,4165
feature_0782,0.0001656275629686978,4166
feature_3752,0.00016558249343054675,4167
feature_4483,0.00016543555518664545,4168
feature_1681,0.00016506945943161615,4169
feature_1457,0.00016505493698811078,4170
feature_1458,0.00016432000330836226,4171
feature_2255,0.00016337397539494393,4172
feature_1426,0.00016306397442831743,4173
feature_3982,0.00016281156762651378,4174
feature_2379,0.00016247533118894552,4175
feature_0488,0.0001622596667040678,4176
feature_4149,0.00016217069497233318,4177
feature_3076,0.00016212154598420562,4178
feature_2911,0.00016187509557462912,4179
feature_3814,0.00016132341093072548,4180
feature_2049,0.00016068174839736193,4181
feature_0192,0.0001606284433372425,4182
feature_1323,0.00016060089966067094,4183
feature_3692,0.00016042093827367838,4184
feature_2897,0.0001602447997666943,4185
feature_0577,0.00016011768208642812,4186
feature_2961,0.00016010640910153992,4187
feature_0525,0.0001599760654375445,4188
feature_3083,0.00015997086215994996,4189
feature_3483,0.0001595654661377991,4190
feature_2830,0.00015945749245302834,4191
feature_1616,0.00015933710585117573,4192
feature_2004,0.00015899127506611128,4193
feature_2959,0.00015896271599795568,4194
feature_3472,0.00015881655701864943,4195
feature_2321,0.00015840259687898624,4196
feature_4769,0.00015802403462122878,4197
feature_1624,0.00015792097389697745,4198
feature_3728,0.00015743737550613464,4199
feature_4034,0.0001573012197550119,4200
feature_2168,0.00015684528898217518,4201
feature_2620,0.00015682602920055757,4202
feature_2819,0.00015677506338800554,4203
feature_0542,0.00015641043569649183,4204
feature_4889,0.0001563693756886088,4205
feature_3263,0.00015629445531261025,4206
feature_0694,0.00015611317465662037,4207
feature_1317,0.0001558907491562131,4208
feature_1563,0.00015567152627930133,4209
feature_4956,0.0001554721310030154,4210
feature_3329,0.00015546695283417895,4211
feature_1115,0.00015521412356367596,4212
feature_2316,0.0001550576063296864,4213
feature_4892,0.0001549413500379065,4214
feature_2733,0.00015481784056153676,4215
feature_0710,0.00015445499706041803,4216
feature_0949,0.0001539093136655619,4217
feature_2276,0.000153630486920676,4218
feature_2768,0.00015362203071408545,4219
feature_4903,0.0001535983828562944,4220
feature_2524,0.0001535773299536514,4221
feature_1485,0.00015281130051575707,4222
feature_4009,0.00015273146390610317,4223
feature_2059,0.0001522682542933554,4224
feature_3278,0.00015215685772501625,4225
feature_2738,0.00015170544349165952,4226
feature_0252,0.0001515190041803648,4227
feature_0963,0.0001510412257760897,4228
feature_4035,0.00015101325554120435,4229
feature_2810,0.0001509144014347812,4230
feature_0219,0.00015084760823317274,4231
feature_2492,0.00015055505328328335,4232
feature_1131,0.00015043305496022067,4233
feature_4315,0.00015037928354638994,4234
feature_2778,0.00014983669951815188,4235
feature_3922,0.00014945787690067103,4236
feature_3422,0.00014906149885000132,4237
feature_1856,0.00014836948417298694,4238
feature_4917,0.00014836619169455168,4239
feature_2579,0.0001480318369065544,4240
feature_3419,0.0001476896707318724,4241
feature_1094,0.00014714872012169307,4242
feature_1623,0.00014709869757955832,4243
feature_4454,0.00014707425787614442,4244
feature_2241,0.0001466330482811591,4245
feature_4958,0.0001464917996573196,4246
feature_1530,0.00014645931116682932,4247
feature_3674,0.00014643540136961714,4248
feature_0580,0.0001463735597590095,4249
feature_2560,0.00014623473580860236,4250
feature_1098,0.00014622396880710535,4251
feature_2231,0.00014617838031484885,4252
feature_1778,0.00014612501859327868,4253
feature_2416,0.0001461191008973084,4254
feature_3382,0.00014598089746788832,4255
feature_1360,0.00014591493204421847,4256
feature_1392,0.00014562231352113712,4257
feature_0718,0.00014527602606507177,4258
feature_3932,0.00014485574794595473,4259
feature_1347,0.00014438129645915251,4260
feature_4818,0.00014405491708138808,4261
feature_1169,0.000143435693059803,4262
feature_2710,0.00014340523608551565,4263
feature_0346,0.00014331033511199255,4264
feature_3963,0.00014302018378874575,4265
feature_4756,0.00014289427132765505,4266
feature_2792,0.00014182418127897642,4267
feature_3964,0.00014175280684218836,4268
feature_2017,0.0001416577892230509,4269
feature_2034,0.00014159345515351766,4270
feature_0735,0.0001415761325307155,4271
feature_2243,0.00014110652793842822,4272
feature_4735,0.00014094650852071209,4273
feature_3719,0.00014077035661619615,4274
feature_0116,0.00014072595934692391,4275
feature_4944,0.00014070637419099497,4276
feature_2154,0.00014042610954536022,4277
feature_3295,0.00014021160411784486,4278
feature_2180,0.00013984909516598327,4279
feature_4517,0.00013890375048461457,4280
feature_0844,0.00013847370570403326,4281
feature_3931,0.00013831848007378678,4282
feature_1081,0.0001381003553649824,4283
feature_2054,0.00013751591593375522,4284
feature_1140,0.0001373360887509822,4285
feature_3330,0.00013656497463663536,4286
feature_1096,0.0001365019306441385,4287
feature_4235,0.0001364990178142758,4288
feature_3750,0.00013616264373218613,4289
feature_3441,0.00013593726745816085,4290
feature_0986,0.00013558543260275619,4291
feature_0036,0.0001355133767329447,4292
feature_1181,0.00013533874818127812,4293
feature_3224,0.00013520534362640617,4294
feature_0881,0.0001350808472842003,4295
feature_0554,0.00013498292192891392,4296
feature_4912,0.0001346053115709614,4297
feature_3465,0.00013452024249102894,4298
feature_0510,0.00013382100137153337,4299
feature_3307,0.0001336975572058408,4300
feature_3443,0.00013328643908554953,4301
feature_0894,0.00013328071577979703,4302
feature_1231,0.00013317718206748883,4303
feature_3739,0.0001329545109742176,4304
feature_1808,0.00013205753258268147,4305
feature_1874,0.00013204383554509121,4306
feature_4978,0.00013179926626837618,4307
feature_2432,0.0001316806318814042,4308
feature_0851,0.0001312855451561821,4309
feature_0197,0.00013123267821961622,4310
feature_0514,0.0001308271053003165,4311
feature_1898,0.00013072633098132284,4312
feature_3216,0.00013072231647977864,4313
feature_0234,0.0001306433577706203,4314
feature_2148,0.00013053686895129617,4315
feature_2910,0.00012997710701082536,4316
feature_4319,0.00012978167486233562,4317
feature_1657,0.00012942462765925603,4318
feature_0265,0.00012931900062355261,4319
feature_3355,0.00012925162711741823,4320
feature_1190,0.0001291432510032259,4321
feature_3013,0.0001291286965240531,4322
feature_2305,0.0001285413541456584,4323
feature_1468,0.0001284594139799285,4324
feature_3511,0.00012842694855390887,4325
feature_4037,0.000128324672329228,4326
feature_2048,0.0001282163514543707,4327
feature_3606,0.0001281919936686993,4328
feature_2224,0.000128131927727845,4329
feature_3691,0.00012786791144952324,4330
feature_2267,0.00012759437693468613,4331
feature_0042,0.00012731015827712895,4332
feature_4029,0.0001272959668101255,4333
feature_1470,0.000127004013300544,4334
feature_3259,0.0001268147353908987,4335
feature_3729,0.00012675221134692384,4336
feature_0110,0.0001266675036825034,4337
feature_4766,0.00012614111006773663,4338
feature_3774,0.00012608873399337636,4339
feature_4760,0.00012608108180414736,4340
feature_1655,0.00012602116992508516,4341
feature_2583,0.00012588510647417738,4342
feature_1271,0.0001258748285619612,4343
feature_2024,0.00012545717356288893,4344
feature_0303,0.00012540680842783005,4345
feature_0552,0.0001253804037082718,4346
feature_0589,0.00012535257632058816,4347
feature_1867,0.00012529468891908126,4348
feature_4307,0.00012504907175887953,4349
feature_0329,0.00012424624840130793,4350
feature_1680,0.00012400090138798268,4351
feature_4433,0.00012398201527754815,4352
feature_4479,0.00012386325336388176,4353
feature_3431,0.00012363375417082394,4354
feature_1661,0.0001229692253833018,4355
feature_0926,0.00012250980484036815,4356
feature_3128,0.00012247961747570733,4357
feature_4197,0.00012192742517098043,4358
feature_3631,0.00012182229974212553,4359
feature_1196,0.00012174474799490978,4360
feature_2088,0.00012160621791599037,4361
feature_0606,0.00012121399083642874,4362
feature_1167,0.00012116195344825122,4363
feature_1047,0.00012094436170741276,4364
feature_3282,0.00012088915072110148,4365
feature_3984,0.00012077402593618181,4366
feature_0007,0.00012071497007627438,4367
feature_1622,0.00012062718571198272,4368
feature_3697,0.00012054437234353123,4369
feature_3970,0.00012035988167672558,4370
feature_1782,0.00011985044301255935,4371
feature_3038,0.00011973723893559026,4372
feature_1909,0.00011968893690883102,4373
feature_3074,0.000119603266636231,4374
feature_2406,0.00011953683311824883,4375
feature_1276,0.00011945386190504232,4376
feature_0018,0.00011932984714548603,4377
feature_2096,0.00011928947885977962,4378
feature_2997,0.00011923379350001022,4379
feature_0177,0.00011883146438694032,4380
feature_4463,0.00011873704986796484,4381
feature_3464,0.00011866628239421641,4382
feature_1286,0.00011861932580793125,4383
feature_3235,0.00011849099701716639,4384
feature_4709,0.00011847861061995824,4385
feature_2075,0.00011835363180730309,4386
feature_0733,0.00011828999689306794,4387
feature_1542,0.0001182030201538941,4388
feature_3437,0.00011816496276981116,4389
feature_0220,0.00011815567226001733,4390
feature_4553,0.00011808140518066895,4391
feature_1794,0.00011769861483125693,4392
feature_2215,0.00011732277664730787,4393
feature_0084,0.00011696586130601082,4394
feature_3916,0.00011663725471450035,4395
feature_4367,0.00011641516530839153,4396
feature_3845,0.0001163681693098215,4397
feature_4630,0.00011617903147899732,4398
feature_3696,0.00011589604008179613,4399
feature_1235,0.00011572050647191356,4400
feature_1807,0.00011449632075397317,4401
feature_3955,0.00011420167617231967,4402
feature_2258,0.00011417604482119043,4403
feature_2940,0.00011408224801755347,4404
feature_1758,0.00011396007571085858,4405
feature_2300,0.00011387085903199854,4406
feature_0970,0.00011352096716179695,4407
feature_3563,0.00011349452260815966,4408
feature_2923,0.00011240938651107297,4409
feature_2829,0.00011195622103369753,4410
feature_2218,0.00011193801368782333,4411
feature_1455,0.00011176984129642481,4412
feature_4516,0.00011174171538939781,4413
feature_4015,0.00011153518124780269,4414
feature_4030,0.00011119723743147013,4415
feature_4232,0.00011100525683179553,4416
feature_0793,0.00011089259543135885,4417
feature_2720,0.00011084986303418174,4418
feature_4204,0.00011064797941833433,4419
feature_3293,0.00011020803635034043,4420
feature_3751,0.00011020035050145709,4421
feature_2071,0.00011008854527617935,4422
feature_4247,0.00010978064220470026,4423
feature_3675,0.00010965001673212694,4424
feature_0719,0.0001093826890405651,4425
feature_1739,0.0001093705350732673,4426
feature_2177,0.0001093027765677808,4427
feature_3651,0.000109137030892928,4428
feature_0744,0.000108679272810707,4429
feature_3894,0.0001081214251662788,4430
feature_2430,0.00010777340849146179,4431
feature_3037,0.00010737106789158374,4432
feature_1490,0.00010725046391973214,4433
feature_0330,0.00010719489418501477,4434
feature_0989,0.00010713476564447658,4435
feature_4541,0.00010700473170357656,4436
feature_1820,0.00010681597015076696,4437
feature_1221,0.00010655782106298429,4438
feature_2875,0.0001064976987914858,4439
feature_3262,0.00010631487858515085,4440
feature_2825,0.00010612579469442365,4441
feature_0942,0.00010573498602022273,4442
feature_0090,0.00010571979258779402,4443
feature_0800,0.0001057156139173274,4444
feature_2185,0.00010530500362587195,4445
feature_2655,0.00010529629099616639,4446
feature_4316,0.00010465642322856795,4447
feature_4843,0.00010453240950583859,4448
feature_3639,0.0001043953362904961,4449
feature_0516,0.00010438688054072436,4450
feature_2091,0.00010438450041856909,4451
feature_1700,0.0001042032076316477,4452
feature_0348,0.00010405469058322689,4453
feature_0917,0.00010371780447056713,4454
feature_1358,0.00010369433431743267,4455
feature_1265,0.000103550211530853,4456
feature_1351,0.0001035442445542907,4457
feature_2767,0.00010353059394305662,4458
feature_1412,0.0001033883483661599,4459
feature_3256,0.00010332218488822409,4460
feature_1914,0.00010323897434074137,4461
feature_1534,0.00010317653784894313,4462
feature_4998,0.00010293816008598388,4463
feature_1109,0.00010291389204318104,4464
feature_2253,0.00010282784476016833,4465
feature_3983,0.00010279563528037233,4466
feature_0720,0.00010222346892671049,4467
feature_3913,0.00010167551253731976,4468
feature_3152,0.00010158659643523953,4469
feature_4968,0.00010154667816217539,4470
feature_3990,0.00010120935140413515,4471
feature_4949,0.0001011194409816018,4472
feature_2413,0.00010072870175549913,4473
feature_1999,0.00010038355493092627,4474
feature_3785,0.00010029485101920254,4475
feature_2594,0.00010023337982534498,4476
feature_4765,0.0001002228914610111,4477
feature_4729,0.00010019351860728574,4478
feature_2861,0.000100001472436495,4479
feature_3789,9.97649315421037e-05,4480
feature_1626,9.958558693187893e-05,4481
feature_1215,9.923071026550003e-05,4482
feature_0598,9.888236331566456e-05,4483
feature_0709,9.851545997081685e-05,4484
feature_2674,9.837827056356168e-05,4485
feature_2375,9.836897532738876e-05,4486
feature_1656,9.833860232563995e-05,4487
feature_2877,9.827131656685432e-05,4488
feature_1843,9.823780597636215e-05,4489
feature_1498,9.806831170754104e-05,4490
feature_1342,9.798381399272724e-05,4491
feature_1697,9.728798933365494e-05,4492
feature_2859,9.715526871249206e-05,4493
feature_0034,9.675676136797071e-05,4494
feature_2725,9.669358327107811e-05,4495
feature_3254,9.658920960309419e-05,4496
feature_1359,9.653793606697033e-05,4497
feature_0196,9.63223088001245e-05,4498
feature_3459,9.569702219790193e-05,4499
feature_3592,9.524266093685891e-05,4500
feature_2876,9.505666038458295e-05,4501
feature_2012,9.492813866062524e-05,4502
feature_2022,9.470490957204474e-05,4503
feature_1610,9.458941157471544e-05,4504
feature_2887,9.45250919835814e-05,4505
feature_0198,9.413875298244456e-05,4506
feature_4090,9.402527935627992e-05,4507
feature_3091,9.387764627092189e-05,4508
feature_0289,9.37755769007086e-05,4509
feature_4143,9.365411444980766e-05,4510
feature_2776,9.357285080512625e-05,4511
feature_0321,9.312314674543869e-05,4512
feature_2680,9.291023874153559e-05,4513
feature_4036,9.283782113077547e-05,4514
feature_2477,9.280285512819769e-05,4515
feature_2468,9.248092422397351e-05,4516
feature_3847,9.244074360706732e-05,4517
feature_0294,9.243941815233851e-05,4518
feature_2518,9.223294223945513e-05,4519
feature_3454,9.188318110999278e-05,4520
feature_0952,9.187106372460386e-05,4521
feature_4146,9.178713780181647e-05,4522
feature_3529,9.162336712066346e-05,4523
feature_3987,9.109026774662643e-05,4524
feature_0651,9.084387805173618e-05,4525
feature_2867,9.038957402230086e-05,4526
feature_3338,9.029250146101131e-05,4527
feature_4121,9.019396958401836e-05,4528
feature_2780,9.015684943006391e-05,4529
feature_3995,9.009521350957399e-05,4530
feature_3095,9.005852962038464e-05,4531
feature_1842,8.995702275965596e-05,4532
feature_2840,8.98956908612474e-05,4533
feature_4693,8.955400787493302e-05,4534
feature_4599,8.930350176283463e-05,4535
feature_3050,8.92115645393589e-05,4536
feature_2857,8.885401118569042e-05,4537
feature_2993,8.872803312074822e-05,4538
feature_4317,8.86897597974895e-05,4539
feature_2193,8.861829034517998e-05,4540
feature_3634,8.853992515493492e-05,4541
feature_1170,8.838696633567316e-05,4542
feature_0336,8.787118988808449e-05,4543
feature_1409,8.749199271693942e-05,4544
feature_2256,8.74399373200889e-05,4545
feature_3034,8.743341848432329e-05,4546
feature_0276,8.739698436905305e-05,4547
feature_0101,8.738936439343158e-05,4548
feature_0966,8.705854445135174e-05,4549
feature_2495,8.67119652950617e-05,4550
feature_0077,8.623102116588395e-05,4551
feature_3071,8.619047174722693e-05,4552
feature_4017,8.60653087148896e-05,4553
feature_2359,8.597581785637396e-05,4554
feature_1186,8.575930857376763e-05,4555
feature_0766,8.569778275060735e-05,4556
feature_4555,8.553301875722369e-05,4557
feature_4175,8.552402339791695e-05,4558
feature_0199,8.547441058253438e-05,4559
feature_3377,8.508466552406591e-05,4560
feature_1232,8.495751690380443e-05,4561
feature_2598,8.484851325458869e-05,4562
feature_1734,8.47425677617094e-05,4563
feature_3356,8.449247718266632e-05,4564
feature_2921,8.44698325238222e-05,4565
feature_3744,8.440804917347033e-05,4566
feature_0512,8.433497073609566e-05,4567
feature_2862,8.414950172992438e-05,4568
feature_0137,8.358780966867778e-05,4569
feature_3690,8.316527986200727e-05,4570
feature_4475,8.27612775199828e-05,4571
feature_4205,8.244025538400765e-05,4572
feature_0565,8.231186939501859e-05,4573
feature_0725,8.22756702073062e-05,4574
feature_4467,8.197307344477444e-05,4575
feature_0033,8.186864975513474e-05,4576
feature_1859,8.158477784746054e-05,4577
feature_2162,8.150840951895777e-05,4578
feature_2179,8.149282401602434e-05,4579
feature_0079,8.111976170349639e-05,4580
feature_1237,8.101062267517085e-05,4581
feature_3738,8.08347728300666e-05,4582
feature_1743,8.082659219850248e-05,4583
feature_0097,8.064889299334903e-05,4584
feature_4368,8.061303832111779e-05,4585
feature_2990,8.053379167059278e-05,4586
feature_1030,8.029990587008883e-05,4587
feature_2344,8.028106136464843e-05,4588
feature_3103,8.014783500890802e-05,4589
feature_4988,7.996497751075891e-05,4590
feature_0933,7.96462766426449e-05,4591
feature_2692,7.960290668958097e-05,4592
feature_4894,7.946616186586445e-05,4593
feature_4648,7.938113034778064e-05,4594
feature_0635,7.909430199425182e-05,4595
feature_3028,7.905860751923024e-05,4596
feature_2856,7.900974162729502e-05,4597
feature_2061,7.897098265240238e-05,4598
feature_2115,7.885044968190894e-05,4599
feature_1709,7.87015682468455e-05,4600
feature_0940,7.838817804367206e-05,4601
feature_4838,7.80439251349641e-05,4602
feature_0592,7.793710569468744e-05,4603
feature_2150,7.781445347003456e-05,4604
feature_3837,7.774014567333883e-05,4605
feature_0547,7.772799233825352e-05,4606
feature_2476,7.769188970350446e-05,4607
feature_2687,7.768404603589459e-05,4608
feature_3587,7.744776948252383e-05,4609
feature_1835,7.739234807133087e-05,4610
feature_2708,7.728917780156419e-05,4611
feature_2415,7.708818684493973e-05,4612
feature_0599,7.686044400882979e-05,4613
feature_3684,7.680180009645834e-05,4614
feature_1658,7.66958851737816e-05,4615
feature_4001,7.661442373944933e-05,4616
feature_2206,7.63313457381817e-05,4617
feature_2999,7.631013841117031e-05,4618
feature_1839,7.583739372786274e-05,4619
feature_2189,7.565738180230057e-05,4620
feature_1660,7.52213326979412e-05,4621
feature_1757,7.490363560811013e-05,4622
feature_4557,7.485323092967063e-05,4623
feature_3796,7.453326638048128e-05,4624
feature_0378,7.440042924811846e-05,4625
feature_4610,7.43520174795339e-05,4626
feature_3588,7.40555180441723e-05,4627
feature_0575,7.372298406825146e-05,4628
feature_2931,7.369558871196617e-05,4629
feature_4501,7.362883424105028e-05,4630
feature_4535,7.349053845601136e-05,4631
feature_2808,7.345367949498585e-05,4632
feature_0313,7.333545585272509e-05,4633
feature_3740,7.320817937006984e-05,4634
feature_2190,7.310607011051906e-05,4635
feature_0349,7.309365095080453e-05,4636
feature_3351,7.302855222311868e-05,4637
feature_3098,7.29029119381749e-05,4638
feature_3241,7.248478580283375e-05,4639
feature_2102,7.23545718632438e-05,4640
feature_3132,7.226310065005378e-05,4641
feature_2791,7.179190944058442e-05,4642
feature_1491,7.16290666738799e-05,4643
feature_2227,7.13603454298884e-05,4644
feature_3410,7.120888501569124e-05,4645
feature_2480,7.092715078095251e-05,4646
feature_3150,7.001498380169611e-05,4647
feature_4789,6.948391714550231e-05,4648
feature_2010,6.934237312726349e-05,4649
feature_1200,6.927486083440024e-05,4650
feature_1638,6.907938085756458e-05,4651
feature_3948,6.904291457456218e-05,4652
feature_4471,6.884666047348902e-05,4653
feature_4250,6.832584068366912e-05,4654
feature_1042,6.809704128815578e-05,4655
feature_3000,6.789573016512812e-05,4656
feature_0605,6.779984503085522e-05,4657
feature_1625,6.76224753826488e-05,4658
feature_1523,6.743573010882429e-05,4659
feature_3002,6.735683624900159e-05,4660
feature_4554,6.72551821054135e-05,4661
feature_2352,6.71509355218153e-05,4662
feature_1423,6.710921469846364e-05,4663
feature_2783,6.70113390559951e-05,4664
feature_2114,6.680391566182932e-05,4665
feature_3676,6.661118776752752e-05,4666
feature_2458,6.64521625292909e-05,4667
feature_1356,6.632623094778503e-05,4668
feature_3383,6.62989213842268e-05,4669
feature_4216,6.60494762297054e-05,4670
feature_2983,6.57884259223048e-05,4671
feature_0545,6.550389909813527e-05,4672
feature_3166,6.446534471398148e-05,4673
feature_4608,6.436743096877038e-05,4674
feature_3664,6.39708404077216e-05,4675
feature_2822,6.395419278220515e-05,4676
feature_2369,6.365679348276787e-05,4677
feature_0517,6.295252141752285e-05,4678
feature_0107,6.281198997882756e-05,4679
feature_3288,6.272881511037973e-05,4680
feature_4163,6.248691692537205e-05,4681
feature_1044,6.246814510408913e-05,4682
feature_3042,6.175738259069128e-05,4683
feature_1093,6.148566091995605e-05,4684
feature_4515,6.108198683793062e-05,4685
feature_1991,6.100894416258131e-05,4686
feature_0856,6.053228196854966e-05,4687
feature_2872,6.050594523729215e-05,4688
feature_1226,6.0317323524288555e-05,4689
feature_1060,6.022701295874178e-05,4690
feature_3172,6.013233229454142e-05,4691
feature_4178,5.9993028726017035e-05,4692
feature_2538,5.988987322853142e-05,4693
feature_1248,5.959768442978599e-05,4694
feature_2018,5.931615969736915e-05,4695
feature_3268,5.92970542739154e-05,4696
feature_2632,5.9183041486090305e-05,4697
feature_2019,5.8506849917873404e-05,4698
feature_4300,5.8358846240712635e-05,4699
feature_0040,5.818632483723849e-05,4700
feature_1503,5.8071631219560345e-05,4701
feature_0884,5.8070002184432334e-05,4702
feature_3969,5.7985746540425826e-05,4703
feature_2186,5.775942894775895e-05,4704
feature_3223,5.7670806983092134e-05,4705
feature_0629,5.761066081141673e-05,4706
feature_2230,5.7506054694583194e-05,4707
feature_2573,5.7327562483162636e-05,4708
feature_2787,5.7241329028306076e-05,4709
feature_1767,5.6890982166717706e-05,4710
feature_1212,5.687797018521556e-05,4711
feature_1766,5.6255853740826253e-05,4712
feature_3162,5.6248015141975904e-05,4713
feature_4767,5.5796065253254845e-05,4714
feature_3854,5.579167216839647e-05,4715
feature_1489,5.560325528890775e-05,4716
feature_0098,5.549809646802618e-05,4717
feature_3978,5.54393939497669e-05,4718
feature_3672,5.53045185416503e-05,4719
feature_2414,5.508742045689433e-05,4720
feature_0377,5.4750716240503575e-05,4721
feature_0254,5.4747387960482976e-05,4722
feature_2929,5.443646093106992e-05,4723
feature_3087,5.43867183404748e-05,4724
feature_0805,5.4211707394711343e-05,4725
feature_4142,5.3989023566810796e-05,4726
feature_1310,5.363525754053261e-05,4727
feature_3779,5.3602472270015696e-05,4728
feature_1637,5.346073969818988e-05,4729
feature_2087,5.281774189005759e-05,4730
feature_3367,5.274110934096848e-05,4731
feature_4470,5.266618019904373e-05,4732
feature_2914,5.2227679561126995e-05,4733
feature_3230,5.208050599740841e-05,4734
feature_2934,5.1709504784212235e-05,4735
feature_0421,5.116219361171942e-05,4736
feature_3435,5.097735551645902e-05,4737
feature_3974,5.084756551924413e-05,4738
feature_2824,5.068955877720593e-05,4739
feature_1541,5.0474633013926865e-05,4740
feature_1318,5.0454824868344434e-05,4741
feature_4617,5.032900232405601e-05,4742
feature_3546,5.007377109620694e-05,4743
feature_3914,4.9989123717424386e-05,4744
feature_0080,4.997165973056799e-05,4745
feature_3286,4.977064364445466e-05,4746
feature_1178,4.961781464755608e-05,4747
feature_3846,4.961486630931673e-05,4748
feature_3343,4.910385182496447e-05,4749
feature_3541,4.900116097432933e-05,4750
feature_3677,4.876400794370818e-05,4751
feature_2727,4.848202800100718e-05,4752
feature_1691,4.847838570093527e-05,4753
feature_3261,4.836989537115676e-05,4754
feature_3411,4.830655967049658e-05,4755
feature_2085,4.8271738970407183e-05,4756
feature_4881,4.817265946534374e-05,4757
feature_4980,4.79869210238306e-05,4758
feature_4438,4.795466499452526e-05,4759
feature_0044,4.7364767949507915e-05,4760
feature_0981,4.726981889831793e-05,4761
feature_1629,4.715746080170041e-05,4762
feature_2474,4.687238129131403e-05,4763
feature_2394,4.6827838280231896e-05,4764
feature_4635,4.552354194844536e-05,4765
feature_4145,4.54148889125583e-05,4766
feature_3521,4.515085285311593e-05,4767
feature_3993,4.485272549050291e-05,4768
feature_2265,4.4709711778207156e-05,4769
feature_2122,4.440308061338558e-05,4770
feature_0806,4.4383002577019725e-05,4771
feature_0689,4.4253263961075557e-05,4772
feature_3880,4.413614378055651e-05,4773
feature_1340,4.410022485003072e-05,4774
feature_3627,4.3935069206175484e-05,4775
feature_1628,4.3735335352744205e-05,4776
feature_3518,4.3674472089113457e-05,4777
feature_1223,4.3325741673068795e-05,4778
feature_4670,4.2887342943035926e-05,4779
feature_2814,4.276751640136821e-05,4780
feature_3393,4.186076790914318e-05,4781
feature_0520,4.186034876802521e-05,4782
feature_0909,4.1775390280808314e-05,4783
feature_0380,4.162694256846817e-05,4784
feature_1544,4.155842880236438e-05,4785
feature_1119,4.146591848439857e-05,4786
feature_2093,4.1314787666412086e-05,4787
feature_2389,4.121485156888637e-05,4788
feature_3965,4.071451675928558e-05,4789
feature_4668,4.0402979336500476e-05,4790
feature_3210,4.039049859548119e-05,4791
feature_4976,4.010523236851053e-05,4792
feature_2797,3.928541349135645e-05,4793
feature_3759,3.9167028270953266e-05,4794
feature_2418,3.8904504839027955e-05,4795
feature_0695,3.8892838793082477e-05,4796
feature_4812,3.8758601164515856e-05,4797
feature_0217,3.8287853138653826e-05,4798
feature_3572,3.82408637647866e-05,4799
feature_1550,3.81721650355302e-05,4800
feature_4139,3.813743422574449e-05,4801
feature_1172,3.798600380813522e-05,4802
feature_1501,3.7689676902501646e-05,4803
feature_4324,3.760381682181435e-05,4804
feature_2078,3.75954056832242e-05,4805
feature_2134,3.712675193282311e-05,4806
feature_4522,3.696263816535286e-05,4807
feature_1305,3.6637549785989685e-05,4808
feature_3734,3.653207734746636e-05,4809
feature_2627,3.6416580183334317e-05,4810
feature_1696,3.5973960739632356e-05,4811
feature_4505,3.581648600672262e-05,4812
feature_0792,3.5681525225096345e-05,4813
feature_1988,3.5535231258624234e-05,4814
feature_3923,3.545197093403241e-05,4815
feature_2475,3.5063334746008696e-05,4816
feature_4556,3.4852030329105436e-05,4817
feature_2639,3.461603917935597e-05,4818
feature_3517,3.4276552522597914e-05,4819
feature_4464,3.3873531450751874e-05,4820
feature_1055,3.376726945466748e-05,4821
feature_2828,3.362525221282614e-05,4822
feature_1203,3.338974784751935e-05,4823
feature_2456,3.326038333522134e-05,4824
feature_2461,3.2887373677478614e-05,4825
feature_1100,3.2719948387965996e-05,4826
feature_1692,3.2579346561842145e-05,4827
feature_4016,3.2227484044020565e-05,4828
feature_3078,3.220544548166696e-05,4829
feature_2493,3.214393248912945e-05,4830
feature_4356,3.1661686987886026e-05,4831
feature_3344,3.1386819581467635e-05,4832
feature_0595,3.129238076817248e-05,4833
feature_4458,3.110780469647264e-05,4834
feature_4672,3.092762896069097e-05,4835
feature_4355,3.076236141157886e-05,4836
feature_4764,3.0708589918966816e-05,4837
feature_2998,3.06874333332101e-05,4838
feature_3497,3.0130766189276983e-05,4839
feature_1840,2.992755109658314e-05,4840
feature_1474,2.9793664855019025e-05,4841
feature_2272,2.9730683713873344e-05,4842
feature_3233,2.963741747598552e-05,4843
feature_3033,2.922659359800614e-05,4844
feature_2020,2.9023977149652984e-05,4845
feature_3689,2.9001532991253755e-05,4846
feature_3574,2.8670733712875356e-05,4847
feature_0771,2.857937021312296e-05,4848
feature_2089,2.8217041674472288e-05,4849
feature_1062,2.8196156357646546e-05,4850
feature_1783,2.8094217921804844e-05,4851
feature_0842,2.7988049414779784e-05,4852
feature_2192,2.7736734993854272e-05,4853
feature_0799,2.756019381130378e-05,4854
feature_0226,2.7318793726069074e-05,4855
feature_2842,2.714318589816847e-05,4856
feature_4472,2.7090039161490243e-05,4857
feature_0094,2.6982225580629067e-05,4858
feature_3265,2.6842916583726786e-05,4859
feature_2855,2.6829340921579175e-05,4860
feature_0627,2.682511720405017e-05,4861
feature_2903,2.679911080381298e-05,4862
feature_0295,2.663021126697897e-05,4863
feature_1693,2.6502819291216217e-05,4864
feature_3852,2.6210981918653037e-05,4865
feature_1329,2.6194632580187414e-05,4866
feature_1627,2.6118718451574884e-05,4867
feature_4654,2.538541046491449e-05,4868
feature_3498,2.4942324070127507e-05,4869
feature_0309,2.48174695132534e-05,4870
feature_4567,2.4380514831407307e-05,4871
feature_1195,2.428832279555453e-05,4872
feature_0578,2.4162917464939927e-05,4873
feature_0914,2.3916187710995113e-05,4874
feature_1408,2.390160921199241e-05,4875
feature_1049,2.329141083605417e-05,4876
feature_3102,2.323660918177622e-05,4877
feature_2642,2.313209505861437e-05,4878
feature_1633,2.3105387737415176e-05,4879
feature_3346,2.3081060580824243e-05,4880
feature_2691,2.305079368773845e-05,4881
feature_2624,2.295950330139589e-05,4882
feature_4694,2.2942891842863308e-05,4883
feature_2040,2.291526563039868e-05,4884
feature_3895,2.290347949351063e-05,4885
feature_2790,2.240349274044399e-05,4886
feature_1832,2.2371633521920653e-05,4887
feature_3516,2.233136886381847e-05,4888
feature_0965,2.187368820472294e-05,4889
feature_2424,2.181922926314453e-05,4890
feature_0646,2.145071497649004e-05,4891
feature_1841,2.068299126502717e-05,4892
feature_0105,2.058665975561078e-05,4893
feature_4536,2.026259772046793e-05,4894
feature_1054,2.0226017972134034e-05,4895
feature_1631,1.9959197870903354e-05,4896
feature_2635,1.9888652135507786e-05,4897
feature_1227,1.973363504255129e-05,4898
feature_2161,1.953421403684994e-05,4899
feature_4366,1.9466724276997426e-05,4900
feature_0918,1.905847573187872e-05,4901
feature_0344,1.8946637758231935e-05,4902
feature_3003,1.841520539666736e-05,4903
feature_3570,1.824509450790565e-05,4904
feature_3617,1.7961213040630015e-05,4905
feature_4755,1.791955934814317e-05,4906
feature_0747,1.7892658564058454e-05,4907
feature_4297,1.7724246874007265e-05,4908
feature_2696,1.7479443491644182e-05,4909
feature_2119,1.738165936103978e-05,4910
feature_4046,1.7223983531795135e-05,4911
feature_0732,1.7066118201930485e-05,4912
feature_1258,1.6951441522408692e-05,4913
feature_2575,1.6594375998273082e-05,4914
feature_2537,1.6393353452318077e-05,4915
feature_2939,1.624243992578898e-05,4916
feature_0968,1.6218357168209006e-05,4917
feature_3519,1.5927938223325547e-05,4918
feature_0919,1.5815501961242446e-05,4919
feature_0228,1.5544686438318373e-05,4920
feature_4312,1.529739903613695e-05,4921
feature_2689,1.5171233375500608e-05,4922
feature_4320,1.5020870239814802e-05,4923
feature_3158,1.4833754937641562e-05,4924
feature_2925,1.4699536379074084e-05,4925
feature_0082,1.468786773654193e-05,4926
feature_0937,1.4435075793803838e-05,4927
feature_2459,1.3945596410893147e-05,4928
feature_2823,1.370386116885871e-05,4929
feature_0043,1.3464331464417715e-05,4930
feature_1255,1.3323883766753699e-05,4931
feature_0246,1.3073867971070872e-05,4932
feature_2293,1.2967689343337466e-05,4933
feature_0004,1.2885535247260445e-05,4934
feature_1588,1.2840158336250086e-05,4935
feature_2701,1.2761341175654211e-05,4936
feature_3607,1.2441635066397983e-05,4937
feature_1634,1.2112174702462522e-05,4938
feature_1082,1.1537909977974939e-05,4939
feature_4972,1.148100198928864e-05,4940
feature_4006,1.1475801674205167e-05,4941
feature_0698,1.1093197343757865e-05,4942
feature_4045,1.1063800594901182e-05,4943
feature_3281,1.0968664766411117e-05,4944
feature_1744,1.0920682437569676e-05,4945
feature_0272,1.0544234860037996e-05,4946
feature_4562,1.0367276012938341e-05,4947
feature_0507,1.0130214543784181e-05,4948
feature_1557,1.0080969354732176e-05,4949
feature_2211,9.832292058644245e-06,4950
feature_2164,9.778173490766983e-06,4951
feature_1683,9.738701928147177e-06,4952
feature_0501,9.701680940782126e-06,4953
feature_4230,9.547640027793026e-06,4954
feature_3915,9.533594092527816e-06,4955
feature_3032,9.379503314672281e-06,4956
feature_2159,9.254343773261698e-06,4957
feature_2259,8.877715572265677e-06,4958
feature_0693,8.870262671675973e-06,4959
feature_1138,8.489978655096166e-06,4960
feature_0676,8.467456605183316e-06,4961
feature_3364,8.459297114696535e-06,4962
feature_0332,8.38743919469402e-06,4963
feature_0508,8.320806269279399e-06,4964
feature_4886,8.30822411685283e-06,4965
feature_2633,8.159502308296876e-06,4966
feature_1632,8.12017863796604e-06,4967
feature_1875,7.62672309278357e-06,4968
feature_3668,7.536717790912617e-06,4969
feature_2530,7.110487658007323e-06,4970
feature_2835,7.051276906495325e-06,4971
feature_3026,6.936208515218696e-06,4972
feature_3060,6.8566931056212985e-06,4973
feature_0166,6.6134130114309856e-06,4974
feature_1620,6.541913244621648e-06,4975
feature_0830,6.124216420293326e-06,4976
feature_3369,6.031027769573534e-06,4977
feature_4502,5.821091726684102e-06,4978
feature_3055,5.7860475424186e-06,4979
feature_4772,5.730823107768265e-06,4980
feature_3542,5.563394855557431e-06,4981
feature_1407,5.432407756732975e-06,4982
feature_3404,5.380786564017715e-06,4983
feature_1194,5.312767476937812e-06,4984
feature_2686,5.113537816045989e-06,4985
feature_0798,5.091484714316282e-06,4986
feature_3438,4.971296189132498e-06,4987
feature_2746,4.784967546149897e-06,4988
feature_4018,4.305695448099382e-06,4989
feature_0529,4.280748831809127e-06,4990
feature_1113,4.058867023484513e-06,4991
feature_4911,3.975513537371546e-06,4992
feature_0293,3.6053043877528212e-06,4993
feature_3816,3.5252902299301756e-06,4994
feature_0560,3.448642324434802e-06,4995
feature_2715,3.133511634867067e-06,4996
feature_2221,3.0954218154585553e-06,4997
feature_4189,2.987552852304446e-06,4998
feature_0899,2.95150263675013e-06,4999
feature_4710,2.1096800578581954e-06,5000
feature_1845,2.0526854605754687e-06,5001
feature_3133,1.3644579749711098e-06,5002
feature_3679,1.0732475015062013e-06,5003
feature_1533,1.0073290962693651e-06,5004
feature_4444,1.7945560944111975e-07,5005
feature_3946,1.6053848907153633e-07,5006
feature_2385,2.048222610464389e-08,5007
