gene,n_significant_variants,median_odds_ratio,median_mdr_freq,median_susc_freq,n_enriched_MDR,is_compensatory,is_primary_DR
intergenic,2356,0.0965,0.002296,0.024316,773,0,0
fas,491,0.0442,0.001148,0.026342,3,0,0
gltB,315,0.0394,0.001148,0.026342,1,0,0
pks13,291,0.0461,0.001148,0.025329,2,0,0
eccC5,288,0.04715,0.001148,0.024316,5,0,0
pks12,271,0.0482,0.001148,0.023303,27,0,0
rpoC,267,0.071,0.002296,0.031408,9,1,0
dnaE1,260,0.0409,0.001148,0.027356,3,0,0
Rv1248c,257,0.0461,0.001148,0.027356,6,0,0
gyrA,244,0.038,0.001148,0.028369,11,0,1
rpoB,237,0.0645,0.002296,0.030395,8,0,1
carB,214,0.0493,0.001148,0.027356,1,0,0
alaS,199,0.0409,0.001148,0.025329,0,0,0
eccC3,199,0.0394,0.001148,0.025329,3,0,0
gcvB,194,0.0387,0.001148,0.027356,1,0,0
gdh,194,0.0394,0.001148,0.025329,1,0,0
uvrA,192,0.0461,0.001148,0.026342,0,0,0
aceE,188,0.04335,0.001148,0.028369,0,0,0
clpC1,187,0.0425,0.001148,0.031408,4,0,0
Rv3193c,185,0.0409,0.001148,0.026342,1,0,0
ileS,185,0.0322,0.001148,0.026342,3,0,0
eccC2,183,0.0529,0.001148,0.02229,7,0,0
embC,183,0.0394,0.001148,0.025329,4,0,1
narG,180,0.04515,0.001148,0.024316,3,0,0
lhr,178,0.0442,0.001148,0.025329,7,0,0
secA2,174,0.038,0.001148,0.026342,3,0,0
mfd,174,0.0409,0.001148,0.025329,3,0,0
Rv2752c,173,0.038,0.001148,0.025329,3,0,0
secA1,172,0.0409,0.001148,0.028369,1,0,0
cobN,172,0.0722,0.002296,0.025329,1,0,0
clpB,169,0.0394,0.001148,0.028369,0,0,0
nrdE,169,0.0626,0.002296,0.029382,1,0,0
dnaE2,166,0.04515,0.001148,0.025329,5,0,0
acn,165,0.0556,0.001148,0.026342,0,0,0
rrl,165,1.807,0.032147,0.02229,87,0,0
dnaK,164,0.0461,0.001148,0.030395,3,0,0
embB,163,0.0409,0.001148,0.024316,8,0,1
fusA1,160,0.0665,0.002296,0.029382,0,0,0
Rv2531c,159,0.0461,0.001148,0.024316,1,0,0
valS,159,0.0409,0.001148,0.027356,1,0,0
relA,158,0.0482,0.001148,0.027356,1,0,0
fbiC,157,0.0482,0.001148,0.026342,0,0,0
gpsI,155,0.0409,0.001148,0.027356,0,0,0
Rv2477c,155,0.0425,0.001148,0.027356,2,0,0
smc,154,0.0394,0.001148,0.026342,3,0,0
topA,154,0.0442,0.001148,0.026342,2,0,0
infB,152,0.0626,0.002296,0.029382,3,0,0
mutB,149,0.0425,0.001148,0.027356,0,0,0
Rv2402,149,0.0409,0.001148,0.027356,1,0,0
uvrC,148,0.04335,0.001148,0.025329,1,0,0
ftsH,147,0.0409,0.001148,0.027356,4,0,0
fadE5,146,0.0626,0.002296,0.027356,2,0,0
ponA2,145,0.0425,0.001148,0.026342,0,0,0
polA,145,0.0425,0.001148,0.026342,6,0,0
aftD,145,0.0442,0.001148,0.023303,7,0,0
uvrB,144,0.0655,0.002296,0.028369,0,0,0
ppk1,143,0.0425,0.001148,0.024316,0,0,0
ercc3,143,0.0442,0.001148,0.026342,2,0,0
Rv0338c,140,0.0442,0.001148,0.026342,4,0,0
Rv1683,139,0.0409,0.001148,0.024316,0,0,0
Rv3401,139,0.0482,0.001148,0.024316,1,0,0
lpqB,139,0.0367,0.001148,0.025329,0,0,0
purL,136,0.0409,0.001148,0.026342,2,0,0
glcB,135,0.0343,0.001148,0.026342,1,0,0
glnE,134,0.04015,0.001148,0.024316,1,0,0
Rv0959,134,0.0,0.0,0.025329,4,0,0
treS,133,0.0409,0.001148,0.026342,1,0,0
icd2,133,0.0409,0.001148,0.026342,2,0,0
Rv2455c,132,0.04715,0.001148,0.023303,2,0,0
leuS,132,0.0,0.0,0.026342,1,0,0
nirB,130,0.0409,0.001148,0.025329,2,0,0
fadD32,130,0.0409,0.001148,0.025329,1,0,0
glpD2,130,0.0394,0.001148,0.026342,0,0,0
lepA,129,0.0354,0.001148,0.029382,0,0,0
pckA,127,0.0482,0.001148,0.028369,3,0,0
dxs1,126,0.0409,0.001148,0.025329,0,0,0
rne,125,0.0394,0.001148,0.028369,2,0,0
glnA1,125,0.0442,0.001148,0.027356,0,0,0
aroG,125,0.0394,0.001148,0.026342,1,0,0
pknG,124,0.0442,0.001148,0.024316,1,0,0
ctpI,124,0.0409,0.001148,0.023303,7,0,0
accA3,123,0.0409,0.001148,0.028369,0,0,0
ctpC,122,0.0425,0.001148,0.025329,0,0,0
fadB,121,0.038,0.001148,0.026342,0,0,0
purF,121,0.0442,0.001148,0.024316,3,0,0
glnA2,120,0.0425,0.001148,0.027356,1,0,0
ctaD,120,0.0409,0.001148,0.031408,0,0,0
leuA,119,0.0626,0.002296,0.027356,1,0,0
atsA,119,0.0461,0.001148,0.025329,0,0,0
glmS,119,0.0409,0.001148,0.027356,1,0,0
eno,119,0.0687,0.002296,0.026342,3,0,0
Rv0248c,118,0.0354,0.001148,0.027356,2,0,0
ilvB1,117,0.0394,0.001148,0.027356,0,0,0
Rv0197,117,0.0461,0.001148,0.024316,7,0,0
tkt,116,0.0409,0.001148,0.026342,2,0,0
lysX,116,0.038,0.001148,0.025329,5,0,0
treX,116,0.0354,0.001148,0.027356,1,0,0
embA,116,0.0,0.0,0.024316,6,0,1
adhB,115,0.0442,0.001148,0.026342,0,0,0
ask,115,0.0394,0.001148,0.026342,2,0,0
fadD8,115,0.0556,0.001148,0.025329,0,0,0
uvrD1,115,0.0394,0.001148,0.026342,1,0,0
aspS,114,0.0461,0.001148,0.025329,1,0,0
Rv1697,114,0.038,0.001148,0.025329,0,0,0
rpoA,114,0.0626,0.002296,0.031408,1,1,0
asnB,113,0.0482,0.001148,0.027356,0,0,0
pgi,113,0.0482,0.001148,0.026342,1,0,0
sucC,113,0.0482,0.001148,0.027356,0,0,0
ilvD,112,0.0482,0.001148,0.026342,1,0,0
pks16,111,0.0461,0.001148,0.026342,1,0,0
fusA2,110,0.0394,0.001148,0.024316,4,0,0
Rv1473,109,0.0394,0.001148,0.026342,1,0,0
typA,109,0.0367,0.001148,0.027356,1,0,0
htpG,108,0.0442,0.001148,0.0248225,2,0,0
secY,108,0.04335,0.001148,0.025329,2,0,0
ftsK,108,0.0626,0.002296,0.027356,4,0,0
inhA,108,0.038,0.001148,0.027356,6,0,1
pafA,108,0.04515,0.001148,0.028369,2,0,0
ribA2,107,0.0442,0.001148,0.026342,1,0,0
accD5,107,0.0442,0.001148,0.029382,0,0,0
thrS,106,0.038,0.001148,0.027356,0,0,0
mtrB,106,0.0394,0.001148,0.026342,2,0,0
eccA3,106,0.0409,0.001148,0.024316,2,0,0
Rv1286,106,0.0461,0.001148,0.0258355,1,0,0
helY,106,0.0442,0.001148,0.024316,2,0,0
hflX,105,0.0394,0.001148,0.026342,1,0,0
hsaA,105,0.0394,0.001148,0.026342,1,0,0
accD6,105,0.0626,0.002296,0.027356,2,0,0
sdhA,105,0.0482,0.001148,0.029382,0,0,0
secD,105,0.0442,0.001148,0.024316,4,0,0
Rv0976c,104,0.0425,0.001148,0.025329,2,0,0
fadD19,104,0.0394,0.001148,0.026342,1,0,0
Rv0458,103,0.076,0.002296,0.026342,1,0,0
nuoD,103,0.0425,0.001148,0.025329,0,0,0
Rv3197,103,0.0442,0.001148,0.026342,0,0,0
Rv0223c,103,0.0409,0.001148,0.026342,1,0,0
accD4,103,0.0482,0.001148,0.026342,4,0,0
pykA,102,0.0409,0.001148,0.026342,0,0,0
icl1,101,0.0556,0.001148,0.029382,1,0,0
proS,101,0.0425,0.001148,0.025329,1,0,0
glfT2,101,0.0504,0.001148,0.026342,0,0,0
Rv3722c,101,0.0425,0.001148,0.025329,1,0,0
fadE30,100,0.0482,0.001148,0.025329,0,0,0
Rv0565c,100,0.0425,0.001148,0.024316,2,0,0
lpdC,100,0.0354,0.001148,0.027356,1,0,0
Rv0465c,99,0.0461,0.001148,0.026342,5,0,0
Rv0435c,99,0.0425,0.001148,0.023303,1,0,0
cysS1,99,0.038,0.001148,0.026342,1,0,0
sahH,99,0.0367,0.001148,0.028369,1,0,0
fadE6,99,0.0367,0.001148,0.024316,2,0,0
ffh,98,0.0409,0.001148,0.026342,3,0,0
dnaG,98,0.0409,0.001148,0.026342,1,0,0
argS,97,0.0442,0.001148,0.026342,4,0,0
glgE,97,0.0409,0.001148,0.025329,1,0,0
gatB,97,0.0394,0.001148,0.025329,1,0,0
guaB2,97,0.0504,0.001148,0.027356,3,0,0
qcrB,97,0.0425,0.001148,0.027356,0,0,0
fum,97,0.038,0.001148,0.026342,1,0,0
acs,96,0.0332,0.001148,0.024316,0,0,0
dnaA,96,0.03175,0.001148,0.027356,1,0,0
choD,96,0.0504,0.001148,0.026342,0,0,0
rho,96,0.0425,0.001148,0.027356,0,0,0
fadD5,96,0.0417,0.001148,0.0248225,4,0,0
cbs,96,0.04015,0.001148,0.026342,1,0,0
glgP,95,0.0,0.0,0.026342,1,0,0
glf,95,0.0461,0.001148,0.026342,1,0,0
groEL2,95,0.071,0.002296,0.030395,0,0,0
rocA,95,0.0425,0.001148,0.025329,1,0,0
fadE8,95,0.038,0.001148,0.027356,2,0,0
narH,95,0.0482,0.001148,0.024316,2,0,0
sthA,95,0.0442,0.001148,0.025329,1,0,0
fadA3,94,0.04715,0.001148,0.026342,1,0,0
Rv3359,94,0.0,0.0,0.024316,1,0,0
accD1,94,0.0442,0.001148,0.025329,1,0,0
mmsA,94,0.0409,0.001148,0.027356,1,0,0
purA,94,0.038,0.001148,0.027356,0,0,0
plsB2,93,0.0,0.0,0.024316,3,0,0
folC,93,0.0442,0.001148,0.024316,0,0,0
glgB,93,0.0367,0.001148,0.026342,3,0,0
fadE15,93,0.0442,0.001148,0.023303,0,0,0
amiA1,93,0.0394,0.001148,0.025329,1,0,0
aftB,93,0.0394,0.001148,0.023303,2,0,0
Rv2411c,92,0.0394,0.001148,0.026342,0,0,0
serA1,92,0.0425,0.001148,0.025329,1,0,0
aspC,92,0.06355,0.002296,0.026342,1,0,0
engA,92,0.0394,0.001148,0.026342,1,0,0
accD2,91,0.0442,0.001148,0.027356,4,0,0
glmU,91,0.0442,0.001148,0.025329,1,0,0
gadB,91,0.038,0.001148,0.026342,1,0,0
dlaT,91,0.0482,0.001148,0.026342,0,0,0
efpA,91,0.0442,0.001148,0.025329,0,0,0
atpA,91,0.0367,0.001148,0.026342,1,0,0
Rv0648,91,0.0461,0.001148,0.025329,2,0,0
zwf2,91,0.0482,0.001148,0.026342,0,0,0
citA,91,0.0425,0.001148,0.024316,2,0,0
nuoL,90,0.0425,0.001148,0.024316,1,0,0
ilvC,90,0.0354,0.001148,0.028369,0,0,0
gltA2,90,0.0442,0.001148,0.029382,0,0,0
pyrG,90,0.0417,0.001148,0.0278625,2,0,0
Rv1894c,90,0.04335,0.001148,0.027356,1,0,0
metS,90,0.0425,0.001148,0.0248225,4,0,0
Rv3910,90,0.0417,0.001148,0.023303,7,0,0
fadE12,89,0.0556,0.001148,0.024316,2,0,0
glgC,89,0.0482,0.001148,0.027356,1,0,0
PPE55,88,1.5,0.053961,0.043566,52,0,0
lpqW,88,0.0461,0.001148,0.024316,0,0,0
mscR,88,0.0425,0.001148,0.026342,2,0,0
mpa,87,0.0354,0.001148,0.029382,0,0,0
plsB1,87,0.0,0.0,0.024316,3,0,0
moxR2,87,0.0442,0.001148,0.025329,2,0,0
hemD,87,0.0409,0.001148,0.026342,0,0,0
gatA,87,0.0425,0.001148,0.026342,1,0,0
pepN,87,0.0442,0.001148,0.025329,1,0,0
fadA2,87,0.0461,0.001148,0.025329,0,0,0
moxR1,86,0.071,0.002296,0.028369,1,0,0
Rv1459c,86,0.0556,0.001148,0.024316,1,0,0
nuoG,86,0.0343,0.001148,0.026342,3,0,0
eccA5,86,0.04515,0.001148,0.024316,1,0,0
fadE23,86,0.0425,0.001148,0.025329,0,0,0
glyS,86,0.0387,0.001148,0.024316,1,0,0
recA,86,0.0394,0.001148,0.0278625,1,0,0
Rv3394c,86,0.04515,0.001148,0.024316,0,0,0
argG,86,0.05775,0.001722,0.026342,0,0,0
aroF,85,0.0425,0.001148,0.026342,0,0,0
Rv0647c,85,0.0461,0.001148,0.027356,1,0,0
Rv1422,85,0.076,0.002296,0.025329,0,0,0
glyA1,85,0.0442,0.001148,0.025329,2,0,0
pmmA,85,0.0394,0.001148,0.025329,1,0,0
mmpL11,85,0.0461,0.001148,0.024316,1,0,0
nuoM,85,0.0461,0.001148,0.024316,1,0,0
bioA,85,0.0482,0.001148,0.025329,0,0,0
metK,85,0.0626,0.002296,0.028369,0,0,0
mkl,85,0.0529,0.001148,0.026342,3,0,0
Rv0412c,85,0.0409,0.001148,0.024316,3,0,0
fadD2,85,0.0367,0.001148,0.025329,3,0,0
fadE24,84,0.0425,0.001148,0.027356,0,0,0
nuoF,84,0.0442,0.001148,0.025329,0,0,0
Rv2733c,84,0.0425,0.001148,0.024316,1,0,0
gnd1,83,0.0343,0.001148,0.028369,2,0,0
Rv2567,83,0.0425,0.001148,0.024316,2,0,0
dop,83,0.0461,0.001148,0.026342,1,0,0
Rv2850c,83,0.0442,0.001148,0.025329,2,0,0
Rv3267,83,0.0425,0.001148,0.025329,0,0,0
mmpL3,83,0.0425,0.001148,0.023303,1,0,0
kasA,82,0.0409,0.001148,0.026342,1,1,0
clpX,82,0.061700000000000005,0.002296,0.0309015,0,0,0
ctpE,82,0.0,0.0,0.025329,0,0,0
menD,82,0.0354,0.001148,0.025329,0,0,0
Rv0278c,82,2.7882,0.174512,0.137285,55,0,0
dnaJ1,82,0.05165,0.001148,0.025329,0,0,0
Rv1627c,82,0.0354,0.001148,0.029382,2,0,0
fadD6,82,0.0461,0.001148,0.023303,0,0,0
fadE29,82,0.04015,0.001148,0.026342,0,0,0
Rv1747,82,0.0409,0.001148,0.026342,0,0,0
mprB,81,0.0442,0.001148,0.024316,2,0,0
metC,81,0.0461,0.001148,0.025329,1,0,0
fadE31,81,0.0425,0.001148,0.025329,2,0,0
fadE4,81,0.0442,0.001148,0.024316,0,0,0
Rv2690c,81,0.0,0.0,0.024316,1,0,0
gcpE,81,0.0394,0.001148,0.028369,0,0,0
uvrD2,81,0.0394,0.001148,0.024316,3,0,0
lpdA,81,0.0529,0.001148,0.024316,4,0,0
PE_PGRS28,81,2.5208,0.28473,0.116515,61,0,0
guaA,81,0.0442,0.001148,0.025329,1,0,0
thiC,80,0.03735,0.001148,0.030395,2,0,0
gyrB,80,0.0394,0.001148,0.026342,4,1,0
Rv1257c,80,0.0482,0.001148,0.0238095,0,0,0
pfkA,80,0.0394,0.001148,0.027356,1,0,0
guaB3,80,0.04515,0.001148,0.026342,1,0,0
dnaB,80,0.04335,0.001148,0.024316,4,0,0
dfp,80,0.0367,0.001148,0.025329,1,0,0
coaA,80,0.0409,0.001148,0.025329,0,0,0
Rv3329,80,0.04335,0.001148,0.024316,1,0,0
accA2,80,0.04015,0.001148,0.024316,1,0,0
Rv3818,80,0.0417,0.001148,0.026342,0,0,0
atpD,79,0.0425,0.001148,0.028369,0,0,0
mshA,79,0.0425,0.001148,0.024316,0,0,0
rplC,79,0.0529,0.001148,0.026342,1,0,1
nusA,79,0.0482,0.001148,0.026342,0,0,0
fadE20,79,0.0461,0.001148,0.026342,3,0,0
Rv0552,78,0.0,0.0,0.024316,1,0,0
pyrC,78,0.0504,0.001148,0.025329,1,0,0
tyrS,78,0.0367,0.001148,0.025329,1,0,0
pgmA,78,0.0,0.0,0.024316,2,0,0
fgd1,78,0.03485,0.001148,0.028369,1,0,1
lppZ,78,0.0425,0.001148,0.024316,1,0,0
caeA,78,0.0,0.0,0.024316,2,0,0
Rv3645,78,0.0394,0.001148,0.025329,2,0,0
nuoH,78,0.05165,0.001148,0.023303,0,0,0
Rv3520c,77,0.0504,0.001148,0.025329,0,0,0
metZ,77,0.0425,0.001148,0.026342,0,0,0
groEL1,77,0.0,0.0,0.026342,1,0,0
pheT,77,0.0442,0.001148,0.023303,2,0,0
Rv2917,77,0.0394,0.001148,0.024316,1,0,0
whiA,77,0.0,0.0,0.026342,2,0,0
sirA,77,0.0409,0.001148,0.026342,1,0,0
amt,76,0.0461,0.001148,0.024316,0,0,0
Rv2425c,76,0.038,0.001148,0.025329,0,0,0
tuf,76,0.0519,0.001148,0.0309015,0,0,0
Rv2454c,76,0.0442,0.001148,0.027356,1,0,0
moeA1,76,0.03805,0.001148,0.024316,3,0,0
cobIJ,76,0.0409,0.001148,0.025329,2,0,0
Rv0693,76,0.0394,0.001148,0.026342,0,0,0
gabD1,76,0.0425,0.001148,0.024316,0,0,0
pntB,76,0.0461,0.001148,0.024316,0,0,0
gabD2,76,0.0529,0.001148,0.02229,1,0,0
pcnA,75,0.0461,0.001148,0.025329,0,0,0
lytB2,75,0.0425,0.001148,0.026342,0,0,0
icd1,75,0.0529,0.001148,0.02229,0,0,0
fadE2,75,0.0442,0.001148,0.025329,0,0,0
Rv3712,75,0.0425,0.001148,0.025329,0,0,0
Rv3921c,75,0.0354,0.001148,0.026342,1,0,0
ino1,74,0.0665,0.002296,0.029382,2,0,0
glpK,74,0.0,0.0,0.027356,2,0,0
fadE13,74,0.0409,0.001148,0.025329,0,0,0
ltp1,74,0.0442,0.001148,0.026342,2,0,0
Rv0528,74,0.0461,0.001148,0.025329,0,0,0
rfe,74,0.03605,0.001148,0.025329,0,0,0
zmp1,74,0.0442,0.001148,0.025329,0,0,0
hsaF,74,0.04335,0.001148,0.026342,0,0,0
hrcA,74,0.038,0.001148,0.025329,1,0,0
kstD,74,0.03495,0.001148,0.024316,0,0,0
deaD,74,0.0442,0.001148,0.025329,1,0,0
mdh,74,0.0425,0.001148,0.025329,0,0,0
Rv0823c,74,0.0394,0.001148,0.024316,4,0,0
Rv2864c,74,0.0425,0.001148,0.0238095,1,0,0
pknB,74,0.0442,0.001148,0.025329,4,0,0
pdc,74,0.0461,0.001148,0.023303,1,0,0
snzP,74,0.0417,0.001148,0.0288755,1,0,0
ftsW,73,0.0409,0.001148,0.026342,2,0,0
ponA1,73,0.0,0.0,0.024316,2,0,0
ligA,73,0.0425,0.001148,0.024316,0,0,0
kshA,73,0.0529,0.001148,0.025329,1,0,0
fadD4,73,0.0394,0.001148,0.024316,1,0,0
rpsA,72,0.061700000000000005,0.002296,0.031408,1,0,0
Rv0958,72,0.0676,0.002296,0.025329,2,0,0
sigA,72,0.0367,0.001148,0.030395,0,0,0
PE_PGRS10,72,2.2807,0.18886350000000002,0.12107400000000001,59,0,0
Rv3049c,72,0.0425,0.001148,0.024316,0,0,0
ephD,72,0.02045,0.000574,0.024316,0,0,0
trpE,72,0.0394,0.001148,0.026342,1,0,0
Rv3683,72,0.0425,0.001148,0.025329,0,0,0
Rv1002c,72,0.0482,0.001148,0.024316,1,0,0
Rv0227c,72,0.05165,0.001148,0.0227965,1,0,0
dapC,72,0.04335,0.001148,0.024316,1,0,0
fadE22,72,0.0482,0.001148,0.025329,3,0,0
Rv1273c,72,0.0409,0.001148,0.0248225,1,0,0
ribF,72,0.0394,0.001148,0.026342,0,0,0
prsA,72,0.03735,0.001148,0.028369,1,0,0
gap,71,0.0626,0.002296,0.026342,1,0,0
ndh,71,0.0409,0.001148,0.025329,2,1,0
kshB,71,0.0425,0.001148,0.025329,1,0,0
Rv3586,71,0.0394,0.001148,0.025329,4,0,0
argB,71,0.071,0.002296,0.024316,0,0,0
rplB,71,0.0529,0.001148,0.029382,0,0,0
Rv2242,71,0.0,0.0,0.025329,0,0,0
Rv0473,71,0.0461,0.001148,0.024316,2,0,0
Rv3224,71,0.0409,0.001148,0.026342,0,0,0
fbiB,71,0.0,0.0,0.024316,1,0,0
fadA4,71,0.0394,0.001148,0.026342,1,0,0
oppD,71,0.0,0.0,0.024316,1,0,0
Rv0859,70,0.0367,0.001148,0.026342,2,0,0
Rv3169,70,0.0409,0.001148,0.025329,4,0,0
nrp,70,0.038,0.001148,0.0258355,5,0,0
leuC,70,0.0374,0.001148,0.024316,0,0,0
yrbE4B,70,0.038,0.001148,0.026342,0,0,0
Rv2603c,70,0.0409,0.001148,0.027356,0,0,0
serC,70,0.0,0.0,0.025329,0,0,0
gpdA1,70,0.0409,0.001148,0.024316,1,0,0
eccA2,70,0.0482,0.001148,0.023303,1,0,0
Rv2426c,70,0.0425,0.001148,0.026342,5,0,0
phoH2,70,0.0482,0.001148,0.026342,0,0,0
fadE9,70,0.0482,0.001148,0.024316,1,0,0
dnaJ2,70,0.04715,0.001148,0.0258355,1,0,0
Rv3553,70,0.0327,0.001148,0.025329,0,0,0
nusG,69,0.0425,0.001148,0.026342,1,0,0
udgA,69,0.0367,0.001148,0.024316,1,0,0
amiA2,69,0.0409,0.001148,0.024316,0,0,0
argH,69,0.0529,0.001148,0.024316,2,0,0
Rv3684,69,0.0425,0.001148,0.025329,1,0,0
adhC,69,0.0482,0.001148,0.024316,2,0,0
fadE21,69,0.0394,0.001148,0.025329,0,0,0
pepR,68,0.0442,0.001148,0.024316,1,0,0
Rv0457c,68,0.0387,0.001148,0.0248225,1,0,0
PPE54,68,1.66245,0.1039035,0.078014,42,0,0
Rv2795c,68,0.0482,0.001148,0.0248225,1,0,0
Rv3031,68,0.0425,0.001148,0.025329,1,0,0
obg,68,0.0,0.0,0.024316,3,0,0
ltp4,68,0.0394,0.001148,0.024316,1,0,0
hisD,68,0.0425,0.001148,0.026342,1,0,0
pgk,68,0.0425,0.001148,0.025329,0,0,0
Rv1084,67,0.0,0.0,0.025329,2,0,0
cyp124,67,0.0442,0.001148,0.024316,2,0,0
lprQ,67,0.0461,0.001148,0.024316,2,0,0
guaB1,67,0.038,0.001148,0.024316,2,0,0
recG,67,0.0442,0.001148,0.024316,1,0,0
acrA1,67,0.0409,0.001148,0.024316,1,0,0
murA,67,0.0425,0.001148,0.025329,1,0,0
metE,67,0.0442,0.001148,0.027356,1,0,0
Rv3253c,67,0.0425,0.001148,0.023303,0,0,0
mapB,67,0.0,0.0,0.027356,1,0,0
Rv1393c,67,0.0394,0.001148,0.025329,2,0,0
pepB,67,0.0409,0.001148,0.026342,1,0,0
ltp2,67,0.0461,0.001148,0.024316,1,0,0
purB,67,0.0409,0.001148,0.027356,1,0,0
otsA,66,0.0,0.0,0.025329,1,0,0
ftsZ,66,0.0461,0.001148,0.030395,0,0,0
prfA,66,0.0482,0.001148,0.025329,1,0,0
fadE26,66,0.05425,0.001148,0.027356,0,0,0
aceAb,66,0.0425,0.001148,0.025329,0,0,0
nrdF2,66,0.04715,0.001148,0.030395,0,0,0
folD,66,0.04015,0.001148,0.026342,1,0,0
dnaZX,65,0.0425,0.001148,0.026342,0,0,0
galE2,65,0.0394,0.001148,0.026342,1,0,0
fabG4,65,0.0409,0.001148,0.025329,1,0,0
phoH1,65,0.0529,0.001148,0.026342,1,0,0
ltp3,65,0.0409,0.001148,0.027356,2,0,0
fadA6,65,0.0482,0.001148,0.024316,0,0,0
Rv3531c,65,0.0,0.0,0.024316,1,0,0
Rv0433,65,0.0425,0.001148,0.026342,1,0,0
ndhA,65,0.0442,0.001148,0.024316,4,0,0
echA2,64,0.0818,0.002296,0.023303,1,0,0
rodA,64,0.0177,0.000574,0.024316,1,0,0
murX,64,0.06875,0.002296,0.025329,0,0,0
kasB,64,0.0442,0.001148,0.025329,0,0,0
Rv2913c,64,0.0409,0.001148,0.025329,1,0,0
lysS,64,0.0417,0.001148,0.023303,1,0,0
hisS,63,0.0425,0.001148,0.026342,1,0,0
Rv2314c,63,0.0482,0.001148,0.024316,2,0,0
Rv1794,63,0.0,0.0,0.024316,0,0,0
ppm1,63,0.0442,0.001148,0.02229,1,0,0
narU,63,0.0461,0.001148,0.02229,2,0,0
alkB,63,0.038,0.001148,0.028369,0,0,0
ruvB,63,0.0442,0.001148,0.027356,1,0,0
rrs,63,0.3585,0.013777,0.024316,27,0,1
gltD,63,0.071,0.002296,0.026342,0,0,0
Rv1272c,63,0.0425,0.001148,0.024316,1,0,0
Rv2897c,63,0.0442,0.001148,0.02229,2,0,0
pcd,63,0.0,0.0,0.023303,1,0,0
pbpB,63,0.0461,0.001148,0.025329,2,0,0
fadE34,63,0.0354,0.001148,0.026342,2,0,0
ilvE,63,0.0394,0.001148,0.025329,0,0,0
purM,63,0.0409,0.001148,0.026342,1,0,0
sigB,63,0.0367,0.001148,0.027356,0,0,0
sugB,62,0.0425,0.001148,0.025329,1,0,0
ilvA,62,0.03735,0.001148,0.0248225,1,0,0
Rv1106c,62,0.0556,0.001148,0.023303,0,0,0
Rv3365c,62,0.0,0.0,0.0248225,4,0,0
ccsA,62,0.0504,0.001148,0.025329,0,0,0
Rv3038c,62,0.0442,0.001148,0.024316,1,0,0
Rv2927c,62,0.0409,0.001148,0.024316,1,0,0
serS,62,0.04335,0.001148,0.025329,2,0,0
fprB,62,0.0,0.0,0.02229,0,0,0
Rv1488,62,0.035500000000000004,0.001148,0.027356,0,0,0
Rv1421,62,0.0425,0.001148,0.025329,0,0,0
Rv1410c,62,0.0425,0.001148,0.0248225,1,0,0
Rv1132,62,0.05055,0.001148,0.0258355,2,0,0
leuB,61,0.0442,0.001148,0.023303,1,0,0
fadE25,61,0.0425,0.001148,0.027356,0,0,0
hemA,61,0.0367,0.001148,0.025329,0,0,0
gabT,61,0.0504,0.001148,0.025329,0,0,0
gltS,61,0.0,0.0,0.025329,2,0,0
Rv3915,61,0.0,0.0,0.025329,0,0,0
Rv3600c,61,0.0409,0.001148,0.025329,0,0,0
Rv2484c,61,0.0,0.0,0.023303,2,0,0
pknA,61,0.0354,0.001148,0.027356,1,0,0
trpS,61,0.0,0.0,0.024316,0,0,0
dxr,61,0.0504,0.001148,0.027356,0,0,0
fadB2,61,0.0442,0.001148,0.025329,2,0,0
bioB,61,0.0645,0.002296,0.028369,1,0,0
prrA,61,0.0665,0.002296,0.029382,0,0,0
pbpA,60,0.0425,0.001148,0.024316,0,0,0
mrsA,60,0.0409,0.001148,0.025329,2,0,0
add,60,0.0,0.0,0.024316,0,0,0
Rv1830,60,0.0,0.0,0.026342,1,0,0
thrA,59,0.038,0.001148,0.025329,0,0,0
htpX,59,0.0425,0.001148,0.025329,1,0,0
htrA,59,0.0425,0.001148,0.024316,0,0,0
pheS,59,0.0442,0.001148,0.026342,1,0,0
prfB,59,0.038,0.001148,0.027356,0,0,0
pyrB,59,0.038,0.001148,0.028369,1,0,0
Rv3521,59,0.0442,0.001148,0.025329,2,0,0
senX3,59,0.0,0.0,0.025329,1,0,0
Rv0913c,59,0.0442,0.001148,0.025329,0,0,0
Rv0876c,59,0.038,0.001148,0.025329,0,0,0
Rv1461,59,0.0461,0.001148,0.028369,2,0,0
fadD15,59,0.0425,0.001148,0.025329,5,0,0
hisB,59,0.0,0.0,0.025329,0,0,0
menB,59,0.0461,0.001148,0.028369,0,0,0
35kd_ag,59,0.0556,0.001148,0.027356,1,0,0
hemL,59,0.0425,0.001148,0.025329,1,0,0
lipA,58,0.04335,0.001148,0.0258355,0,0,0
purH,58,0.0409,0.001148,0.025329,1,0,0
cysA1,58,0.0,0.0,0.025329,0,0,0
pntAa,58,0.0442,0.001148,0.024316,0,0,0
rfbD,58,0.0387,0.001148,0.0258355,0,0,0
Rv1480,58,0.04515,0.001148,0.024316,0,0,0
Rv1708,58,0.0482,0.001148,0.027356,1,0,0
Rv2315c,58,0.0387,0.001148,0.0258355,0,0,0
nuoN,58,0.0394,0.001148,0.024316,2,0,0
Rv2141c,58,0.0,0.0,0.025329,1,0,0
dgt,58,0.0,0.0,0.024316,2,0,0
csd,58,0.04335,0.001148,0.024316,1,0,0
cysG,58,0.0442,0.001148,0.023303,0,0,0
hsaC,58,0.0409,0.001148,0.025329,1,0,0
Rv3856c,58,0.0461,0.001148,0.023303,1,0,0
thyA,58,0.0417,0.001148,0.026342,1,0,0
Rv2714,58,0.0409,0.001148,0.024316,1,0,0
Rv3220c,58,0.0394,0.001148,0.027356,2,0,0
Rv2993c,58,0.0409,0.001148,0.024316,0,0,0
ldtB,57,0.0425,0.001148,0.025329,0,0,0
asd,57,0.0394,0.001148,0.026342,2,0,0
fadE19,57,0.0409,0.001148,0.027356,0,0,0
mcr,57,0.0461,0.001148,0.024316,2,0,0
glpX,57,0.0665,0.002296,0.028369,2,0,0
fbpC,57,0.0425,0.001148,0.026342,1,0,0
desA1,57,0.038,0.001148,0.025329,0,0,0
hisC1,57,0.0409,0.001148,0.025329,0,0,0
Rv0502,57,0.0425,0.001148,0.025329,0,0,0
php,57,0.0482,0.001148,0.025329,2,0,0
Rv3195,57,0.0394,0.001148,0.024316,1,0,0
Rv2522c,57,0.0442,0.001148,0.024316,0,0,0
serB1,57,0.0529,0.001148,0.025329,4,0,0
pta,57,0.0,0.0,0.023303,3,0,0
Rv1828,57,0.0,0.0,0.023303,0,0,0
Rv1458c,57,0.0442,0.001148,0.025329,2,0,0
yrbE1A,56,0.0461,0.001148,0.024316,2,0,0
Rv2469c,56,0.04715,0.001148,0.026342,1,0,0
panD,56,0.0425,0.001148,0.025329,0,0,0
sucD,56,0.0332,0.001148,0.030395,1,0,0
murC,56,0.0394,0.001148,0.025329,1,0,0
era,56,0.0,0.0,0.025329,0,0,0
mce4A,56,0.0,0.0,0.023303,0,0,0
carA,56,0.076,0.002296,0.026342,2,0,0
galE1,56,0.04515,0.001148,0.024316,0,0,0
Rv1540,56,0.0417,0.001148,0.024316,0,0,0
fadA5,56,0.0,0.0,0.0258355,1,0,0
fadD3,56,0.0425,0.001148,0.026342,0,0,0
Rv0939,55,0.0461,0.001148,0.02229,3,0,0
pimA,55,0.0461,0.001148,0.025329,1,0,0
Rv0496,55,0.0788,0.002296,0.026342,1,0,0
kdpD,55,0.0442,0.001148,0.024316,3,0,0
Rv3661,55,0.0409,0.001148,0.026342,0,0,0
Rv3835,55,0.0461,0.001148,0.024316,0,0,0
deoA,55,0.0425,0.001148,0.024316,1,0,0
PE_PGRS4,55,2.9473,0.501722,0.251266,48,0,0
Rv3644c,55,0.0,0.0,0.024316,2,0,0
trpC,55,0.0461,0.001148,0.024316,0,0,0
mbtG,55,0.0461,0.001148,0.023303,0,0,0
serB2,55,0.038,0.001148,0.023303,1,0,0
tal,55,0.0425,0.001148,0.025329,1,0,0
Rv0498,55,0.0409,0.001148,0.024316,0,0,0
Rv3529c,55,0.0409,0.001148,0.024316,1,0,0
murI,55,0.0409,0.001148,0.025329,0,0,0
mrp,55,0.0442,0.001148,0.027356,1,0,0
nanT,55,0.0,0.0,0.024316,0,0,0
Rv2681,54,0.02125,0.000574,0.024316,0,0,0
rpsC,54,0.0409,0.001148,0.030395,0,0,0
desA3,54,0.0529,0.001148,0.026342,1,0,0
rhlE,54,0.03605,0.001148,0.027356,2,0,0
fbpD,54,0.0394,0.001148,0.024316,0,0,0
ftsY,54,0.0461,0.001148,0.025329,1,0,0
lipP,54,0.04015,0.001148,0.023303,0,0,0
wag31,54,0.0,0.0,0.0248225,0,0,0
fadD14,54,0.0442,0.001148,0.024316,0,0,0
fadD11,54,0.0504,0.001148,0.02229,5,0,0
Rv0111,54,0.0221,0.000574,0.02229,2,0,0
cyp51,54,0.0343,0.001148,0.027356,1,0,0
Rv0204c,54,0.0504,0.001148,0.025329,0,0,0
gpdA2,54,0.0,0.0,0.026342,1,0,0
aglA,54,0.0409,0.001148,0.0238095,2,0,0
Rv0495c,54,0.0461,0.001148,0.025329,0,0,0
Rv3032,54,0.0482,0.001148,0.024316,1,0,0
qcrC,54,0.038,0.001148,0.024316,1,0,0
gcp,54,0.0394,0.001148,0.025329,0,0,0
Rv3778c,54,0.04825,0.001148,0.024316,0,0,0
yrbE4A,54,0.0,0.0,0.026342,1,0,0
prcB,53,0.038,0.001148,0.026342,0,0,0
Rv0885,53,0.0504,0.001148,0.025329,0,0,0
Rv3680,53,0.0354,0.001148,0.025329,2,0,0
ligB,53,0.0504,0.001148,0.023303,3,0,0
Rv2559c,53,0.0425,0.001148,0.026342,0,0,0
Rv3168,53,0.0409,0.001148,0.023303,0,0,0
Rv2366c,53,0.0442,0.001148,0.025329,2,0,0
iscS,53,0.0,0.0,0.023303,0,0,0
rpsB,53,0.0394,0.001148,0.029382,0,0,0
tesB2,53,0.0425,0.001148,0.025329,1,0,0
glnH,53,0.0529,0.001148,0.025329,3,0,0
echA4,53,0.0442,0.001148,0.025329,2,0,0
sugC,53,0.0482,0.001148,0.023303,0,0,0
ftsE,53,0.038,0.001148,0.026342,0,0,0
fixB,53,0.0409,0.001148,0.026342,1,0,0
fadE27,53,0.0482,0.001148,0.023303,0,0,0
arcA,53,0.0,0.0,0.024316,1,0,0
Rv3909,53,0.038,0.001148,0.025329,4,0,0
Rv0051,53,0.0442,0.001148,0.023303,2,0,0
Rv3311,52,0.0461,0.001148,0.024316,0,0,0
thrC,52,0.0,0.0,0.025329,0,0,0
argJ,52,0.0482,0.001148,0.025329,0,0,0
Rv3779,52,0.0461,0.001148,0.023303,0,0,0
Rv3618,52,0.04515,0.001148,0.026342,1,0,0
fba,52,0.0322,0.001148,0.025329,0,0,0
fixA,52,0.03735,0.001148,0.028369,0,0,0
thyX,52,0.04335,0.001148,0.025329,1,0,0
gpgS,52,0.0425,0.001148,0.025329,2,0,0
Rv3649,52,0.019,0.000574,0.024316,1,0,0
wbbL1,52,0.04825,0.001148,0.025329,0,0,0
crp,52,0.0387,0.001148,0.029382,1,0,0
metB,52,0.0409,0.001148,0.025329,0,0,0
Rv3484,51,0.0442,0.001148,0.024316,1,0,0
Rv2715,51,0.0394,0.001148,0.024316,2,0,0
Rv0383c,51,0.0409,0.001148,0.026342,0,0,0
Rv0927c,51,0.0482,0.001148,0.026342,1,0,0
murE,51,0.0409,0.001148,0.023303,1,0,0
Rv3575c,51,0.0461,0.001148,0.024316,0,0,0
recN,51,0.0354,0.001148,0.023303,3,0,0
Rv0247c,51,0.0354,0.001148,0.025329,0,0,0
thiO,51,0.0,0.0,0.024316,1,0,0
priA,51,0.0,0.0,0.023303,1,0,0
argC,51,0.0461,0.001148,0.023303,0,0,0
manB,51,0.0,0.0,0.024316,0,0,0
Rv1425,51,0.0425,0.001148,0.024316,1,0,0
fadB4,50,0.0442,0.001148,0.025329,0,0,0
argD,50,0.01835,0.000574,0.025329,1,0,0
Rv3433c,50,0.0482,0.001148,0.023303,2,0,0
Rv0561c,50,0.0529,0.001148,0.023303,1,0,0
rmlB,50,0.04015,0.001148,0.026342,0,0,0
accD3,50,0.0387,0.001148,0.025329,0,0,0
pca,50,0.0,0.0,0.025329,0,0,0
regX3,50,0.03485,0.001148,0.026342,0,0,0
Rv2578c,50,0.0442,0.001148,0.025329,2,0,0
Rv2280,49,0.0442,0.001148,0.024316,3,0,0
dinG,49,0.0,0.0,0.023303,1,0,0
Rv2510c,49,0.0,0.0,0.024316,0,0,0
hsaG,49,0.0529,0.001148,0.025329,2,0,0
Rv1481,49,0.0425,0.001148,0.025329,0,0,0
etgB,49,0.0,0.0,0.023303,2,0,0
Rv1278,49,0.0461,0.001148,0.024316,1,0,0
Rv3719,49,0.0529,0.001148,0.02229,4,0,0
mycP2,49,0.0482,0.001148,0.02229,2,0,0
pstP,49,0.0394,0.001148,0.025329,3,0,0
Rv1232c,49,0.0504,0.001148,0.02229,1,0,0
Rv0914c,49,0.0482,0.001148,0.023303,1,0,0
rfbE,49,0.0442,0.001148,0.028369,0,0,0
mmaA4,49,0.0461,0.001148,0.024316,3,0,0
Rv3210c,49,0.0409,0.001148,0.025329,1,0,0
yrbE1B,49,0.0367,0.001148,0.024316,0,0,0
tsf,49,0.0354,0.001148,0.027356,0,0,0
Rv3034c,48,0.0409,0.001148,0.026342,0,0,0
prrB,48,0.04715,0.001148,0.024316,0,0,0
aspB,48,0.04335,0.001148,0.0238095,2,0,0
sseA,48,0.0417,0.001148,0.0258355,0,0,0
Rv3587c,48,0.0,0.0,0.025329,0,0,0
folP2,48,0.0461,0.001148,0.024316,0,0,0
pepC,48,0.0,0.0,0.024316,3,0,0
dacB1,48,0.0425,0.001148,0.025329,1,0,0
serA2,48,0.0493,0.001148,0.02229,4,0,0
treZ,48,0.0425,0.001148,0.025329,1,0,0
fadD9,48,0.0442,0.001148,0.026848999999999998,0,0,0
Rv1112,48,0.03485,0.001148,0.026848999999999998,0,0,0
Rv0785,48,0.0,0.0,0.023303,2,0,0
Rv0047c,48,0.04515,0.001148,0.024316,1,0,0
nadA,48,0.0343,0.001148,0.026342,0,0,0
aroB,48,0.0442,0.001148,0.025329,1,0,0
Rv1451,48,0.0425,0.001148,0.026342,2,0,0
eccB2,48,0.05165,0.001148,0.021277,1,0,0
Rv3277,48,0.0,0.0,0.0248225,0,0,0
mptA,48,0.03735,0.001148,0.023303,1,0,0
fadD12,47,0.0367,0.001148,0.024316,0,0,0
nrdB,47,0.0,0.0,0.025329,1,0,0
rplF,47,0.0409,0.001148,0.027356,0,0,0
Rv1086,47,0.0394,0.001148,0.025329,2,0,0
rplE,47,0.0394,0.001148,0.026342,3,0,0
glpQ1,47,0.0409,0.001148,0.023303,3,0,0
leuD,47,0.0734,0.002296,0.025329,0,0,0
bioF1,47,0.0442,0.001148,0.02229,2,0,0
Rv3548c,47,0.0409,0.001148,0.026342,0,0,0
dapD,47,0.0367,0.001148,0.026342,1,0,0
desA2,47,0.038,0.001148,0.023303,0,0,0
hsaD,47,0.0425,0.001148,0.024316,0,0,0
Rv2125,47,0.0409,0.001148,0.026342,1,0,0
sdhB,47,0.076,0.002296,0.026342,0,0,0
Rv0926c,46,0.01835,0.000574,0.023303,2,0,0
panB,46,0.0504,0.001148,0.026342,0,0,0
phoY2,46,0.0461,0.001148,0.026342,0,0,0
amiB1,46,0.0,0.0,0.0217835,2,0,0
fadE7,46,0.0635,0.001722,0.025329,1,0,0
argF,46,0.0482,0.001148,0.024316,0,0,0
fadE35,46,0.0482,0.001148,0.023303,3,0,0
PE_PGRS50,46,0.45320000000000005,0.026406,0.0420465,18,0,0
speE,46,0.0461,0.001148,0.02229,2,0,0
Rv2367c,46,0.04335,0.001148,0.026342,1,0,0
Rv0148,46,0.0425,0.001148,0.026342,0,0,0
mku,46,0.0409,0.001148,0.026342,0,0,0
ideR,46,0.06455,0.002296,0.025329,1,0,0
Rv0940c,46,0.0442,0.001148,0.024316,0,0,0
Rv1543,46,0.0,0.0,0.025329,1,0,0
radA,46,0.0,0.0,0.023303,3,0,0
htdY,46,0.04515,0.001148,0.024316,0,0,0
trpD,45,0.0367,0.001148,0.026342,0,0,0
uspB,45,0.0394,0.001148,0.024316,0,0,0
Rv1829,45,0.0529,0.001148,0.026342,0,0,0
ligD,45,0.0425,0.001148,0.023303,3,0,0
plsC,45,0.0425,0.001148,0.023303,1,0,0
kdpB,45,0.0,0.0,0.026342,1,0,0
Rv2670c,45,0.0,0.0,0.026342,0,0,0
manA,45,0.0367,0.001148,0.024316,0,0,0
hemB,45,0.0,0.0,0.024316,0,0,0
sigE,45,0.0,0.0,0.025329,0,0,0
purC,45,0.0461,0.001148,0.024316,0,0,0
ilvG,45,0.0409,0.001148,0.023303,0,0,0
Rv0063,45,0.0,0.0,0.023303,3,0,0
Rv3720,45,0.0788,0.002296,0.023303,1,0,0
echA12,45,0.0,0.0,0.024316,4,0,0
kstR,44,0.0774,0.002296,0.026342,0,0,0
lat,44,0.0461,0.001148,0.023303,1,0,0
recR,44,0.0425,0.001148,0.026342,0,0,0
Rv1533,44,0.0,0.0,0.02229,0,0,0
tcrX,44,0.0425,0.001148,0.025329,0,0,0
tatC,44,0.0735,0.002296,0.024316,1,0,0
efp,44,0.0409,0.001148,0.027356,0,0,0
rmlA,44,0.0425,0.001148,0.023303,0,0,0
echA19,44,0.0394,0.001148,0.026848999999999998,1,0,0
murG,44,0.0417,0.001148,0.025329,2,0,0
Rv1063c,44,0.0425,0.001148,0.024316,1,0,0
nuoB,44,0.0529,0.001148,0.0258355,0,0,0
grcC1,44,0.0425,0.001148,0.0238095,0,0,0
prpD,44,0.038,0.001148,0.0278625,0,0,0
xseA,44,0.0442,0.001148,0.025329,1,0,0
adoK,44,0.0,0.0,0.024316,1,0,0
Rv0158,44,0.0482,0.001148,0.024316,0,0,0
pyrH,44,0.03605,0.001148,0.0288755,0,0,0
ccdA,44,0.04335,0.001148,0.0248225,1,0,0
ilvX,43,0.0461,0.001148,0.02229,3,0,0
dinX,43,0.0,0.0,0.025329,1,0,0
Rv0466,43,0.0425,0.001148,0.025329,0,0,0
recO,43,0.0367,0.001148,0.025329,2,0,0
moxR3,43,0.0,0.0,0.023303,3,0,0
glnA4,43,0.0529,0.001148,0.023303,0,0,0
Rv3631,43,0.0504,0.001148,0.024316,0,0,0
Rv3762c,43,0.0,0.0,0.025329,2,0,0
ctpV,43,0.0,0.0,0.02229,5,0,0
rpe,43,0.0461,0.001148,0.025329,0,0,0
Rv3207c,43,0.0442,0.001148,0.024316,0,0,0
Rv0517,43,0.0394,0.001148,0.023303,2,0,0
prcA,43,0.0529,0.001148,0.025329,1,0,0
oxcA,43,0.0425,0.001148,0.024316,3,0,0
fpg,43,0.0461,0.001148,0.024316,2,0,0
opcA,43,0.0482,0.001148,0.024316,3,0,0
aftA,43,0.038,0.001148,0.025329,2,0,0
rplA,43,0.071,0.002296,0.030395,0,0,0
hisG,43,0.0409,0.001148,0.024316,0,0,0
pitA,43,0.0,0.0,0.024316,1,0,0
lipE,43,0.0556,0.001148,0.02229,1,0,0
sodA,43,0.0,0.0,0.025329,0,0,0
hemC,42,0.0493,0.001148,0.0258355,0,0,0
parB,42,0.0425,0.001148,0.024316,0,0,0
Rv1146,42,0.0504,0.001148,0.024316,1,0,0
Rv2672,42,0.0482,0.001148,0.024316,3,0,0
Rv2739c,42,0.0504,0.001148,0.023303,1,0,0
uspA,42,0.0394,0.001148,0.024316,0,0,0
rplD,42,0.0409,0.001148,0.025329,0,0,0
malQ,42,0.0,0.0,0.024316,4,0,0
Rv0945,42,0.0,0.0,0.024316,1,0,0
Rv3201c,42,0.0,0.0,0.024316,1,0,0
Rv3717,42,0.0,0.0,0.023303,0,0,0
ppnK,42,0.0,0.0,0.025329,0,0,0
cyp125,42,0.0,0.0,0.026848999999999998,4,0,0
ispE,42,0.0425,0.001148,0.025329,2,0,0
pepQ,42,0.0425,0.001148,0.02229,0,0,1
Rv3635,42,0.04715,0.001148,0.024316,0,0,0
Rv2558,42,0.0529,0.001148,0.021277,0,0,0
Rv0380c,42,0.019,0.000574,0.025329,3,0,0
far,42,0.0394,0.001148,0.0248225,2,0,0
greA,41,0.0687,0.002296,0.029382,0,0,0
Rv2676c,41,0.0367,0.001148,0.028369,1,0,0
kdpE,41,0.0442,0.001148,0.024316,0,0,0
Rv3551,41,0.0482,0.001148,0.027356,1,0,0
deoD,41,0.0409,0.001148,0.025329,1,0,0
Rv2223c,41,0.0504,0.001148,0.02229,1,0,0
nuoC,41,0.0394,0.001148,0.023303,1,0,0
Rv0385,41,0.0,0.0,0.023303,0,0,0
fhaA,41,0.0,0.0,0.026342,2,0,0
Rv0228,41,0.0482,0.001148,0.024316,1,0,0
gpm1,41,0.0425,0.001148,0.025329,0,0,0
thiG,41,0.0442,0.001148,0.024316,2,0,0
nadE,41,0.0,0.0,0.026342,1,0,0
Rv3075c,41,0.0,0.0,0.024316,1,0,0
Rv3888c,41,0.0482,0.001148,0.021277,3,0,0
purD,41,0.0,0.0,0.024316,2,0,0
Rv0296c,41,0.0,0.0,0.025329,1,0,0
Rv3213c,41,0.0367,0.001148,0.024316,2,0,0
erg3,41,0.0818,0.002296,0.025329,0,0,0
cobH,41,0.0,0.0,0.024316,1,0,0
Rv3327,41,0.0923,0.002296,0.023303,2,0,0
fadD17,41,0.0425,0.001148,0.023303,1,0,0
Rv2298,40,0.0442,0.001148,0.023303,3,0,0
fadD1,40,0.0,0.0,0.0248225,2,0,0
Rv1151c,40,0.0,0.0,0.023303,0,0,0
fprA,40,0.04015,0.001148,0.024316,2,0,0
lprN,40,0.04715,0.001148,0.024316,1,0,0
frr,40,0.0,0.0,0.024316,0,0,0
lldD2,40,0.0461,0.001148,0.023303,4,0,0
ligC,40,0.0409,0.001148,0.023303,3,0,0
qcrA,40,0.03605,0.001148,0.028369,1,0,0
Rv1626,40,0.0789,0.002296,0.024316,0,0,0
Rv3342,40,0.0332,0.001148,0.024316,0,0,0
bacA,40,0.0461,0.001148,0.024316,1,0,0
Rv3208,40,0.04335,0.001148,0.025329,1,0,0
adhA,40,0.0461,0.001148,0.023303,0,0,0
ruvA,40,0.0442,0.001148,0.025329,1,0,0
Rv3362c,40,0.0,0.0,0.026342,0,0,0
Rv3693,40,0.0482,0.001148,0.0258355,2,0,0
dppA,40,0.0461,0.001148,0.023303,2,0,0
Rv1645c,40,0.0,0.0,0.0238095,0,0,0
PE_PGRS27,40,2.50985,0.051665,0.0400205,28,0,0
dapB,40,0.0,0.0,0.025329,0,0,0
Rv3559c,40,0.0818,0.002296,0.024316,1,0,0
rplK,40,0.05775,0.001722,0.032928,0,0,0
lipM,40,0.0,0.0,0.023303,0,0,0
rpsE,39,0.0425,0.001148,0.029382,1,0,0
katG,39,0.0354,0.001148,0.025329,4,0,1
scpA,39,0.038,0.001148,0.026342,1,0,0
Rv0694,39,0.0,0.0,0.025329,1,0,0
Rv3603c,39,0.0442,0.001148,0.023303,0,0,0
ddlA,39,0.0482,0.001148,0.025329,1,0,0
Rv2147c,39,0.0529,0.001148,0.026342,0,0,0
rpsG,39,0.0665,0.002296,0.027356,0,0,0
cydA,39,0.0425,0.001148,0.025329,1,0,0
dacB2,39,0.0461,0.001148,0.024316,2,0,0
clpP2,39,0.0425,0.001148,0.028369,1,0,0
dprE2,39,0.0529,0.001148,0.025329,2,0,0
rpfB,39,0.0,0.0,0.02229,0,0,0
Rv0232,39,0.0482,0.001148,0.025329,1,0,0
echA16,39,0.0529,0.001148,0.025329,2,0,0
oppA,39,0.0,0.0,0.023303,0,0,0
sugA,39,0.0354,0.001148,0.025329,0,0,0
Rv3041c,39,0.0409,0.001148,0.024316,2,0,0
rpiB,39,0.0665,0.002296,0.025329,2,0,0
Rv3050c,39,0.0461,0.001148,0.023303,0,0,0
Rv0225,39,0.0,0.0,0.02229,1,0,0
alr,39,0.0461,0.001148,0.021277,3,0,0
oppC,39,0.0482,0.001148,0.023303,0,0,0
aceAa,39,0.0482,0.001148,0.025329,1,0,0
plcA,38,0.47914999999999996,0.06659000000000001,0.146403,5,0,0
murD,38,0.0442,0.001148,0.023303,4,0,0
Rv2509,38,0.0,0.0,0.025329,1,0,0
dcd,38,0.0367,0.001148,0.026342,0,0,0
PE_PGRS54,38,2.0534499999999998,0.0499425,0.0349545,24,0,0
Rv2581c,38,0.0,0.0,0.023303,0,0,0
mce4B,38,0.0,0.0,0.023303,0,0,0
echA20,38,0.0676,0.002296,0.0258355,0,0,0
rpsL,38,0.0687,0.002296,0.0288755,3,0,1
accA1,38,0.0,0.0,0.025329,2,0,0
Rv0822c,38,0.0,0.0,0.025329,1,0,0
dppB,38,0.0482,0.001148,0.0227965,1,0,0
cmaA1,38,0.04715,0.001148,0.0238095,1,0,0
Rv3707c,38,0.0,0.0,0.023303,1,0,0
Rv0311,38,0.0461,0.001148,0.0248225,1,0,0
ctaE,38,0.0425,0.001148,0.026342,0,0,0
mak,38,0.0,0.0,0.02229,2,0,0
Rv1220c,38,0.0,0.0,0.023303,0,0,0
phoT,38,0.0354,0.001148,0.026848999999999998,0,0,0
pknH,38,0.0482,0.001148,0.024316,6,0,0
pstA1,38,0.0461,0.001148,0.024316,2,0,0
fabD,38,0.0394,0.001148,0.026342,0,0,0
rip,38,0.0197,0.000574,0.026342,2,0,0
clpP1,37,0.038,0.001148,0.028369,1,0,0
Rv1431,37,0.0,0.0,0.023303,2,0,0
dut,37,0.0461,0.001148,0.023303,0,0,0
Rv1457c,37,0.0367,0.001148,0.024316,0,0,0
msrA,37,0.038,0.001148,0.025329,1,0,0
adk,37,0.0,0.0,0.024316,0,0,0
pth,37,0.0,0.0,0.024316,1,0,0
Rv1322A,37,0.0442,0.001148,0.024316,0,0,0
Rv3538,37,0.0394,0.001148,0.024316,0,0,0
mce4D,37,0.0504,0.001148,0.024316,2,0,0
Rv2172c,37,0.0442,0.001148,0.024316,1,0,0
Rv1637c,37,0.0482,0.001148,0.024316,1,0,0
Rv1701,37,0.0442,0.001148,0.024316,0,0,0
kdtB,37,0.0394,0.001148,0.024316,0,0,0
Rv2568c,37,0.0442,0.001148,0.024316,2,0,0
hemE,37,0.0,0.0,0.023303,4,0,0
aftC,37,0.0409,0.001148,0.025329,0,0,0
Rv3811,37,0.0504,0.001148,0.025329,2,0,0
murF,37,0.038,0.001148,0.024316,1,0,0
Rv3780,37,0.0,0.0,0.027356,1,0,0
lppM,37,0.0,0.0,0.024316,0,0,0
Rv3254,37,0.0,0.0,0.02229,1,0,0
pimE,36,0.0,0.0,0.023303,2,0,0
hadB,36,0.0529,0.001148,0.0258355,0,0,0
ripA,36,0.04715,0.001148,0.02229,0,0,0
echA8,36,0.04335,0.001148,0.026342,0,0,0
Rv2239c,36,0.0425,0.001148,0.026342,0,0,0
Rv2410c,36,0.03945,0.001148,0.025329,0,0,0
Rv0007,36,0.08345,0.002296,0.026342,2,0,0
Rv1321,36,0.04715,0.001148,0.025329,1,0,0
metA,36,0.0,0.0,0.023303,2,0,0
Rv1005c,36,0.0,0.0,0.023303,1,0,0
cysD,36,0.04335,0.001148,0.0258355,1,0,0
corA,36,0.0482,0.001148,0.023303,1,0,0
mprA,36,0.0367,0.001148,0.026342,1,0,0
grpE,36,0.04515,0.001148,0.02229,0,0,0
Rv3557c,36,0.0,0.0,0.023303,0,0,0
hsaE,36,0.0417,0.001148,0.0248225,0,0,0
ppa,36,0.04335,0.001148,0.025329,0,0,0
Rv0272c,36,0.04515,0.001148,0.0227965,0,0,0
Rv3259,36,0.0425,0.001148,0.026342,1,0,0
cysW,36,0.04335,0.001148,0.025329,1,0,0
Rv0687,36,0.0,0.0,0.023303,1,0,0
ceoC,36,0.0,0.0,0.024316,1,0,0
sigH,36,0.03735,0.001148,0.027356,0,0,0
fabG2,36,0.0177,0.000574,0.0248225,0,0,0
proB,36,0.038,0.001148,0.026848999999999998,0,0,0
Rv1703c,36,0.04335,0.001148,0.023303,1,0,0
galE3,36,0.0425,0.001148,0.0248225,2,0,0
secF,36,0.0,0.0,0.0258355,0,0,0
mtr,35,0.0425,0.001148,0.025329,1,0,0
eccB3,35,0.0425,0.001148,0.02229,1,0,0
Rv0547c,35,0.0461,0.001148,0.024316,0,0,0
htdX,35,0.0788,0.002296,0.024316,1,0,0
xthA,35,0.0442,0.001148,0.024316,1,0,0
Rv0269c,35,0.0,0.0,0.024316,0,0,0
rplQ,35,0.0461,0.001148,0.030395,2,0,0
rplV,35,0.0425,0.001148,0.028369,1,0,0
Rv3583c,35,0.0409,0.001148,0.027356,0,0,0
Rv1019,35,0.0409,0.001148,0.026342,0,0,0
mce4F,35,0.0482,0.001148,0.025329,1,0,0
trmU,35,0.0394,0.001148,0.024316,3,0,0
trpB,35,0.0354,0.001148,0.024316,1,0,0
sirR,35,0.0504,0.001148,0.027356,2,0,0
ppiB,35,0.0482,0.001148,0.023303,1,0,0
echA5,35,0.0394,0.001148,0.024316,2,0,0
rphA,35,0.0,0.0,0.02229,0,0,0
Rv0818,35,0.0,0.0,0.024316,1,0,0
cobT,35,0.0,0.0,0.024316,0,0,0
echA15,35,0.0461,0.001148,0.025329,0,0,0
ceoB,35,0.0461,0.001148,0.025329,4,0,0
nadB,35,0.0425,0.001148,0.023303,2,0,0
Rv1817,35,0.0,0.0,0.024316,0,0,0
Rv1230c,35,0.0,0.0,0.025329,2,0,0
subI,35,0.0,0.0,0.024316,1,0,0
nuoE,35,0.0818,0.002296,0.023303,0,0,0
Rv0530,35,0.0367,0.001148,0.024316,1,0,0
Rv1842c,35,0.0,0.0,0.023303,0,0,0
aldC,35,0.0409,0.001148,0.024316,4,0,0
Rv0688,35,0.0,0.0,0.023303,2,0,0
pafB,34,0.04715,0.001148,0.024316,1,0,0
Rv2731,34,0.0442,0.001148,0.024316,0,0,0
fbpA,34,0.03735,0.001148,0.026848999999999998,0,0,0
proA,34,0.042550000000000004,0.001148,0.025329,0,0,0
ansP1,34,0.0241,0.000574,0.021277,1,0,0
Rv2553c,34,0.0425,0.001148,0.0248225,1,0,0
Rv0472c,34,0.036699999999999997,0.001148,0.025329,1,0,0
Rv1428c,34,0.04715,0.001148,0.023303,2,0,0
folE,34,0.0442,0.001148,0.0248225,0,0,0
pks7,34,0.0493,0.001148,0.023303,5,0,0
Rv3412,34,0.0332,0.001148,0.026342,0,0,0
moaB2,34,0.0,0.0,0.023303,0,0,0
rplO,34,0.0608,0.001722,0.0278625,1,0,0
dprE1,34,0.0161,0.000574,0.026342,0,0,1
Rv1456c,34,0.0,0.0,0.024316,0,0,0
rpsK,34,0.0343,0.001148,0.031408,0,0,0
ksgA,34,0.0482,0.001148,0.023303,0,0,0
Rv3200c,34,0.0442,0.001148,0.024316,1,0,0
lpqF,34,0.0,0.0,0.023303,3,0,0
pyrD,34,0.0417,0.001148,0.024316,1,0,0
Rv3167c,34,0.03735,0.001148,0.023303,1,0,0
hsaB,34,0.0425,0.001148,0.026342,2,0,0
Rv1251c,34,0.02045,0.000574,0.024316,4,0,0
echA21,34,0.0417,0.001148,0.025329,0,0,0
Rv3730c,34,0.0461,0.001148,0.024316,0,0,0
Rv3679,34,0.0387,0.001148,0.025329,0,0,0
cysT,34,0.0,0.0,0.023303,0,0,0
Rv3579c,33,0.0,0.0,0.024316,1,0,0
Rv3669,33,0.0482,0.001148,0.023303,3,0,0
glnD,33,0.0425,0.001148,0.023303,4,0,0
rpsI,33,0.0332,0.001148,0.028369,2,0,0
Rv2613c,33,0.0425,0.001148,0.025329,0,0,0
Rv2700,33,0.0529,0.001148,0.023303,1,0,0
Rv3228,33,0.0818,0.002296,0.025329,2,0,0
irtA,33,0.0504,0.001148,0.021277,1,0,0
lepB,33,0.0425,0.001148,0.025329,0,0,0
parA,33,0.0529,0.001148,0.024316,0,0,0
Rv0161,33,0.0425,0.001148,0.024316,2,0,0
gcvT,33,0.0,0.0,0.025329,2,0,0
Rv3829c,33,0.0,0.0,0.025329,1,0,0
fadE36,33,0.0442,0.001148,0.023303,1,0,0
purK,33,0.0461,0.001148,0.023303,0,0,0
Rv2038c,33,0.0482,0.001148,0.023303,0,0,0
Rv1593c,33,0.0,0.0,0.023303,0,0,0
Rv0274,33,0.0409,0.001148,0.025329,0,0,0
ppiA,33,0.0354,0.001148,0.028369,0,0,0
bpoC,33,0.0,0.0,0.023303,0,0,0
pptT,33,0.0425,0.001148,0.025329,1,0,0
ahpC,33,0.038,0.001148,0.026342,1,1,0
phoP,32,0.0,0.0,0.027356,0,0,0
fadE33,32,0.0,0.0,0.024316,1,0,0
Rv2799,32,0.08685,0.002296,0.0238095,1,0,0
Rv1277,32,0.0461,0.001148,0.024316,1,0,0
garA,32,0.0417,0.001148,0.025329,0,0,0
lipO,32,0.04715,0.001148,0.021277,2,0,0
Rv1867,32,0.0556,0.001148,0.0227965,2,0,0
pstS2,32,0.0461,0.001148,0.023303,4,0,0
menC,32,0.0425,0.001148,0.02229,0,0,0
Rv0535,32,0.04515,0.001148,0.023303,0,0,0
Rv2133c,32,0.0493,0.001148,0.0238095,0,0,0
Rv2166c,32,0.0504,0.001148,0.025329,1,0,0
Rv2134c,32,0.0409,0.001148,0.026342,0,0,0
Rv3530c,32,0.0504,0.001148,0.025329,2,0,0
echA9,32,0.04335,0.001148,0.025329,0,0,0
Rv0584,32,0.0461,0.001148,0.021277,4,0,0
ilvN,32,0.0,0.0,0.026342,0,0,0
nicT,32,0.0461,0.001148,0.024316,0,0,0
Rv3040c,32,0.0482,0.001148,0.0227965,0,0,0
bglS,32,0.0,0.0,0.02229,2,0,0
lpqM,32,0.04715,0.001148,0.0217835,4,0,0
ctaC,32,0.0425,0.001148,0.025329,0,0,0
mce1D,32,0.0482,0.001148,0.0238095,1,0,0
Rv3194c,32,0.04335,0.001148,0.0248225,1,0,0
Rv0525,32,0.0442,0.001148,0.024316,2,0,0
rpsP,32,0.04335,0.001148,0.026342,0,0,0
cinA,32,0.05055,0.001148,0.023303,0,0,0
Rv2867c,32,0.0,0.0,0.024316,0,0,0
infC,32,0.06565,0.002296,0.030395,0,0,0
eccD2,32,0.0965,0.002296,0.021277,3,0,0
uspC,31,0.0442,0.001148,0.024316,0,0,0
pimB,31,0.0,0.0,0.023303,2,0,0
Rv2569c,31,0.0461,0.001148,0.025329,1,0,0
scpB,31,0.0425,0.001148,0.025329,1,0,0
Rv0207c,31,0.0461,0.001148,0.024316,0,0,0
Rv2766c,31,0.0529,0.001148,0.024316,0,0,0
Rv1178,31,0.0461,0.001148,0.023303,1,0,0
menA,31,0.0,0.0,0.02229,0,0,0
Rv2219,31,0.0425,0.001148,0.026342,1,0,0
Rv0799c,31,0.0409,0.001148,0.025329,1,0,0
pafC,31,0.0,0.0,0.023303,0,0,0
Rv3368c,31,0.0425,0.001148,0.025329,2,0,0
tpi,31,0.0313,0.001148,0.027356,0,0,0
recC,31,0.0,0.0,0.023303,5,0,0
PE_PGRS53,31,1.4711,0.052813,0.032421,17,0,0
purQ,31,0.0409,0.001148,0.025329,0,0,0
Rv2857c,31,0.0482,0.001148,0.023303,0,0,0
echA3,31,0.0461,0.001148,0.023303,0,0,0
lysA,31,0.0394,0.001148,0.026342,0,0,0
glgA,30,0.02125,0.000574,0.023303,0,0,0
ftsX,30,0.035500000000000004,0.001148,0.026342,2,0,0
pepD,30,0.0425,0.001148,0.0248225,1,0,0
Rv3626c,30,0.0,0.0,0.023303,0,0,0
nadD,30,0.0409,0.001148,0.024316,0,0,0
Rv1565c,30,0.0,0.0,0.024316,0,0,0
Rv0221,30,0.019,0.000574,0.024316,5,0,0
tig,30,0.0,0.0,0.021277,2,0,0
Rv1460,30,0.05165,0.001148,0.0217835,1,0,0
pmmB,30,0.038,0.001148,0.0238095,3,0,0
pncA,30,0.0556,0.001148,0.021277,12,0,1
mmpL5,30,0.0,0.0,0.025329,2,1,0
PPE8,30,1.0308,0.030999,0.0369805,15,0,0
rpfA,30,0.0504,0.001148,0.026342,4,0,0
Rv2963,30,0.0,0.0,0.0248225,0,0,0
Rv0541c,30,0.0442,0.001148,0.023303,1,0,0
nudC,30,0.0504,0.001148,0.02229,1,0,0
Rv0953c,30,0.01835,0.000574,0.025329,0,0,0
cyp130,30,0.0394,0.001148,0.024316,1,0,0
Rv1367c,30,0.04715,0.001148,0.025329,1,0,0
Rv0950c,30,0.0417,0.001148,0.0238095,1,0,0
echA6,30,0.04715,0.001148,0.023303,1,0,0
Rv0634c,30,0.0425,0.001148,0.026342,0,0,0
PPE5,29,0.3496,0.020666,0.033435,12,0,0
pstC2,29,0.0482,0.001148,0.024316,0,0,0
Rv0235c,29,0.0394,0.001148,0.026342,0,0,0
adhE1,29,0.0482,0.001148,0.02229,0,0,0
rplY,29,0.0,0.0,0.024316,0,0,0
sdhD,29,0.0687,0.002296,0.027356,3,0,0
Rv1318c,29,1.7147,0.423651,0.256332,16,0,0
PE_PGRS21,29,3.5608,0.049369,0.032421,20,0,0
Rv3777,29,0.0,0.0,0.02229,2,0,0
cmaA2,29,0.0482,0.001148,0.023303,0,0,0
Rv2974c,29,0.0,0.0,0.025329,1,0,0
mmsB,29,0.0409,0.001148,0.024316,0,0,0
Rv2406c,29,0.0818,0.002296,0.024316,1,0,0
esxP,29,2.4033,0.051665,0.027356,17,0,0
narX,29,0.0442,0.001148,0.02229,4,0,0
blaI,29,0.0425,0.001148,0.024316,2,0,0
glpD1,29,0.0,0.0,0.023303,0,0,0
end,29,0.0,0.0,0.025329,1,0,0
mca,29,0.0,0.0,0.024316,1,0,0
echA17,29,0.0,0.0,0.023303,0,0,0
Rv3510c,29,0.0425,0.001148,0.025329,1,0,0
Rv3230c,29,0.0461,0.001148,0.023303,0,0,0
mutA,29,0.0482,0.001148,0.02229,0,0,0
Rv3591c,29,0.0442,0.001148,0.024316,0,0,0
Rv2204c,29,0.0461,0.001148,0.026342,0,0,0
Rv2182c,29,0.0425,0.001148,0.026342,0,0,0
Rv0906,29,0.0425,0.001148,0.023303,1,0,0
Rv1478,29,0.0442,0.001148,0.024316,1,0,0
Rv1496,29,0.0394,0.001148,0.024316,1,0,0
pks5,29,0.0425,0.001148,0.025329,3,0,0
ald,29,0.0504,0.001148,0.02229,4,0,0
PPE60,29,0.3108,0.005741,0.026342,7,0,0
Rv2525c,29,0.0461,0.001148,0.023303,0,0,0
Rv2577,29,0.0504,0.001148,0.021277,0,0,0
pepE,28,0.0417,0.001148,0.025329,0,0,0
rpsF,28,0.038,0.001148,0.027356,0,0,0
pks8,28,0.0442,0.001148,0.024316,4,0,0
Rv1463,28,0.0425,0.001148,0.026342,2,0,0
gnd2,28,0.046200000000000005,0.001148,0.024316,0,0,0
mbtB,28,0.0556,0.001148,0.020263,3,0,0
tesB1,28,0.0,0.0,0.023303,2,0,0
dppC,28,0.0221,0.000574,0.0238095,0,0,0
rplP,28,0.0482,0.001148,0.0288755,0,0,0
Rv1865c,28,0.0571,0.001148,0.02229,1,0,0
mgtA,28,0.042550000000000004,0.001148,0.023303,4,0,0
tlyA,28,0.04715,0.001148,0.023303,2,0,1
hisF,28,0.0,0.0,0.025329,0,0,0
Rv1069c,28,0.0367,0.001148,0.026342499999999998,3,0,0
Rv0238,28,0.0409,0.001148,0.0258355,0,0,0
Rv3847,28,0.0409,0.001148,0.025329,0,0,0
fadD36,28,0.019,0.000574,0.024316,1,0,0
fadD31,28,0.0394,0.001148,0.025329,5,0,0
Rv2420c,28,0.0417,0.001148,0.026342,0,0,0
Rv2251,28,0.0,0.0,0.024316,2,0,0
Rv0147,28,0.0482,0.001148,0.02229,0,0,0
hpt,28,0.0461,0.001148,0.0238095,0,0,0
rbfA,28,0.0632,0.001722,0.025329,1,0,0
Rv2862c,28,0.0504,0.001148,0.025329,1,0,0
lprO,28,0.0461,0.001148,0.024316,0,0,0
Rv1157c,28,0.038,0.001148,0.0238095,0,0,0
Rv2466c,28,0.0747,0.002296,0.025329,0,0,0
argA,28,0.0776,0.002296,0.0238095,0,0,0
Rv1072,28,0.0387,0.001148,0.026848999999999998,1,0,0
def,27,0.0409,0.001148,0.024316,0,0,0
Rv2915c,27,0.0442,0.001148,0.025329,1,0,0
sigD,27,0.0504,0.001148,0.023303,0,0,0
Rv1882c,27,0.0,0.0,0.023303,0,0,0
Rv0539,27,0.0461,0.001148,0.023303,0,0,0
Rv2039c,27,0.0409,0.001148,0.023303,2,0,0
Rv0012,27,0.0442,0.001148,0.025329,4,0,0
bkdA,27,0.0442,0.001148,0.02229,1,0,0
Rv2991,27,0.0409,0.001148,0.025329,0,0,0
rplI,27,0.0529,0.001148,0.023303,0,0,0
eccB5,27,0.0442,0.001148,0.023303,0,0,0
Rv0654,27,0.0,0.0,0.02229,0,0,0
Rv2216,27,0.0,0.0,0.024316,1,0,0
Rv1145,27,0.0504,0.001148,0.024316,3,0,0
rpsH,27,0.0442,0.001148,0.027356,0,0,0
mutT4,27,0.0409,0.001148,0.026342,0,0,0
rplW,27,0.0788,0.002296,0.028369,0,0,0
eccD5,27,0.0425,0.001148,0.023303,2,0,0
Rv3205c,27,0.0,0.0,0.023303,1,0,0
lipC,27,0.0,0.0,0.024316,3,0,0
trcR,27,0.0504,0.001148,0.023303,0,0,0
Rv1432,27,0.0,0.0,0.023303,1,0,0
Rv2119,27,0.0,0.0,0.025329,0,0,0
alkA,27,0.0442,0.001148,0.023303,2,0,0
lexA,27,0.0409,0.001148,0.027356,0,0,0
Rv0139,26,0.0296,0.001148,0.02229,1,0,0
zwf1,26,0.0482,0.001148,0.023303,0,0,0
Rv1234,26,0.0,0.0,0.0248225,0,0,0
phoR,26,0.044300000000000006,0.001148,0.024316,3,0,0
Rv0184,26,0.04715,0.001148,0.024316,1,0,0
sigG,26,0.0,0.0,0.024316,2,0,0
Rv2413c,26,0.0442,0.001148,0.02229,1,0,0
pknL,26,0.0417,0.001148,0.025329,2,0,0
Rv1096,26,0.0442,0.001148,0.0248225,0,0,0
pntAb,26,0.0461,0.001148,0.024316,0,0,0
Rv2361c,26,0.04335,0.001148,0.024316,1,0,0
PE_PGRS57,26,0.5126,0.041332,0.08308,7,0,0
cya,26,0.04335,0.001148,0.02229,3,0,0
esxO,26,0.08195,0.002296,0.0298885,10,0,0
lppW,26,0.0482,0.001148,0.024316,0,0,0
Rv0633c,26,0.0461,0.001148,0.024316,2,0,0
lpqL,26,0.0197,0.000574,0.024316,0,0,0
Rv3502c,26,0.03735,0.001148,0.0258355,1,0,0
rpsM,26,0.06355,0.002296,0.030395,0,0,0
mbtE,26,0.01835,0.000574,0.02229,4,0,0
cyp142,26,0.04335,0.001148,0.0248225,1,0,0
rmlD,26,0.04715,0.001148,0.02229,3,0,0
Rv3278c,26,0.0417,0.001148,0.026342,0,0,0
Rv2228c,26,0.0482,0.001148,0.02229,1,0,0
Rv2611c,26,0.0788,0.002296,0.026342,2,0,0
dppD,26,0.0442,0.001148,0.023303,0,0,0
rplS,26,0.0409,0.001148,0.027356,0,0,0
Rv2675c,25,0.0482,0.001148,0.023303,0,0,0
sigJ,25,0.076,0.002296,0.024316,2,0,0
Rv3304,25,0.0504,0.001148,0.026342,0,0,0
rocE,25,0.0,0.0,0.02229,2,0,0
Rv0183,25,0.0461,0.001148,0.024316,0,0,0
Rv3493c,25,0.0482,0.001148,0.02229,0,0,0
ruvC,25,0.0409,0.001148,0.026342,0,0,0
Rv1000c,25,0.0482,0.001148,0.023303,0,0,0
moeA2,25,0.0,0.0,0.023303,1,0,0
mce1C,25,0.0461,0.001148,0.025329,0,0,0
msrB,25,0.0409,0.001148,0.026342,0,0,0
Rv3406,25,0.0425,0.001148,0.024316,1,0,0
Rv1544,25,0.0,0.0,0.023303,0,0,0
eccD3,25,0.0482,0.001148,0.024316,2,0,0
Rv2499c,25,0.038,0.001148,0.024316,0,0,0
pcaA,25,0.0,0.0,0.027356,0,0,0
Rv1566c,25,0.0504,0.001148,0.023303,0,0,0
hupB,25,0.0425,0.001148,0.026342,0,0,0
Rv1218c,25,0.0461,0.001148,0.023303,0,0,0
Rv2252,25,0.0,0.0,0.024316,0,0,0
pyrR,25,0.0461,0.001148,0.023303,2,0,0
pyrE,25,0.0,0.0,0.025329,0,0,0
Rv2912c,25,0.0482,0.001148,0.02229,0,0,0
ssb,25,0.0,0.0,0.027356,0,0,0
Rv2997,25,0.0556,0.001148,0.021277,0,0,0
purE,25,0.0394,0.001148,0.025329,1,0,0
Rv3753c,25,0.0,0.0,0.026342,1,0,0
Rv1148c,25,0.3646,0.01837,0.054711,3,0,0
Rv1109c,25,0.0482,0.001148,0.024316,0,0,0
fbpB,25,0.0425,0.001148,0.026342,0,0,0
sigF,25,0.0482,0.001148,0.024316,0,0,0
Rv1155,25,0.0886,0.002296,0.02229,1,0,0
prpC,25,0.0409,0.001148,0.024316,0,0,0
hadA,25,0.0442,0.001148,0.025329,0,0,0
PPE56,25,0.3637,0.020666,0.077001,7,0,0
fgd2,25,0.0,0.0,0.02229,2,0,0
Rv0487,25,0.0,0.0,0.025329,1,0,0
xerC,25,0.0,0.0,0.024316,0,0,0
Rv0897c,24,0.0442,0.001148,0.024316,3,0,0
Rv0998,24,0.0425,0.001148,0.024316,0,0,0
glnB,24,0.0,0.0,0.026342,1,0,0
PPE34,24,3.0102,0.2382315,0.1499495,19,0,0
Rv1686c,24,0.04335,0.001148,0.0227965,0,0,0
cobQ2,24,0.04715,0.001148,0.0238095,2,0,0
mce4C,24,0.0442,0.001148,0.023303,0,0,0
rplJ,24,0.036699999999999997,0.001148,0.0278625,1,0,0
rnc,24,0.0425,0.001148,0.024316,0,0,0
mce1R,24,0.0,0.0,0.0227965,2,0,0
Rv0023,24,0.09045,0.002296,0.023303,2,0,0
tsnR,24,0.041800000000000004,0.001148,0.026848999999999998,3,0,0
fadE28,24,0.0658,0.001722,0.025329,1,0,0
Rv1245c,24,0.03735,0.001148,0.0298885,1,0,0
cyp138,24,0.0,0.0,0.023303,2,0,0
Rv3485c,24,0.042550000000000004,0.001148,0.0248225,1,0,0
orn,24,0.0,0.0,0.0248225,0,0,0
Rv0566c,24,0.068,0.002296,0.029382,0,0,0
tcrY,24,0.0504,0.001148,0.02229,2,0,0
Rv3552,24,0.04015,0.001148,0.025329,0,0,0
Rv2118c,24,0.0,0.0,0.0238095,0,0,0
Rv2256c,24,0.0425,0.001148,0.026342,1,0,0
Rv2449c,24,0.0442,0.001148,0.023303,1,0,0
zur,24,0.04515,0.001148,0.0248225,0,0,0
lipI,24,0.0,0.0,0.0238095,0,0,0
smtB,24,0.08195,0.002296,0.0258355,0,0,0
Rv0365c,24,0.0442,0.001148,0.025329,0,0,0
Rv0430,24,0.0493,0.001148,0.0258355,0,0,0
Rv3241c,24,0.03605,0.001148,0.0238095,0,0,0
Rv3295,24,0.04715,0.001148,0.023303,0,0,0
Rv2191,24,0.0,0.0,0.021277,0,0,0
Rv0484c,24,0.0343,0.001148,0.0248225,1,0,0
Rv0293c,24,0.0425,0.001148,0.02229,1,0,0
moaA2,24,0.04095,0.001148,0.02229,2,0,0
Rv3836,24,0.0409,0.001148,0.024316,2,0,0
Rv3830c,24,0.0,0.0,0.02229,3,0,0
miaA,24,0.0,0.0,0.0238095,0,0,0
Rv3577,24,0.0252,0.000574,0.0217835,0,0,0
Rv2074,24,0.0442,0.001148,0.026342,1,0,0
arsB2,24,0.0,0.0,0.021277,1,0,0
blaR,23,0.0482,0.001148,0.02229,1,0,0
atpE,23,0.0425,0.001148,0.028369,0,0,1
cyp136,23,0.0,0.0,0.02229,3,0,0
cysK1,23,0.0529,0.001148,0.021277,1,0,0
pyrF,23,0.0529,0.001148,0.021277,1,0,0
cydB,23,0.0461,0.001148,0.023303,0,0,0
Rv2464c,23,0.0,0.0,0.02229,3,0,0
PE_PGRS19,23,2.3106,0.134328,0.038501,18,0,0
Rv2971,23,0.0425,0.001148,0.02229,2,0,0
Rv3027c,23,0.0,0.0,0.02229,0,0,0
Rv2418c,23,0.0,0.0,0.023303,0,0,0
Rv3671c,23,0.0,0.0,0.024316,1,0,0
Rv0862c,23,0.0,0.0,0.023303,2,0,0
Rv3292,23,0.0442,0.001148,0.024316,0,0,0
Rv0474,23,0.0461,0.001148,0.02229,1,0,0
proC,23,0.0409,0.001148,0.024316,2,0,0
Rv3718c,23,0.0,0.0,0.024316,1,0,0
Rv2073c,23,0.0394,0.001148,0.026342,1,0,0
Rv2707,23,0.0,0.0,0.024316,0,0,0
Rv3816c,23,0.0409,0.001148,0.026342,2,0,0
aldA,23,0.0409,0.001148,0.025329,2,0,0
bcpB,23,0.0,0.0,0.023303,0,0,0
Rv1186c,23,0.0394,0.001148,0.024316,3,0,0
mntH,23,0.0818,0.002296,0.024316,1,0,0
Rv2082,23,0.5254,0.052813,0.090172,8,0,0
Rv3698,23,0.0,0.0,0.025329,2,0,0
PE_PGRS9,23,3.7865,0.052813,0.029382,20,0,0
celA1,23,0.0,0.0,0.023303,2,0,0
Rv0955,23,0.0,0.0,0.025329,0,0,0
ggtA,22,0.0221,0.000574,0.02229,3,0,0
Rv0996,22,0.0221,0.000574,0.0227965,2,0,0
rplN,22,0.042749999999999996,0.001148,0.0309015,1,0,0
lprB,22,0.041800000000000004,0.001148,0.0227965,0,0,0
lpqY,22,0.0,0.0,0.02229,1,0,0
Rv0756c,22,0.0461,0.001148,0.024316,1,0,0
glfT1,22,0.04515,0.001148,0.024316,0,0,0
ftsQ,22,0.0425,0.001148,0.026342,0,0,0
Rv1144,22,0.0,0.0,0.026342,0,0,0
bcp,22,0.0504,0.001148,0.024316,1,0,0
bfrA,22,0.0482,0.001148,0.023303,0,0,0
Rv0078,22,0.04715,0.001148,0.0217835,2,0,0
Rv0138,22,0.0,0.0,0.024316,1,0,0
Rv1558,22,0.0504,0.001148,0.02229,0,0,0
Rv1287,22,0.0,0.0,0.024316,0,0,0
Rv0049,22,0.0417,0.001148,0.0258355,0,0,0
Rv1333,22,0.05165,0.001148,0.0248225,0,0,0
Rv0044c,22,0.04515,0.001148,0.025329,0,0,0
lrpA,22,0.0,0.0,0.021277,1,0,0
fbiA,22,0.0394,0.001148,0.0248225,0,0,0
Rv1339,22,0.0425,0.001148,0.0238095,0,0,0
aroK,22,0.046200000000000005,0.001148,0.0248225,0,0,0
Rv0263c,22,0.0,0.0,0.0238095,0,0,0
mihF,22,0.0676,0.002296,0.029382,1,0,0
mmpL2,22,3.2138,0.052813,0.016211,16,0,0
Rv2190c,22,0.0,0.0,0.0248225,1,0,0
Rv3668c,22,0.0,0.0,0.0238095,0,0,0
ppgK,22,0.0,0.0,0.024316,3,0,0
Rv2699c,22,0.0461,0.001148,0.025329,0,0,0
Rv0224c,22,0.03945,0.001148,0.025329,0,0,0
Rv2199c,22,0.04335,0.001148,0.024316,0,0,0
Rv0364,22,0.09045,0.002296,0.024316,0,0,0
Rv3395c,22,0.0,0.0,0.0248225,1,0,0
Rv2258c,22,0.0851,0.002296,0.024316,2,0,0
Rv0499,22,0.04095,0.001148,0.0238095,2,0,0
Rv2230c,22,0.0,0.0,0.0227965,4,0,0
Rv3060c,22,0.0,0.0,0.023303,2,0,0
Rv2901c,22,0.03805,0.001148,0.027355499999999998,0,0,0
Rv3030,22,0.042550000000000004,0.001148,0.023303,2,0,0
oppB,22,0.046200000000000005,0.001148,0.023303,0,0,0
Rv2387,22,0.0409,0.001148,0.02229,0,0,0
ppsA,21,8.0245,0.205511,0.106383,16,0,0
Rv2090,21,0.0482,0.001148,0.024316,4,0,0
Rv0825c,21,0.0461,0.001148,0.024316,2,0,0
hbhA,21,0.0,0.0,0.024316,0,0,0
Rv3752c,21,0.0394,0.001148,0.025329,0,0,0
PPE19,21,4.9776,0.056257,0.018237,18,0,0
Rv2777c,21,0.0409,0.001148,0.024316,1,0,0
thiE,21,0.0409,0.001148,0.025329,0,0,0
Rv2696c,21,0.0,0.0,0.023303,0,0,0
argR,21,0.0409,0.001148,0.026342,0,0,0
rplX,21,0.0504,0.001148,0.026342,1,0,0
galU,21,0.0,0.0,0.027356,1,0,0
cspB,21,0.0367,0.001148,0.025329,0,0,0
canB,21,0.0,0.0,0.023303,0,0,0
pssA,21,0.0425,0.001148,0.023303,0,0,0
Rv3659c,21,0.0529,0.001148,0.023303,2,0,0
ribC,21,0.0461,0.001148,0.024316,1,0,0
trmD,21,0.0461,0.001148,0.024316,0,0,0
Rv3268,21,0.0,0.0,0.023303,0,0,0
tatD,21,0.0504,0.001148,0.02229,2,0,0
recD,21,0.0,0.0,0.023303,3,0,0
Rv1588c,21,2.5939,0.391504,0.182371,18,0,0
Rv2554c,21,0.0,0.0,0.023303,0,0,0
trpG,21,0.0425,0.001148,0.026342,2,0,0
ephE,21,0.0,0.0,0.024316,0,0,0
Rv0737,21,0.0425,0.001148,0.025329,0,0,0
rpsS,21,0.076,0.002296,0.027356,0,0,0
Rv0775,21,0.0442,0.001148,0.023303,1,0,0
Rv3672c,21,0.0504,0.001148,0.02229,1,0,0
htdZ,21,0.0482,0.001148,0.02229,1,0,0
fhaB,21,0.038,0.001148,0.025329,1,0,0
Rv0681,20,0.0442,0.001148,0.025329,0,0,0
Rv0814c,20,0.0,0.0,0.024316,0,0,0
amiC,20,0.0425,0.001148,0.023303,1,0,0
gmk,20,0.0851,0.002296,0.025329,1,0,0
PE_PGRS55,20,0.7001999999999999,0.13490249999999998,0.061803,9,0,0
Rv2972c,20,0.0442,0.001148,0.0227965,0,0,0
mce1F,20,0.01835,0.000574,0.0238095,3,0,0
Rv0360c,20,0.0,0.0,0.024316,0,0,0
menH,20,0.02305,0.000574,0.023303,0,0,0
Rv0218,20,0.0,0.0,0.0227965,2,0,0
Rv2708c,20,0.0,0.0,0.024316,0,0,0
aroA,20,0.0,0.0,0.024316,0,0,0
rplM,20,0.0,0.0,0.025329,0,0,0
fucA,20,0.0,0.0,0.023303,3,0,0
lprC,20,0.04825,0.001148,0.026342,2,0,0
TB7.3,20,0.04715,0.001148,0.0238095,1,0,0
nusB,20,0.04715,0.001148,0.025329,1,0,0
Rv2052c,20,0.0,0.0,0.023303,0,0,0
lpqU,20,0.0,0.0,0.0217835,1,0,0
Rv0907,20,0.0529,0.001148,0.024316,1,0,0
Rv2047c,20,0.0442,0.001148,0.023303,2,0,0
rsbW,20,0.05165,0.001148,0.0238095,0,0,0
kmtR,20,0.0,0.0,0.0248225,0,0,0
Rv0459,20,0.04715,0.001148,0.0227965,4,0,0
Rv1024,20,0.0,0.0,0.0248225,3,0,0
sigL,20,0.0,0.0,0.023303,0,0,0
lppB,20,1.767,0.270953,0.165147,19,0,0
Rv1262c,20,0.0482,0.001148,0.023303,0,0,0
lppA,20,1.6232,0.39207800000000004,0.27963499999999997,15,0,0
sdhC,20,0.0482,0.001148,0.023303,1,0,0
Rv0439c,20,0.0197,0.000574,0.0248225,0,0,0
Rv0769,20,0.03805,0.001148,0.0238095,1,0,0
Rv1353c,20,0.038,0.001148,0.0278625,1,0,0
rpsT,20,0.0461,0.001148,0.024316,0,0,0
Rv0309,20,0.0,0.0,0.025329,0,0,0
fadE10,20,0.0,0.0,0.021277,1,0,0
trxC,20,0.0425,0.001148,0.025329,0,0,0
Rv0696,20,0.0,0.0,0.02229,2,0,0
Rv0725c,20,0.0,0.0,0.025329,2,0,0
Rv0519c,20,0.0,0.0,0.0227965,0,0,0
Rv0077c,20,0.0425,0.001148,0.024316,0,0,0
tgs3,20,0.0,0.0,0.0238095,3,0,0
Rv1462,20,0.042550000000000004,0.001148,0.025329,2,0,0
Rv3284,20,0.05425,0.001148,0.0238095,0,0,0
Rv0095c,20,0.5385,0.06773799999999999,0.12462000000000001,9,0,0
Rv3037c,20,0.0,0.0,0.0238095,0,0,0
PPE53,20,1.55695,0.41331799999999996,0.309524,20,0,0
PPE59,20,2.0378,0.059701,0.037994,15,0,0
nuoI,20,0.03485,0.001148,0.0288755,1,0,0
cyp126,20,0.0,0.0,0.0238095,0,0,0
fmu,20,0.04715,0.001148,0.023303,1,0,0
nuoJ,20,0.0,0.0,0.023303,0,0,0
lipB,19,0.0425,0.001148,0.024316,1,0,0
nuoK,19,0.0409,0.001148,0.026342,0,0,0
Rv3678c,19,0.0504,0.001148,0.02229,0,0,0
canA,19,0.0,0.0,0.025329,0,0,0
coaE,19,0.0,0.0,0.02229,0,0,0
atpC,19,0.0,0.0,0.024316,0,0,0
cfp29,19,0.0425,0.001148,0.023303,0,0,0
Rv0192,19,0.0409,0.001148,0.02229,2,0,0
rplR,19,0.0,0.0,0.027356,0,0,0
Rv3632,19,0.0409,0.001148,0.024316,0,0,0
Rv1869c,19,0.0,0.0,0.020263,1,0,0
Rv3705c,19,0.0442,0.001148,0.025329,1,0,0
Rv0910,19,0.0482,0.001148,0.024316,0,0,0
rpoZ,19,0.0665,0.002296,0.031408,0,0,0
Rv3723,19,0.0,0.0,0.024316,0,0,0
Rv3813c,19,0.0442,0.001148,0.025329,0,0,0
Rv3789,19,0.0461,0.001148,0.024316,0,0,0
mtrA,19,0.0504,0.001148,0.029382,0,0,0
mshC,19,0.0,0.0,0.026342,1,0,0
dnaQ,19,0.0,0.0,0.025329,4,0,0
Rv1474c,19,0.0,0.0,0.025329,0,0,0
ung,19,0.0409,0.001148,0.024316,0,0,0
spoU,19,0.0504,0.001148,0.026342,2,0,0
sppA,19,0.0461,0.001148,0.023303,3,0,0
Rv3400,19,0.0,0.0,0.023303,0,0,0
Rv2556c,19,0.0504,0.001148,0.024316,1,0,0
Rv3218,19,0.0,0.0,0.023303,0,0,0
tyrA,19,0.0,0.0,0.02229,3,0,0
Rv0826,19,0.0442,0.001148,0.024316,0,0,0
egtD,19,0.0,0.0,0.024316,0,0,0
Rv1219c,19,0.0,0.0,0.02229,1,0,0
Rv0265c,19,0.0442,0.001148,0.023303,1,0,0
Rv0273c,19,0.0,0.0,0.023303,3,0,0
Rv0485,19,0.0,0.0,0.023303,0,0,0
lipU,19,0.0425,0.001148,0.024316,1,0,0
viuB,18,0.04515,0.001148,0.0227965,1,0,0
wag22,18,0.27155,0.006314999999999999,0.02229,3,0,0
pncB1,18,0.0,0.0,0.0248225,2,0,0
Rv0774c,18,0.0394,0.001148,0.0238095,0,0,0
Rv1260,18,0.0529,0.001148,0.021277,1,0,0
lsr2,18,0.05575,0.001148,0.024316,0,0,0
mapA,18,0.0,0.0,0.02229,0,0,0
dedA,18,0.0493,0.001148,0.0238095,0,0,0
Rv0691c,18,0.0461,0.001148,0.0238095,0,0,0
ribG,18,0.0,0.0,0.021277,2,0,0
pknE,18,0.0504,0.001148,0.0217835,0,0,0
nrdH,18,0.04335,0.001148,0.027356,0,0,0
echA1,18,0.0,0.0,0.023303,1,0,0
Rv2776c,18,0.0,0.0,0.0238095,0,0,0
Rv1465,18,0.0,0.0,0.025329,0,0,0
Rv3249c,18,0.0417,0.001148,0.025329,0,0,0
gatC,18,0.04335,0.001148,0.0258355,0,0,0
PPE18,18,1.58905,0.0482205,0.044073,10,0,0
Rv2165c,18,0.0197,0.000574,0.024316,1,0,0
cobC,18,0.0504,0.001148,0.02229,1,0,0
atpG,18,0.0,0.0,0.0238095,0,0,0
cobM,18,0.02045,0.000574,0.023303,1,0,0
Rv3630,18,0.0482,0.001148,0.0227965,3,0,0
Rv0249c,18,0.0,0.0,0.024316,2,0,0
Rv2050,18,0.0504,0.001148,0.024316,0,0,0
Rv2908c,18,0.0482,0.001148,0.023303,0,0,0
Rv3647c,18,0.04515,0.001148,0.024316,0,0,0
Rv1026,18,0.0221,0.000574,0.02229,0,0,0
Rv2146c,18,0.0442,0.001148,0.025329,0,0,0
mpt53,18,0.0923,0.002296,0.024316,2,0,0
Rv1154c,18,0.0556,0.001148,0.02229,1,0,0
Rv2781c,18,0.09875,0.002296,0.0227965,2,0,0
Rv2405,18,0.0,0.0,0.024316,1,0,0
mmpS3,18,0.0461,0.001148,0.0238095,1,0,0
Rv3699,18,0.053,0.001148,0.0227965,2,0,0
Rv3837c,18,0.02125,0.000574,0.0227965,1,0,0
Rv3677c,18,0.0387,0.001148,0.0258355,1,0,0
hisC2,17,0.0482,0.001148,0.023303,2,0,0
mbtA,17,0.0,0.0,0.023303,0,0,0
rpsQ,17,0.0851,0.002296,0.029382,0,0,0
pknD,17,0.0504,0.001148,0.02229,1,0,0
rimJ,17,0.0,0.0,0.024316,0,0,0
fdxC,17,0.0442,0.001148,0.027356,0,0,0
Rv2828c,17,1.3597,0.050517,0.023303,9,0,0
Rv2557,17,0.0556,0.001148,0.020263,0,0,0
ephA,17,0.0,0.0,0.023303,0,0,0
Rv0281,17,0.0,0.0,0.02229,1,0,0
Rv3651,17,0.0461,0.001148,0.023303,0,0,0
Rv0846c,17,0.0,0.0,0.023303,1,0,0
Rv0497,17,0.0409,0.001148,0.024316,0,0,0
ppdK,17,0.0,0.0,0.02229,2,0,0
Rv0944,17,0.0394,0.001148,0.026342,1,0,0
rpmC,17,0.076,0.002296,0.027356,0,0,0
espR,17,0.0394,0.001148,0.028369,0,0,0
Rv1003,17,0.0,0.0,0.023303,0,0,0
Rv2181,17,0.0,0.0,0.02229,0,0,0
aroD,17,0.0,0.0,0.025329,0,0,0
Rv3466,17,2.7835,0.176808,0.104357,9,0,0
Rv3013,17,0.0,0.0,0.024316,0,0,0
Rv1711,17,0.0,0.0,0.023303,0,0,0
rpsO,16,0.0,0.0,0.025329,1,0,0
rimI,16,0.0221,0.000574,0.0238095,1,0,0
Rv2575,16,0.04515,0.001148,0.024316,3,0,0
Rv0064,16,2.44405,0.0459245,0.036474,12,0,0
esxN,16,0.0,0.0,0.024316,0,0,0
Rv2468c,16,0.0,0.0,0.0227965,0,0,0
Rv1466,16,0.042550000000000004,0.001148,0.025329,0,0,0
Rv0887c,16,0.046200000000000005,0.001148,0.024316,0,0,0
Rv0881,16,0.0,0.0,0.025329,1,0,0
Rv2179c,16,0.0493,0.001148,0.0227965,0,0,0
psd,16,0.0221,0.000574,0.023303,0,0,0
mmaA1,16,0.0,0.0,0.024316,0,0,0
Rv1931c,16,0.0461,0.001148,0.023303,0,0,0
Rv3903c,16,0.3712,0.0183695,0.02229,7,0,0
Rv0236A,16,0.04715,0.001148,0.024316,0,0,0
whiB3,16,0.0886,0.002296,0.0227965,0,0,0
Rv0813c,16,0.0,0.0,0.023303,0,0,0
Rv2135c,16,0.0,0.0,0.023303,0,0,0
Rv0191,16,0.02045,0.000574,0.025329,2,0,0
Rv2184c,16,0.0,0.0,0.023303,2,0,0
arsC,16,0.0,0.0,0.0258355,0,0,0
aofH,16,0.0482,0.001148,0.023303,1,0,0
Rv2186c,16,0.0,0.0,0.02229,0,0,0
nth,16,0.0,0.0,0.024316,1,0,0
Rv3592,16,0.02125,0.000574,0.0227965,0,0,0
Rv1874,16,0.0504,0.001148,0.02229,1,0,0
Rv1628c,16,0.04515,0.001148,0.024316,0,0,0
Rv0585c,16,0.0,0.0,0.0248225,0,0,0
Rv2750,16,0.0417,0.001148,0.0248225,0,0,0
sodC,16,0.0,0.0,0.021277,0,0,0
Rv3202c,16,0.04825,0.001148,0.02229,2,0,0
mutT3,16,0.0197,0.000574,0.02229,0,0,0
esxH,16,0.0,0.0,0.024316,0,0,0
Rv1265,16,0.0,0.0,0.02229,1,0,0
Rv2837c,16,0.0504,0.001148,0.02229,1,0,0
trcS,16,0.0,0.0,0.024316,3,0,0
Rv2475c,16,0.0,0.0,0.0248225,1,0,0
lipL,16,0.04825,0.001148,0.024316,2,0,0
lpqC,16,0.04715,0.001148,0.023303,0,0,0
Rv0526,16,0.04335,0.001148,0.0258355,0,0,0
rraA,16,0.0417,0.001148,0.023303,0,0,0
mce1A,16,0.07035,0.001722,0.02229,1,0,0
snoP,16,0.02305,0.000574,0.0227965,0,0,0
pks10,16,0.0,0.0,0.021277,1,0,0
esxL,16,0.58345,0.032147,0.0324215,7,0,0
Rv0010c,16,0.04515,0.001148,0.0227965,4,0,0
narL,16,0.0473,0.001148,0.02229,1,0,0
truB,16,0.0417,0.001148,0.0238095,0,0,0
PE_PGRS13,16,3.2113,0.039036,0.0162105,11,0,0
rpsN1,15,0.0818,0.002296,0.027356,1,0,0
treY,15,0.0,0.0,0.023303,0,0,0
Rv3263,15,0.0,0.0,0.024316,4,0,0
Rv1209,15,0.0529,0.001148,0.02229,0,0,0
Rv2840c,15,0.0504,0.001148,0.023303,0,0,0
Rv3104c,15,0.0442,0.001148,0.02229,1,0,0
Rv2609c,15,0.0,0.0,0.02229,0,0,0
rpsR1,15,0.0788,0.002296,0.026342,0,0,0
tpx,15,0.0,0.0,0.024316,0,0,0
hemZ,15,0.0,0.0,0.02229,0,0,0
hisE,15,0.0409,0.001148,0.024316,0,0,0
Rv3605c,15,0.0,0.0,0.02229,0,0,0
Rv3802c,15,0.0461,0.001148,0.024316,2,0,0
Rv0966c,15,0.0,0.0,0.021277,3,0,0
Rv2854,15,0.038,0.001148,0.024316,2,0,0
Rv1824,15,0.0482,0.001148,0.023303,1,0,0
cobO,15,0.0482,0.001148,0.023303,0,0,0
PE_PGRS6,15,0.16,0.006889,0.04154,4,0,0
Rv2091c,15,0.0461,0.001148,0.023303,0,0,0
Rv1945,15,0.2107,0.029851,0.052685,4,0,0
Rv1066,15,0.0409,0.001148,0.023303,1,0,0
Rv1078,15,0.0461,0.001148,0.024316,0,0,0
Rv3525c,15,0.0442,0.001148,0.025329,1,0,0
Rv2694c,15,0.0504,0.001148,0.023303,0,0,0
ethA,15,0.0504,0.001148,0.021277,7,0,1
ephC,15,0.0556,0.001148,0.024316,0,0,0
Rv2164c,15,0.0,0.0,0.021277,1,0,0
apa,15,0.0482,0.001148,0.02229,2,0,0
Rv1856c,15,0.0,0.0,0.021277,1,0,0
gid,15,0.1059,0.002296,0.021277,7,1,0
lprE,15,0.0,0.0,0.023303,0,0,0
rplT,15,0.071,0.002296,0.030395,0,0,0
rplU,15,0.038,0.001148,0.029382,0,0,0
Rv2706c,15,0.0425,0.001148,0.026342,2,0,0
Rv0361,15,0.0461,0.001148,0.024316,0,0,0
aroE,15,0.0,0.0,0.025329,0,0,0
purN,15,0.0,0.0,0.024316,1,0,0
nrdI,15,0.0,0.0,0.024316,0,0,0
Rv0686,15,0.0442,0.001148,0.023303,0,0,0
ctpH,15,0.0,0.0,0.01925,2,0,0
Rv3421c,15,0.0461,0.001148,0.023303,1,0,0
mas,15,2.0101,0.039036,0.021277,9,0,0
Rv1025,15,0.0482,0.001148,0.02229,0,0,0
Rv0094c,15,0.5395,0.043628,0.079027,5,0,0
Rv1401,15,0.0,0.0,0.023303,1,0,0
echA7,15,0.0,0.0,0.023303,1,0,0
Rv1435c,15,3.3264,0.354765,0.131712,8,0,0
mutY,15,0.0,0.0,0.023303,1,0,0
mycP4,15,0.0425,0.001148,0.020263,3,0,0
Rv3143,15,0.0,0.0,0.024316,0,0,0
Rv0786c,15,0.0504,0.001148,0.023303,1,0,0
fadD7,15,0.0,0.0,0.02229,3,0,0
ubiA,14,0.04535,0.001148,0.0227965,1,0,0
Rv1312,14,0.0221,0.000574,0.024316,0,0,0
Rv0310c,14,0.0,0.0,0.0238095,1,0,0
xylB,14,0.0,0.0,0.0212765,1,0,0
Rv3788,14,0.0,0.0,0.02229,0,0,0
Rv0588,14,0.0,0.0,0.0238095,1,0,0
cobG,14,0.0672,0.001722,0.023303,0,0,0
Rv1692,14,0.0409,0.001148,0.024316,1,0,0
ribH,14,0.0,0.0,0.025329,0,0,0
egtC,14,0.0529,0.001148,0.02229,1,0,0
rmlC,14,0.0,0.0,0.0227965,0,0,0
lipJ,14,0.0,0.0,0.023303,4,0,0
hspR,14,0.0461,0.001148,0.024316,0,0,0
Rv0730,14,0.0425,0.001148,0.02229,0,0,0
ndkA,14,0.0556,0.001148,0.0217835,0,0,0
Rv0500A,14,0.08685,0.002296,0.025329,0,0,0
fadE32,14,0.0,0.0,0.0238095,1,0,0
recX,14,0.0,0.0,0.02229,0,0,0
Rv1531,14,0.02125,0.000574,0.023303,0,0,0
PPE51,14,1.4897999999999998,0.2571755,0.18845,13,0,0
fecB,14,0.05425,0.001148,0.0217835,0,0,0
whiB1,14,0.0803,0.002296,0.027356,0,0,0
whiB2,14,0.0394,0.001148,0.027356,0,0,0
yfiH,14,0.0,0.0,0.0238095,0,0,0
Rv0923c,14,0.0,0.0,0.02229,3,0,0
whiB4,14,0.0504,0.001148,0.023303,1,0,0
Rv3833,14,0.0586,0.001148,0.01925,4,0,0
Rv2040c,14,0.04715,0.001148,0.023303,0,0,0
rplL,14,0.0388,0.001148,0.029382,0,0,0
Rv3920c,14,0.0,0.0,0.024316,0,0,0
pirG,14,0.0,0.0,0.021277,0,0,0
groES,14,0.03485,0.001148,0.0309015,0,0,0
PE_PGRS7,14,2.8103,0.054535,0.0435665,9,0,0
mqo,14,0.04515,0.001148,0.02229,1,0,0
Rv2698,14,0.04515,0.001148,0.0238095,0,0,0
Rv2327,14,0.04335,0.001148,0.0258355,0,0,0
Rv2712c,14,0.0529,0.001148,0.0217835,0,0,0
rpmA,14,0.035500000000000004,0.001148,0.031408,0,0,0
pgsA1,14,0.0409,0.001148,0.0238095,1,0,0
hisA,14,0.0461,0.001148,0.024316,0,0,0
cut2,14,0.0,0.0,0.02229,2,0,0
fdhD,14,0.09045,0.002296,0.025329,0,0,0
Rv3364c,14,0.06735,0.001722,0.024316,1,0,0
nuoA,14,0.06584999999999999,0.001722,0.0227965,0,0,0
Rv0476,14,0.05165,0.001148,0.023303,0,0,0
cydD,14,0.0,0.0,0.0227965,0,0,0
PE_PGRS22,13,0.5874,0.022962,0.030395,6,0,0
Rv0275c,13,0.0923,0.002296,0.02229,3,0,0
Rv3069,13,0.0482,0.001148,0.023303,1,0,0
lppL,13,0.0425,0.001148,0.02229,2,0,0
Rv3057c,13,0.0,0.0,0.023303,3,0,0
Rv1319c,13,0.1851,0.020666,0.090172,4,0,0
esxU,13,0.0482,0.001148,0.023303,0,0,0
pepA,13,0.0,0.0,0.02229,2,0,0
thiD,13,0.0442,0.001148,0.024316,0,0,0
Rv1211,13,0.0425,0.001148,0.026342,1,0,0
Rv0692,13,0.0,0.0,0.024316,0,0,0
Rv1486c,13,0.0529,0.001148,0.02229,1,0,0
mce1B,13,0.038,0.001148,0.02229,0,0,0
pks11,13,0.0504,0.001148,0.02229,1,0,0
Rv2260,13,0.0442,0.001148,0.023303,0,0,0
Rv2617c,13,0.0,0.0,0.02229,0,0,0
Rv3300c,13,0.0425,0.001148,0.023303,1,0,0
mutT1,13,0.0,0.0,0.024316,2,0,0
ephF,13,0.0442,0.001148,0.023303,3,0,0
fmt,13,0.0394,0.001148,0.023303,0,0,0
PPE58,13,1.3987,0.459242,0.411348,12,0,0
Rv2989,13,0.0,0.0,0.023303,0,0,0
Rv2732c,13,0.0,0.0,0.024316,0,0,0
Rv2680,13,0.0,0.0,0.023303,0,0,0
Rv2709,13,0.0,0.0,0.023303,0,0,0
Rv2170,13,0.0,0.0,0.023303,0,0,0
Rv2205c,13,0.0482,0.001148,0.021277,1,0,0
Rv2415c,13,0.0,0.0,0.024316,2,0,0
galK,13,0.0886,0.002296,0.023303,1,0,0
Rv2975c,13,0.0442,0.001148,0.025329,0,0,0
Rv3627c,13,0.0442,0.001148,0.024316,1,0,0
PPE24,13,1.7379,0.051665,0.030395,9,0,0
Rv1065,13,0.0482,0.001148,0.021277,0,0,0
PPE25,13,6.4046,0.184845,0.035461,10,0,0
Rv1825,13,0.0409,0.001148,0.025329,2,0,0
acpS,13,0.0442,0.001148,0.025329,0,0,0
hemN,13,0.0482,0.001148,0.023303,1,0,0
hadC,13,0.0461,0.001148,0.024316,1,0,0
whiB7,13,0.0,0.0,0.025329,0,1,0
PE_PGRS18,12,1.52845,0.098163,0.12614,7,0,0
ssr,12,0.05165,0.001148,0.0227965,0,0,0
Rv2923c,12,0.0,0.0,0.021277,2,0,0
hemY,12,0.046200000000000005,0.001148,0.02229,2,0,0
Rv1191,12,0.05425,0.001148,0.0258355,1,0,0
fdxD,12,0.0851,0.002296,0.024316,0,0,0
Rv2825c,12,2.3615,0.051665,0.020263,8,0,0
Rv1056,12,0.0,0.0,0.021277,2,0,0
Rv3815c,12,0.0529,0.001148,0.0217835,3,0,0
Rv2375,12,0.02125,0.000574,0.02229,0,0,0
PPE57,12,0.1794,0.0177955,0.0729485,2,0,0
pheA,12,0.02125,0.000574,0.0217835,0,0,0
mmaA2,12,0.03735,0.001148,0.027861999999999998,1,0,0
Rv1639c,12,0.0493,0.001148,0.0238095,3,0,0
Rv1634,12,0.0,0.0,0.023303,3,0,0
dapE,12,0.0482,0.001148,0.023303,0,0,0
ahpE,12,0.042050000000000004,0.001148,0.027356,0,0,0
espG3,12,0.04515,0.001148,0.02229,0,0,0
Rv3492c,12,0.04335,0.001148,0.02229,0,0,0
Rv3604c,12,0.0461,0.001148,0.024316,1,0,0
Rv2081c,12,0.1965,0.025258,0.116515,1,0,0
Rv0190,12,0.0,0.0,0.028369,0,0,0
Rv2175c,12,0.0442,0.001148,0.023303,0,0,0
atpB,12,0.0,0.0,0.023303,0,0,0
thiL,12,0.0442,0.001148,0.0248225,2,0,0
Rv1754c,12,0.0409,0.001148,0.0248225,1,0,0
cobD,12,0.0482,0.001148,0.0238095,2,0,0
TB18.5,12,0.0,0.0,0.0238095,0,0,0
Rv0787A,12,0.0,0.0,0.023303,0,0,0
Rv3901c,12,4.73875,0.04822,0.0106385,12,0,0
Rv0048c,12,0.0,0.0,0.023303,0,0,0
Rv3814c,12,0.0,0.0,0.0227965,0,0,0
Rv1930c,12,0.02305,0.000574,0.02229,0,0,0
rseA,11,0.0,0.0,0.023303,1,0,0
PE_PGRS45,11,0.6176,0.074627,0.093212,5,0,0
Rv1129c,11,0.0409,0.001148,0.027356,2,0,0
Rv2851c,11,0.0529,0.001148,0.02229,0,0,0
Rv2342,11,0.0,0.0,0.024316,0,0,0
gabP,11,0.0442,0.001148,0.02229,0,0,0
PE_PGRS43,11,0.2421,0.019518,0.032421,4,0,0
lpqI,11,0.0,0.0,0.021277,3,0,0
PE_PGRS24,11,2.8099,0.049369,0.072948,6,0,0
Rv3716c,11,0.0482,0.001148,0.023303,2,0,0
pks2,11,4.5629,0.020666,0.020263,6,0,0
Rv0090,11,0.0,0.0,0.021277,2,0,0
mce2C,11,0.0,0.0,0.02229,3,0,0
cspA,11,0.0665,0.002296,0.032421,1,0,0
ahpD,11,0.0425,0.001148,0.024316,1,0,0
Rv1898,11,0.0,0.0,0.023303,0,0,0
Rv0199,11,0.0,0.0,0.023303,0,0,0
pup,11,0.071,0.002296,0.027356,1,0,0
pstS3,11,0.0425,0.001148,0.023303,0,0,0
ptkA,11,0.0,0.0,0.023303,0,0,0
lgt,11,0.0,0.0,0.024316,0,0,0
Rv0452,11,0.0504,0.001148,0.021277,1,0,0
Rv1841c,11,0.0,0.0,0.021277,2,0,0
Rv1863c,11,0.0851,0.002296,0.025329,0,0,0
bpoA,11,0.0,0.0,0.024316,0,0,0
Rv1647,11,0.0529,0.001148,0.02229,1,0,0
Rv0306,11,0.0,0.0,0.023303,0,0,0
ephG,11,0.0461,0.001148,0.024316,1,0,0
rshA,11,0.0529,0.001148,0.021277,0,0,0
moaC2,11,0.0,0.0,0.024316,0,0,0
Rv1255c,11,0.0504,0.001148,0.02229,1,0,0
rnpB,11,0.0818,0.002296,0.026342,0,0,0
Rv3204,11,0.0367,0.001148,0.024316,2,0,0
Rv3258c,11,0.0425,0.001148,0.024316,0,0,0
Rv1254,11,0.0,0.0,0.02229,0,0,0
fadD24,11,0.0367,0.001148,0.028369,1,0,0
nei,11,0.0,0.0,0.02229,1,0,0
nagA,11,0.0529,0.001148,0.021277,0,0,0
Rv2585c,11,0.0504,0.001148,0.023303,2,0,0
Rv3163c,11,0.0,0.0,0.023303,0,0,0
fbiD,11,0.0,0.0,0.023303,2,0,0
Rv3054c,11,0.0,0.0,0.023303,0,0,0
yajC,11,0.0461,0.001148,0.024316,0,0,0
bioF2,10,2.88535,0.041906,0.037487,6,0,0
udgB,10,0.0,0.0,0.021277,1,0,0
ptpA,10,0.0197,0.000574,0.026342499999999998,1,0,0
bpoB,10,0.0461,0.001148,0.024316,1,0,0
mesJ,10,0.02045,0.000574,0.0248225,0,0,0
citE,10,0.0,0.0,0.0217835,3,0,0
pgsA3,10,0.0,0.0,0.024316,1,0,0
Rv2751,10,0.0,0.0,0.024316,0,0,0
mce2F,10,0.0,0.0,0.0258355,0,0,0
Rv3542c,10,0.02045,0.000574,0.0258355,0,0,0
pks6,10,1.9015,0.0172215,0.0233025,5,0,0
Rv0575c,10,0.0,0.0,0.02229,1,0,0
Rv2800,10,0.02645,0.000574,0.021277,2,0,0
cysQ,10,0.0556,0.001148,0.020263,0,0,0
Rv2910c,10,0.05165,0.001148,0.023303,0,0,0
Rv0480c,10,0.0,0.0,0.02229,2,0,0
rpmE,10,0.0,0.0,0.025329,0,0,0
sigM,10,0.09285,0.0040185,0.025329,4,0,0
infA,10,0.04015,0.001148,0.032928,0,0,0
PPE21,10,6.9157,0.053961,0.007092,9,0,0
Rv1120c,10,0.0,0.0,0.0248225,1,0,0
Rv1117,10,0.0,0.0,0.0227965,0,0,0
MTS2823,10,0.069,0.001722,0.0238095,0,0,0
PE_PGRS14,10,1.8757,0.024683999999999998,0.029382,5,0,0
Rv0421c,10,0.0,0.0,0.023303,1,0,0
Rv0546c,10,0.0,0.0,0.023303,2,0,0
Rv0356c,10,0.044300000000000006,0.001148,0.0238095,0,0,0
pks15,10,0.7768999999999999,0.012629,0.021277,5,0,0
moeB1,10,0.0461,0.001148,0.0238095,0,0,0
Rv0767c,10,0.0,0.0,0.025329,0,0,0
Rv1231c,10,0.0,0.0,0.024316,3,0,0
Rv1303,10,0.04715,0.001148,0.0227965,0,0,0
ethR,10,0.04015,0.001148,0.0248225,1,0,0
mbtI,10,0.0,0.0,0.02229,1,0,0
Rv1331,10,0.08345,0.002296,0.026848999999999998,1,0,0
Rv3673c,10,0.0,0.0,0.023303,1,0,0
nirD,10,0.0,0.0,0.0227965,0,0,0
Rv3916c,10,0.04515,0.001148,0.0238095,0,0,0
Rv0045c,10,0.0529,0.001148,0.021277,2,0,0
Rv2114,10,0.0461,0.001148,0.024316,1,0,0
Rv3209,10,0.0,0.0,0.0217835,1,0,0
rnhB,10,0.0252,0.000574,0.0238095,1,0,0
Rv3900c,10,4.66065,0.04822,0.011145,9,0,0
clpC2,10,0.0442,0.001148,0.0238095,0,0,0
lipT,9,0.0461,0.001148,0.02229,0,0,0
PE_PGRS26,9,2.2759,0.223881,0.049645,8,0,0
Rv2506,9,0.0,0.0,0.024316,2,0,0
Rv2771c,9,0.0,0.0,0.02229,1,0,0
Rv1118c,9,0.0,0.0,0.025329,0,0,0
Rv2975a,9,0.0343,0.001148,0.027356,0,0,0
Rv2409c,9,0.0,0.0,0.023303,0,0,0
Rv2326c,9,0.0,0.0,0.026342,1,0,0
PE_PGRS58,9,0.1887,0.006889,0.035461,4,0,0
Rv0987,9,2.4494,0.125144,0.055724,8,0,0
Rv0530A,9,0.0461,0.001148,0.02229,0,0,0
hisI,9,0.0851,0.002296,0.024316,2,0,0
PE_PGRS38,9,1.3924,0.056257,0.098278,5,0,0
PE_PGRS25,9,3.1191,0.051665,0.032421,7,0,0
lipG,9,0.0,0.0,0.025329,0,0,0
Rv0359,9,0.0,0.0,0.023303,1,0,0
Rv1138c,9,0.0,0.0,0.024316,0,0,0
pks1,9,0.0,0.0,0.021277,4,0,0
Rv2620c,9,0.0,0.0,0.021277,0,0,0
Rv0258c,9,0.0461,0.001148,0.024316,0,0,0
echA10,9,0.0556,0.001148,0.024316,1,0,0
eccE2,9,0.0,0.0,0.021277,2,0,0
mycP3,9,0.0,0.0,0.024316,1,0,0
fabH,9,0.0504,0.001148,0.02229,0,0,0
Rv0653c,9,0.0,0.0,0.023303,0,0,0
mycP5,9,0.3587,0.016073,0.033435,3,0,0
Rv3678A,9,0.0788,0.002296,0.024316,0,0,0
TB15.3,9,0.0442,0.001148,0.025329,0,0,0
Rv3843c,9,0.1237,0.005741,0.033435,2,0,0
Rv3137,9,0.0482,0.001148,0.023303,1,0,0
trxB1,9,0.0504,0.001148,0.02229,0,0,0
Rv0784,9,0.0,0.0,0.023303,0,0,0
tagA,9,0.0442,0.001148,0.024316,0,0,0
sugI,9,0.0504,0.001148,0.023303,1,0,0
modB,9,0.0,0.0,0.024316,0,0,0
cstA,9,0.1893,0.020666,0.02229,4,0,0
Rv2743c,9,0.0,0.0,0.024316,0,0,0
Rv1592c,9,0.0529,0.001148,0.021277,3,0,0
Rv2488c,9,3.2745,0.035591,0.013171,5,0,0
devB,9,0.0,0.0,0.021277,1,0,0
Rv0142,9,0.0,0.0,0.02229,1,0,0
Rv0145,9,0.1173,0.002296,0.01925,0,0,0
bioD,9,0.0,0.0,0.024316,1,0,0
Rv0537c,9,0.0504,0.001148,0.02229,2,0,0
thrB,9,0.0,0.0,0.02229,1,0,0
Rv3463,9,0.0461,0.001148,0.023303,0,0,0
atpF,9,0.0,0.0,0.023303,0,0,0
Rv2148c,9,0.0529,0.001148,0.02229,0,0,0
tmk,9,0.0965,0.002296,0.023303,0,0,0
Rv0216,9,0.0,0.0,0.020263,0,0,0
Rv0909,9,0.0529,0.001148,0.021277,1,0,0
PE_PGRS17,8,3.1134000000000004,0.030425,0.045086,6,0,0
Rv0760c,8,0.0241,0.000574,0.021277,0,0,0
ldtA,8,0.05165,0.001148,0.0217835,0,0,0
irtB,8,0.0504,0.001148,0.0217835,0,0,0
Rv0948c,8,0.0417,0.001148,0.027356,1,0,0
PE_PGRS5,8,15.229199999999999,0.048794500000000005,0.007598499999999999,7,0,0
PE_PGRS30,8,3.0012499999999998,0.0396095,0.032928,5,0,0
Rv1021,8,0.04335,0.001148,0.02229,0,0,0
Rv2876,8,0.0529,0.001148,0.021277,0,0,0
hpx,8,0.02125,0.000574,0.0217835,0,0,0
Rv0373c,8,0.3837,0.011481,0.025835999999999998,3,0,0
Rv3694c,8,0.0197,0.000574,0.026342499999999998,1,0,0
PE_PGRS52,8,2.3793499999999996,0.055682999999999996,0.0410335,6,0,0
Rv1125,8,0.0529,0.001148,0.023303,3,0,0
Rv2968c,8,0.0,0.0,0.0258355,0,0,0
Rv2969c,8,0.0499,0.001148,0.02229,0,0,0
lprK,8,0.046200000000000005,0.001148,0.0227965,0,0,0
gcvH,8,0.0,0.0,0.0248225,2,0,0
Rv3541c,8,0.04045,0.001148,0.0238095,0,0,0
Rv2721c,8,0.0,0.0,0.02229,1,0,0
Rv2994,8,0.11235,0.0040184999999999995,0.0217835,3,0,0
mmpL4,8,0.0,0.0,0.0258355,2,0,0
mmpL8,8,3.8537999999999997,0.055682999999999996,0.015704,6,0,0
Rv0712,8,0.019,0.000574,0.0227965,0,0,0
PPE37,8,1.18865,0.0241105,0.0790275,4,0,0
PPE45,8,0.10865,0.0034444999999999996,0.023303,3,0,0
Rv3035,8,0.0443,0.001148,0.0238095,0,0,0
PPE46,8,1.47295,0.128588,0.0886525,7,0,0
Rv2618,8,0.0556,0.001148,0.020263,0,0,0
Rv2037c,8,1.9836,0.042480000000000004,0.020263,4,0,0
Rv1264,8,0.0,0.0,0.023303,1,0,0
Rv0043c,8,0.0495,0.001148,0.023303,1,0,0
Rv1301,8,0.0,0.0,0.023303,1,0,0
modC,8,0.0556,0.001148,0.020263,0,0,0
Rv3479,8,7.13205,0.040758,0.024315999999999997,6,0,0
esxK,8,3.7398,0.11136599999999999,0.028369,6,0,0
secG,8,0.0,0.0,0.0238095,0,0,0
proV,8,0.02305,0.000574,0.02229,0,0,0
Rv0068,8,0.0,0.0,0.0248225,1,0,0
espE,8,3.4228,0.038461499999999996,0.02077,5,0,0
espK,8,3.03595,0.057405,0.028369,7,0,0
emrB,8,0.02305,0.000574,0.02229,1,0,0
egtE,8,0.0,0.0,0.021277,0,0,0
eccE1,8,6.2816,0.030425,0.0298885,5,0,0
mbtN,8,0.0586,0.001148,0.0197565,1,0,0
Rv0128,8,0.04335,0.001148,0.0248225,0,0,0
dapA,8,0.0505,0.001148,0.02229,0,0,0
tgs2,8,0.0,0.0,0.021277,2,0,0
mtc28,8,0.0493,0.001148,0.0238095,2,0,0
Rv1866,8,0.0,0.0,0.0238095,1,0,0
Rv0226c,8,0.04095,0.001148,0.0258355,1,0,0
Rv0504c,8,0.0241,0.000574,0.023303,0,0,0
recB,8,0.9343,0.011481,0.021277,4,0,0
cysH,8,0.0,0.0,0.021277,0,0,0
Rv3438,8,0.0,0.0,0.023303,0,0,0
tatA,8,0.0,0.0,0.0238095,0,0,0
cobB,8,0.0,0.0,0.025329,1,0,0
cobL,8,0.0495,0.001148,0.0238095,1,0,0
acpM,8,0.04855,0.001148,0.027861999999999998,0,0,0
proZ,8,0.0,0.0,0.023303,1,0,0
Rv1903,8,0.0529,0.001148,0.0217835,0,0,0
Rv0163,8,0.0,0.0,0.0227965,0,0,0
cdd,8,0.0241,0.000574,0.02229,0,0,0
Rv1730c,8,1.8874499999999999,0.068886,0.087133,5,0,0
atsB,8,4.5629,0.054535,0.013171,6,0,0
PE1,8,6.17195,0.040758,0.045086,5,0,0
lipQ,8,0.0556,0.001148,0.020263,2,0,0
PE_PGRS15,8,2.46825,0.1354765,0.0385005,7,0,0
lppD,8,0.0529,0.001148,0.021277,2,0,0
kdpA,8,0.0493,0.001148,0.023303,0,0,0
Rv0759c,7,0.0,0.0,0.026342,0,0,0
Rv2079,7,0.1525,0.005741,0.036474,3,0,0
otsB2,7,0.0,0.0,0.02229,0,0,0
Rv0877,7,0.0,0.0,0.02229,0,0,0
ispD,7,0.0442,0.001148,0.023303,0,0,0
rpmD,7,0.0556,0.001148,0.02229,0,0,0
lpqA,7,0.0,0.0,0.021277,1,0,0
atsD,7,1.3811,0.039036,0.047619,4,0,0
Rv2434c,7,0.0,0.0,0.024316,0,0,0
Rv0991c,7,0.0,0.0,0.027356,1,0,0
Rv0988,7,3.696,0.057405,0.016211,4,0,0
PE_PGRS47,7,4.5629,0.099885,0.01925,6,0,0
Rv0201c,7,0.0,0.0,0.023303,0,0,0
Rv0381c,7,0.0529,0.001148,0.02229,1,0,0
Rv1062,7,0.0,0.0,0.024316,0,0,0
cdsA,7,0.0,0.0,0.026342,2,0,0
Rv0146,7,0.0,0.0,0.02229,1,0,0
Rv3822,7,1.4463,0.057405,0.058764,4,0,0
Rv3798,7,3.3569,0.051665,0.015198,7,0,0
rpfE,7,0.0,0.0,0.027356,2,0,0
Rv3434c,7,0.0529,0.001148,0.021277,0,0,0
arsB1,7,0.0,0.0,0.020263,1,0,0
Rv2169c,7,0.071,0.002296,0.02229,1,0,0
mog,7,0.0504,0.001148,0.02229,0,0,0
cobK,7,0.0,0.0,0.023303,1,0,0
PPE39,7,2.0473,0.049369,0.025329,6,0,0
ppsC,7,6.9215,0.183697,0.032421,6,0,0
PPE12,7,3.696,0.039036,0.016211,4,0,0
PPE13,7,1.3364,0.053961,0.038501,5,0,0
Rv1111c,7,0.0556,0.001148,0.02229,1,0,0
vapC25,7,2.5805,0.033295,0.01925,5,0,0
Rv1152,7,0.0,0.0,0.021277,1,0,0
Rv1075c,7,0.0,0.0,0.025329,1,0,0
ackA,7,0.0,0.0,0.025329,0,0,0
Rv2898c,7,0.0504,0.001148,0.021277,0,0,0
Rv2209,7,0.0482,0.001148,0.026342,1,0,0
Rv1875,7,0.0,0.0,0.02229,0,0,0
Rv0812,7,0.0,0.0,0.023303,1,0,0
Rv3655c,7,0.0,0.0,0.024316,2,0,0
Rv0250c,7,0.0,0.0,0.023303,0,0,0
Rv0205,7,0.0,0.0,0.021277,1,0,0
Rv2129c,7,0.0,0.0,0.021277,2,0,0
Rv2059,7,2.1555,0.022962,0.040527,4,0,0
Rv2015c,7,2.3616,0.071183,0.029382,4,0,0
Rv2683,7,0.0,0.0,0.01925,2,0,0
Rv0911,7,0.0,0.0,0.023303,0,0,0
rpmI,7,0.0394,0.001148,0.023303,0,0,0
mshB,7,0.0556,0.001148,0.020263,2,0,0
Rv1928c,7,0.0529,0.001148,0.025329,0,0,0
Rv0890c,7,0.1872,0.020666,0.08308,2,0,0
eccC4,7,0.3646,0.016073,0.043566,3,0,0
sigC,7,0.0,0.0,0.023303,0,0,0
fabD2,7,0.0,0.0,0.025329,0,0,0
Rv1979c,7,18.7087,0.057405,0.012158,6,0,0
Rv3424c,7,0.4169,0.016073,0.036474,2,0,0
narJ,7,0.0,0.0,0.02229,0,0,0
fadD30,7,0.2494,0.020666,0.078014,3,0,0
Rv0036c,7,0.0,0.0,0.024316,2,0,0
Rv3896c,7,0.0,0.0,0.024316,2,0,0
Rv0443,7,0.0504,0.001148,0.02229,0,0,0
Rv3085,7,0.0,0.0,0.024316,0,0,0
Rv3850,7,0.0556,0.001148,0.021277,1,0,0
Rv0406c,7,0.0482,0.001148,0.023303,0,0,0
ctpG,7,0.2093,0.01837,0.047619,2,0,0
qor,7,0.0409,0.001148,0.020263,1,0,0
fdhF,7,0.0,0.0,0.020263,2,0,0
Rv2622,7,0.0,0.0,0.023303,1,0,0
Rv3689,7,0.0482,0.001148,0.021277,1,0,0
moaA1,7,1.8907,0.266361,0.161094,4,0,0
Rv0193c,7,2.5208,0.057405,0.033435,5,0,0
Rv1877,7,7.9854,0.052813,0.015198,4,0,0
Rv2206,7,0.0,0.0,0.02229,0,0,0
Rv3688c,7,0.0,0.0,0.023303,0,0,0
Rv2294,7,0.0,0.0,0.02229,0,0,0
embR,7,1.6285,0.057405,0.032421,6,1,0
Rv0331,7,0.4225,0.012629,0.025329,3,0,0
Rv0540,7,0.0923,0.002296,0.023303,0,0,0
Rv3736,6,6.9976,0.1033295,0.0263425,6,0,0
helZ,6,4.23465,0.041332,0.028369000000000002,5,0,0
Rv2424c,6,0.42364999999999997,0.0419055,0.140324,2,0,0
Rv1006,6,0.07830000000000001,0.001722,0.0212765,2,0,0
hsp,6,0.0,0.0,0.02229,0,0,0
Rv0990c,6,0.0529,0.001148,0.02229,2,0,0
whiB6,6,5.72555,0.12055099999999999,0.01925,5,0,0
PE_PGRS31,6,2.0695,0.018943500000000002,0.014691,3,0,0
PE_PGRS44,6,1.9473,0.0614235,0.061297000000000004,4,0,0
PE_PGRS48,6,3.8369,0.0901265,0.014691,6,0,0
PE_PGRS42,6,21.45415,0.030425,0.026849,3,0,0
Rv1684,6,0.0886,0.002296,0.025329,0,0,0
PE_PGRS41,6,500.9752,0.025258,0.0065855,4,0,0
bkdB,6,0.0529,0.001148,0.0197565,1,0,0
lpqJ,6,0.0,0.0,0.02229,1,0,0
Rv0194,6,8.60775,0.053961,0.0227965,5,0,0
Rv0763c,6,0.0,0.0,0.024316,0,0,0
PE_PGRS33,6,1.1752,0.028129,0.0324215,3,0,0
folP1,6,0.04515,0.001148,0.0227965,1,0,0
Rv3776,6,0.52935,0.052813,0.1205675,2,0,0
Rv3767c,6,0.0425,0.001148,0.025329,0,0,0
chaA,6,0.0,0.0,0.023303,0,0,0
fadD34,6,2.3528000000000002,0.1039035,0.046606,5,0,0
Rv1226c,6,4.7568,0.056831,0.013171,6,0,0
PPE66,6,0.11080000000000001,0.0040184999999999995,0.033941,2,0,0
fadE18,6,1.03515,0.0287025,0.0400205,3,0,0
Rv1217c,6,0.04825,0.001148,0.024316,2,0,0
mctB,6,0.0,0.0,0.02229,0,0,0
cyp123,6,0.0,0.0,0.037994,1,0,0
Rv1215c,6,1.45215,0.0143515,0.0157045,3,0,0
Rv1987,6,0.0,0.0,0.0248225,1,0,0
usfY,6,0.0461,0.001148,0.02229,0,0,0
Rv0393,6,0.1892,0.006314500000000001,0.031915,0,0,0
ctpF,6,4.12945,0.057405,0.014691,5,0,0
Rv2828A,6,0.10615,0.002296,0.0238095,0,0,0
Rv3860,6,0.13974999999999999,0.011481,0.023303,2,0,0
umaA,6,3.3162000000000003,0.0482205,0.0187435,4,0,0
Rv3706c,6,0.0,0.0,0.0258355,0,0,0
Rv1155a,6,0.0,0.0,0.0238095,0,0,0
Rv1156,6,0.0,0.0,0.0258355,0,0,0
PPE22,6,9.0138,0.052813,0.011145,5,0,0
PE_PGRS56,6,4.09405,0.128588,0.022796,5,0,0
gshA,6,0.0556,0.001148,0.021783,1,0,0
Rv2896c,6,0.0,0.0,0.02229,2,0,0
acyP,6,0.0241,0.000574,0.023303,0,0,0
Rv2842c,6,0.0495,0.001148,0.0227965,0,0,0
ctpA,6,0.45089999999999997,0.033869,0.0425535,2,0,0
vapC31,6,0.17149999999999999,0.011481,0.033435,2,0,0
Rv2000,6,1.9048500000000002,0.14236500000000002,0.0724415,4,0,0
Rv3446c,6,501.78145,0.026980499999999998,0.002533,5,0,0
mmpL12,6,2.0080999999999998,0.031573,0.040527,4,0,0
Rv3549c,6,0.05425,0.001148,0.021277,1,0,0
Rv0185,6,0.0493,0.001148,0.02229,0,0,0
rubB,6,0.0387,0.001148,0.029382,1,0,0
Rv0057,6,0.0442,0.001148,0.024316,0,0,0
espA,6,128.82330000000002,0.15212399999999998,0.0030395,6,0,0
Rv2313c,6,0.0,0.0,0.023303,0,0,0
Rv3629c,6,0.02305,0.000574,0.0227965,1,0,0
Rv3656c,6,0.0495,0.001148,0.0227965,1,0,0
Rv0556,6,0.0,0.0,0.0248225,1,0,0
Rv1324,6,0.0955,0.002296,0.024316,1,0,0
Rv3198A,6,0.0442,0.001148,0.025329,1,0,0
esxT,6,0.0,0.0,0.024316,0,0,0
rslA,6,0.02305,0.000574,0.02077,1,0,0
mce3F,6,3.34395,0.0390355,0.0764945,4,0,0
suhB,6,0.0,0.0,0.023303,0,0,0
Rv2203,6,0.0493,0.001148,0.0227965,0,0,0
Rv2180c,6,0.0514,0.001148,0.025329,0,0,0
TB9.4,6,0.04335,0.001148,0.024316,0,0,0
Rv3231c,6,0.044300000000000006,0.001148,0.024316,1,0,0
Rv1433,6,0.05055,0.001148,0.0217835,0,0,0
Rv0857,6,0.0,0.0,0.023303,0,0,0
ppsE,6,2.875,0.09127450000000001,0.0481255,4,0,0
Rv0260c,6,0.02045,0.000574,0.025329499999999998,2,0,0
Rv0257,6,0.019,0.000574,0.026342,1,0,0
TB22.2,6,0.0,0.0,0.023303,0,0,0
menE,6,0.0,0.0,0.024316,0,0,0
Rv2054,6,0.02125,0.000574,0.021277,0,0,0
Rv0104,6,0.86135,0.0373135,0.109929,3,0,0
eccD1,6,2.5723000000000003,0.0361655,0.032928,3,0,0
Rv1417,6,0.17505,0.0080365,0.0288755,0,0,0
dapF,6,0.0394,0.001148,0.026848999999999998,0,0,0
amiB2,6,0.0252,0.000574,0.02077,2,0,0
deoC,6,0.0504,0.001148,0.0217835,0,0,0
lipN,6,0.0,0.0,0.021277,1,0,0
lppF,6,0.134,0.005741,0.0309015,1,0,0
Rv0870c,5,0.0461,0.001148,0.024316,0,0,0
purT,5,0.0586,0.001148,0.01925,2,0,0
Rv2227,5,3.4615,0.053961,0.016211,3,0,0
Rv2235,5,0.0,0.0,0.024316,1,0,0
PE_PGRS32,5,3.684,0.051665,0.024316,3,0,0
PE_PGRS2,5,6.9215,0.022962,0.029382,4,0,0
Rv0313,5,0.0,0.0,0.021277,0,0,0
Rv2024c,5,5.2306,0.083812,0.141844,4,0,0
Rv0083,5,3.3677,0.050517,0.02229,3,0,0
lpqR,5,0.0482,0.001148,0.024316,0,0,0
hisH,5,0.0,0.0,0.024316,2,0,0
PPE10,5,2.2961,0.022962,0.010132,4,0,0
Rv1685c,5,0.0,0.0,0.021277,0,0,0
PE_PGRS46,5,4.3698,0.053961,0.016211,4,0,0
dnaN,5,0.0,0.0,0.024316,1,0,0
espI,5,0.2414,0.013777,0.054711,2,0,0
Rv2958c,5,2.5208,0.053961,0.02229,3,0,0
Rv2414c,5,2.0259,0.020666,0.016211,3,0,0
Rv1831,5,0.0851,0.002296,0.025329,0,0,0
Rv3695,5,0.0851,0.002296,0.027356,0,0,0
Rv0493c,5,1.4463,0.057405,0.026342,3,0,0
Rv0479c,5,0.0,0.0,0.020263,1,0,0
Rv0856,5,0.0461,0.001148,0.021277,1,0,0
Rv1444c,5,0.0,0.0,0.020263,0,0,0
Rv1895,5,0.1914,0.020666,0.02229,2,0,0
Rv0851c,5,0.0556,0.001148,0.021277,2,0,0
Rv0377,5,2.9326,0.058553,0.040527,4,0,0
Rv3728,5,6.5629,0.053961,0.016211,3,0,0
Rv3737,5,2.0378,0.067738,0.04154,4,0,0
eccD4,5,0.1525,0.005741,0.036474,1,0,0
dinP,5,0.0529,0.001148,0.025329,0,0,0
Rv0367c,5,0.0,0.0,0.020263,0,0,0
Rv1061,5,4.5629,0.022962,0.013171,3,0,0
PE_PGRS49,5,0.7834,0.049369,0.020263,2,0,0
Rv1847,5,0.0,0.0,0.023303,2,0,0
Rv1836c,5,0.0556,0.001148,0.02229,1,0,0
Rv1378c,5,0.0442,0.001148,0.024316,1,0,0
lprD,5,0.0586,0.001148,0.020263,2,0,0
PPE2,5,4.5629,0.051665,0.013171,3,0,0
PE_PGRS59,5,6.1917,0.050517,0.020263,4,0,0
PE_PGRS61,5,15.375,0.045924,0.00304,4,0,0
Rv2407,5,0.0556,0.001148,0.021277,2,0,0
Rv2041c,5,11.2024,0.053961,0.005066,4,0,0
Rv3467,5,0.198,0.039036,0.085106,2,0,0
metH,5,2.4944,0.051665,0.04154,3,0,0
Rv0245,5,0.0504,0.001148,0.024316,0,0,0
gluT,5,0.0461,0.001148,0.029382,0,0,0
grcC2,5,2.5208,0.125144,0.02229,3,0,0
gpgP,5,0.0,0.0,0.025329,0,0,0
Rv1004c,5,3.1221,0.052813,0.012158,4,0,0
PE_PGRS11,5,4.5629,0.051665,0.013171,3,0,0
oplA,5,13.7024,0.040184,0.004053,4,0,0
Rv0954,5,5.8612,0.051665,0.009119,4,0,0
Rv0276,5,0.0461,0.001148,0.024316,0,0,0
lpqD,5,0.0,0.0,0.023303,0,0,0
PE_PGRS16,5,33.9596,0.049369,0.002026,4,0,0
PE26,5,0.3837,0.020666,0.079027,1,0,0
rpmJ,5,0.0313,0.001148,0.035461,0,0,0
ispF,5,0.0586,0.001148,0.020263,2,0,0
Rv0691A,5,0.0,0.0,0.027356,0,0,0
PPE69,5,0.1872,0.020666,0.036474,2,0,0
upp,5,0.0,0.0,0.021277,0,0,0
Rv3415c,5,0.5676,0.058553,0.020263,2,0,0
Rv1999c,5,0.1181,0.005741,0.02229,2,0,0
Rv1632c,5,0.0,0.0,0.024316,0,0,0
Rv1635c,5,0.0,0.0,0.023303,0,0,0
Rv1313c,5,3.3191,0.050517,0.015198,4,0,0
Rv1320c,5,5.8612,0.040184,0.033435,3,0,0
ddn,5,0.0394,0.001148,0.027356,0,0,0
narI,5,0.0,0.0,0.024316,0,0,0
Rv2512c,5,4.0618,0.16992,0.039514,4,0,0
Rv2177c,5,3.7806,0.092997,0.028369,5,0,0
Rv0695,5,0.0,0.0,0.020263,0,0,0
Rv1805c,5,0.0367,0.001148,0.02229,2,0,0
Rv0333,5,0.0886,0.002296,0.021277,1,0,0
Rv1341,5,0.0,0.0,0.02229,0,0,0
PPE35,5,2.5473,0.053961,0.032421,4,0,0
moaE2,5,0.0529,0.001148,0.023303,2,0,0
Rv0650,5,0.0,0.0,0.02229,0,0,0
Rv0188,5,0.0529,0.001148,0.021277,1,0,0
Rv0538,5,0.0793,0.005741,0.06079,2,0,0
PPE33,5,3.4644,0.057405,0.079027,3,0,0
mmpL6,5,6.6147,0.183697,0.021277,3,0,0
Rv1405c,5,0.0461,0.001148,0.023303,1,0,0
Rv3046c,5,0.0,0.0,0.021277,0,0,0
Rv1893,5,0.0,0.0,0.023303,0,0,0
murB,5,0.0,0.0,0.02229,1,0,0
Rv2100,5,0.1181,0.005741,0.047619,1,0,0
Rv1576c,5,0.2777,0.022962,0.058764,2,0,0
Rv1587c,5,43.7434,0.04248,0.001013,3,0,0
Rv2980,5,999.0,0.022962,0.0,5,0,0
Rv1332,5,0.0,0.0,0.02229,1,0,0
Rv1873,5,0.0556,0.001148,0.023303,0,0,0
moeY,5,3.696,0.057405,0.016211,3,0,0
truA,5,0.0,0.0,0.02229,0,0,0
Rv3906c,5,0.0529,0.001148,0.021277,2,0,0
Rv0610c,5,2.5473,0.056257,0.036474,3,0,0
Rv0613c,5,2.0582,0.051665,0.079027,3,0,0
fadE17,5,2.054,0.057405,0.047619,3,0,0
Rv2508c,5,19.8185,0.051665,0.004053,4,0,0
Rv3382c,5,5.8612,0.040184,0.010132,4,0,0
Rv1158c,5,0.0529,0.001148,0.021277,2,0,0
Rv2962c,4,14.962250000000001,0.18484499999999998,0.021277,4,0,0
Rv2319c,4,5.2478,0.052813,0.009625,3,0,0
lprG,4,0.02645,0.000574,0.0238095,0,0,0
espG2,4,0.3859,0.012055,0.0374875,1,0,0
Rv1868,4,0.41495,0.0183695,0.027356,1,0,0
ppsD,4,12.48405,0.053961,0.0045595,4,0,0
Rv1870c,4,2.2872999999999997,0.023536,0.0197565,2,0,0
Rv3899c,4,3.3144,0.040758,0.017224,3,0,0
Rv2136c,4,9.4148,0.029851000000000003,0.0243165,2,0,0
Rv1907c,4,1.8763,0.118829,0.0390075,3,0,0
Rv1702c,4,9.47905,0.030999,0.012158500000000001,2,0,0
dipZ,4,2.8403,0.016648,0.049139,2,0,0
glbO,4,0.0,0.0,0.0227965,0,0,0
ephB,4,3.6074,0.0470725,0.0258355,3,0,0
Rv1373,4,6.5424500000000005,0.184845,0.0314085,3,0,0
Rv1097c,4,0.05775,0.0028705,0.034448,1,0,0
drrA,4,3.0718,0.0390355,0.012158,3,0,0
hsdM,4,0.28545,0.0160735,0.031915,1,0,0
Rv1532c,4,0.33855,0.0447765,0.093212,1,0,0
Rv0854,4,0.0482,0.001148,0.023303,0,0,0
Rv2264c,4,0.5724,0.083812,0.1372845,0,0,0
Rv1453,4,3.696,0.057405,0.024315999999999997,3,0,0
clgR,4,0.0,0.0,0.023303,1,0,0
Rv1524,4,0.2207,0.007463000000000001,0.0471125,1,0,0
Rv1707,4,2.88275,0.0482205,0.0177305,4,0,0
pks4,4,0.9891,0.1337545,0.091692,2,0,0
Rv1728c,4,0.02045,0.000574,0.024316,0,0,0
Rv1726,4,10.7076,0.052239,0.0116515,3,0,0
Rv0181c,4,0.0278,0.000574,0.023303,1,0,0
Rv1520,4,2.1772,0.0786455,0.041033,3,0,0
Rv0178,4,0.0493,0.001148,0.02229,0,0,0
Rv0180c,4,0.8601,0.0287025,0.02229,2,0,0
Rv0075,4,1.30645,0.0137775,0.047619,2,0,0
bkdC,4,2.9764,0.07577500000000001,0.09067900000000001,3,0,0
PE_PGRS29,4,4.1103000000000005,0.35419049999999996,0.203647,3,0,0
Rv1510,4,1.6818499999999998,0.0143515,0.0177305,2,0,0
hisT,4,0.0504,0.001148,0.02229,0,0,0
Rv2859c,4,0.08275,0.001722,0.0202635,0,0,0
Rv2877c,4,1.8758000000000001,0.0292765,0.018237,2,0,0
Rv2446c,4,1.689,0.0292765,0.021783,2,0,0
ribD,4,0.06665,0.001722,0.0227965,1,0,0
Rv0762c,4,0.04025,0.001148,0.0298885,0,0,0
panC,4,0.04615,0.001148,0.021277,0,0,0
F6,4,0.049049999999999996,0.001148,0.024316,1,0,0
Rv3729,4,0.85635,0.137773,0.09067850000000001,2,0,0
Rv2893,4,7.75685,0.052813,0.0091185,3,0,0
Rv0370c,4,1.2836500000000002,0.0384615,0.0385005,2,0,0
Rv0386,4,10.171149999999999,0.1033295,0.028369000000000002,3,0,0
mpg,4,0.0,0.0,0.02229,0,0,0
Rv3662c,4,0.04535,0.001148,0.0238095,0,0,0
papA3,4,3.53015,0.0918485,0.033941,4,0,0
pks9,4,23.83595,0.0711825,0.011145,3,0,0
ppsB,4,1.848,0.0287025,0.0359675,2,0,0
Rv3196,4,0.0556,0.001148,0.020263,1,0,0
Rv1575,4,0.0,0.0,0.062310000000000004,0,0,0
Rv2804c,4,0.36445,0.0183695,0.054711499999999996,1,0,0
Rv3405c,4,0.0965,0.002296,0.023303,0,0,0
Rv3403c,4,14.042,0.10390350000000001,0.02077,3,0,0
Rv2728c,4,0.26395,0.0086105,0.020263,1,0,0
Rv0810c,4,0.0495,0.001148,0.0227965,0,0,0
Rv3690,4,0.0,0.0,0.023303,0,0,0
Rv1288,4,0.11885000000000001,0.006314999999999999,0.047619,1,0,0
Rv1358,4,3.33465,0.18197449999999998,0.077001,3,0,0
Rv0336,4,2.6168,0.064294,0.0445795,2,0,0
Rv3115,4,0.08145,0.012055,0.084093,1,0,0
PPE4,4,0.2064,0.0132035,0.0278625,1,0,0
PPE44,4,6.94435,0.055682999999999996,0.009625,4,0,0
frdA,4,6.7048,0.12055099999999999,0.0151975,3,0,0
PPE61,4,1.1782,0.0264065,0.02229,2,0,0
PPE27,4,1.89395,0.023536,0.0177305,2,0,0
PPE3,4,4.99505,0.26061999999999996,0.1388045,4,0,0
Rv3773c,4,0.3638,0.0143515,0.0324215,1,0,0
Rv0791c,4,3.32085,0.0401835,0.01925,3,0,0
fabG1,4,0.01835,0.000574,0.023303,0,0,0
esxI,4,0.3885,0.0252585,0.06231,1,0,0
esxV,4,4.42625,0.869116,0.6013175,4,0,0
mmpL9,4,1.0533,0.0373135,0.0729485,2,0,0
Rv3770c,4,0.74355,0.0924225,0.057244,2,0,0
PPE6,4,6.10455,0.171068,0.095238,3,0,0
nrdZ,4,0.8824,0.032721,0.026848999999999998,2,0,0
mbtF,4,0.344,0.0183695,0.0724415,1,0,0
ctpB,4,23.0596,0.182549,0.0096255,4,0,0
Rv0811c,4,0.0,0.0,0.0238095,0,0,0
Rv0061c,4,2.47735,0.12055099999999999,0.049645,3,0,0
Rv2144c,4,0.0,0.0,0.024316,0,0,0
Rv0658c,4,14.0832,0.18484499999999998,0.0116515,4,0,0
Rv3377c,4,0.0278,0.000574,0.0212765,1,0,0
cut1,4,1.6168,0.0390355,0.0531915,2,0,0
Rv1518,4,0.1287,0.006314999999999999,0.045593,0,0,0
sapM,4,1.5107499999999998,0.0361655,0.0212765,2,0,0
rskA,4,0.45410000000000006,0.033869,0.0349545,1,0,0
Rv1314c,4,0.04825,0.001148,0.023303,0,0,0
Rv2345,4,0.0252,0.000574,0.025329499999999998,0,0,0
fadH,4,8.183,0.052813,0.014184500000000001,3,0,0
lspA,4,0.045649999999999996,0.001148,0.0217835,0,0,0
Rv1184c,4,24.523600000000002,0.18312299999999998,0.005572499999999999,4,0,0
fadD26,4,1.5669499999999998,0.0390355,0.021783,2,0,0
Rv1250,4,0.0471,0.0028705,0.0227965,1,0,0
PPE64,4,3.8866,0.18197449999999998,0.0481255,3,0,0
Rv0011c,4,0.04025,0.001148,0.025329,0,0,0
fdxB,4,0.3287,0.0183695,0.0678825,1,0,0
Rv3033,4,0.0556,0.001148,0.021783,0,0,0
Rv0039c,4,0.0,0.0,0.023303,1,0,0
mce3C,4,2.1205,0.096441,0.0471125,3,0,0
Rv2468A,4,0.0,0.0,0.0238095,0,0,0
Rv2566,4,6.224,0.6228475,0.49392099999999994,4,0,0
pknJ,4,1.55505,0.10505199999999999,0.119048,2,0,0
Rv3026c,4,0.0221,0.000574,0.0258355,0,0,0
Rv2036,4,2.1414999999999997,0.0292765,0.018237,2,0,0
Rv3827c,4,9.57985,0.0464985,0.052685,3,0,0
Rv3166c,4,0.06185,0.0028705,0.023303,1,0,0
Rv3099c,4,1.6703000000000001,0.012055,0.014691000000000001,2,0,0
cyp135A1,4,8.70155,0.055682999999999996,0.0151975,3,0,0
cyp137,4,23.0625,0.026980499999999998,0.0081055,3,0,0
cyp144,4,0.2183,0.014925500000000001,0.057244,0,0,0
cysK2,4,0.0936,0.010333,0.097771,1,0,0
pknK,4,0.14300000000000002,0.005166499999999999,0.024316,0,0,0
PE_PGRS51,4,3.2207000000000003,0.029851000000000003,0.024822999999999998,2,0,0
Rv2820c,4,1.3356999999999999,0.06601649999999999,0.042047,2,0,0
Rv0880,4,0.0493,0.001148,0.0227965,0,0,0
iniA,4,1.19025,0.0309985,0.043566,2,0,0
Rv1760,4,0.8149,0.16704950000000002,0.0531915,2,0,0
Rv1751,4,9.4681,0.053387000000000004,0.006079,4,0,0
xseB,4,0.05165,0.001148,0.02077,1,0,0
leuV,3,0.1142,0.003444,0.029382,0,0,0
PE3,3,0.1893,0.020666,0.100304,1,0,0
PE27,3,2.0984,0.043628,0.021277,2,0,0
PE19,3,0.0461,0.001148,0.024316,0,0,0
PE_PGRS34,3,3.8425,0.022962,0.006079,2,0,0
smpB,3,0.0,0.0,0.02229,0,0,0
PE_PGRS1,3,4.3698,0.055109,0.020263,2,0,0
vapC6,3,1.964,0.039036,0.055724,2,0,0
iniB,3,0.1525,0.005741,0.036474,0,0,0
rpmH,3,0.0,0.0,0.025329,0,0,0
Rv1739c,3,2.0747,0.266361,0.16616,3,0,0
Rv0941c,3,0.0,0.0,0.024316,1,0,0
Rv2823c,3,0.3586,0.036739,0.168186,1,0,0
Rv0455c,3,0.0,0.0,0.02229,0,0,0
lppH,3,0.0,0.0,0.08308,0,0,0
Rv2075c,3,1.4935,0.339839,0.256332,3,0,0
Rv2655c,3,2.4494,0.126292,0.026342,3,0,0
Rv2652c,3,9.9574,0.057405,0.016211,2,0,0
Rv3090,3,1.6349,0.053961,0.042553,2,0,0
Rv3087,3,4.4662,0.183697,0.013171,3,0,0
nlhH,3,4.5629,0.051665,0.013171,2,0,0
Rv3898c,3,0.1237,0.005741,0.04458,1,0,0
Rv3897c,3,4.5629,0.057405,0.047619,2,0,0
Rv3848,3,17.451,0.053961,0.00304,3,0,0
Rv0037c,3,0.0,0.0,0.02229,0,0,0
Rv0030,3,3.381,0.340987,0.12766,3,0,0
Rv2597,3,3.696,0.057405,0.016211,3,0,0
pflA,3,0.16,0.006889,0.026342,1,0,0
Rv0038,3,0.0529,0.001148,0.023303,0,0,0
Rv1225c,3,0.0,0.0,0.026342,1,0,0
Rv1279,3,0.3554,0.008037,0.032421,0,0,0
Rv3074,3,0.0586,0.001148,0.02229,0,0,0
cyp128,3,18.7087,0.053961,0.00304,3,0,0
cysA2,3,0.1328,0.006889,0.049645,1,0,0
Rv1610,3,0.0,0.0,0.023303,1,0,0
rbsK,3,8.086,0.183697,0.011145,3,0,0
Rv2573,3,0.0461,0.001148,0.021277,0,0,0
Rv2570,3,4.5629,0.057405,0.013171,2,0,0
Rv3083,3,3.3436,0.057405,0.013171,3,0,0
Rv3077,3,8.5509,0.969001,0.777102,3,0,0
ugpA,3,15.6399,0.030999,0.014184,2,0,0
Rv1179c,3,0.3504,0.005741,0.04458,1,0,0
fadB5,3,1.4241,0.053961,0.101317,2,0,0
lysT,3,0.0461,0.001148,0.024316,0,0,0
Rv0029,3,0.4723,0.016073,0.033435,1,0,0
Rv0026,3,63.5726,0.053961,0.007092,3,0,0
Rv0024,3,1.7202,0.067738,0.040527,2,0,0
Rv0021c,3,0.2656,0.020666,0.021277,1,0,0
tyrT,3,0.0425,0.001148,0.026342,0,0,0
fadD28,3,0.5399,0.083812,0.144883,1,0,0
PPE63,3,13.3883,0.053961,0.004053,3,0,0
Rv0428c,3,1.4463,0.057405,0.101317,2,0,0
Rv0674,3,0.3837,0.011481,0.025329,1,0,0
cydC,3,0.0529,0.001148,0.021277,0,0,0
cycA,3,9.2676,0.053961,0.02229,2,0,0
cyp140,3,0.0,0.0,0.021277,0,0,0
tatB,3,0.0,0.0,0.025329,1,0,0
Rv3399,3,18.7087,0.053961,0.00304,3,0,0
Rv3378c,3,7.6271,0.051665,0.012158,2,0,0
Rv3371,3,3.2785,0.057405,0.018237,2,0,0
Rv2651c,3,0.0556,0.001148,0.020263,1,0,0
Rv2646,3,0.2656,0.005741,0.045593,1,0,0
Rv2627c,3,9.322,0.053961,0.047619,2,0,0
Rv2532c,3,0.0,0.0,0.02229,0,0,0
Rv2520c,3,0.0,0.0,0.02229,0,0,0
dctA,3,8.2293,0.221584,0.033435,3,0,0
Rv1515c,3,3.696,0.057405,0.016211,2,0,0
Rv1514c,3,0.0,0.0,0.032421,1,0,0
TB16.3,3,0.0,0.0,0.02229,0,0,0
Rv0776c,3,0.0,0.0,0.02229,0,0,0
Rv0339c,3,0.1893,0.020666,0.047619,1,0,0
narK1,3,4.5629,0.057405,0.015198,2,0,0
folK,3,0.0,0.0,0.020263,0,0,0
fxsA,3,2.0695,0.022962,0.01925,2,0,0
PPE32,3,3.696,0.057405,0.016211,3,0,0
Rv1140,3,0.0,0.0,0.025329,0,0,0
Rv1139c,3,0.0,0.0,0.021277,0,0,0
sdaA,3,0.1705,0.004592,0.02229,1,0,0
Rv0698,3,0.2097,0.020666,0.091185,1,0,0
Rv0697,3,1.934,0.083812,0.140831,2,0,0
Rv1382,3,0.0425,0.001148,0.026342,0,0,0
esxW,3,2.0338,0.021814,0.072948,2,0,0
Rv0740,3,3.6176,0.056257,0.016211,3,0,0
Rv1813c,3,0.4723,0.016073,0.025329,1,0,0
Rv3639c,3,5.8612,0.040184,0.007092,3,0,0
Rv3638,3,4.5629,0.020666,0.013171,2,0,0
Rv3633,3,5.8612,0.126292,0.017224,3,0,0
Rv2952,3,1.9791,0.053961,0.08308,2,0,0
Rv3007c,3,4.2735,0.053961,0.013171,2,0,0
mmpL7,3,18.2841,0.053961,0.00304,3,0,0
Rv2008c,3,0.3504,0.006889,0.016211,1,0,0
Rv2005c,3,0.3837,0.011481,0.047619,0,0,0
Rv2003c,3,4.5629,0.051665,0.013171,2,0,0
Rv3047c,3,1.9639,0.040184,0.047619,2,0,0
Rv2296,3,0.0,0.0,0.021277,0,0,0
Rv1337,3,0.0,0.0,0.021277,1,0,0
Rv0515,3,21.8586,0.12744,0.008105,2,0,0
Rv3658c,3,4.5629,0.050517,0.013171,2,0,0
gca,3,4.5629,0.051665,0.013171,2,0,0
PPE14,3,7.9854,0.022962,0.007092,2,0,0
otsB1,3,4.5629,0.057405,0.013171,2,0,0
Rv2765,3,0.0,0.0,0.02229,1,0,0
Rv2749,3,0.0,0.0,0.025329,0,0,0
Rv2792c,3,10.6998,0.051665,0.005066,3,0,0
Rv2791c,3,0.3554,0.008037,0.04458,1,0,0
Rv2787,3,0.3354,0.006889,0.037487,0,0,0
Rv0071,3,0.0,0.0,0.046606,1,0,0
Rv0059,3,2.5473,0.126292,0.053698,2,0,0
Rv0837c,3,4.2326,0.053961,0.007092,3,0,0
Rv0830,3,0.0,0.0,0.02229,0,0,0
Rv3675,3,0.0504,0.001148,0.02229,0,0,0
Rv0817c,3,0.159,0.003444,0.021277,1,0,0
Rv3922c,3,4.2792,0.037887,0.013171,2,0,0
proW,3,0.0425,0.001148,0.026342,0,0,0
Rv1977,3,4.5629,0.057405,0.029382,2,0,0
Rv2303c,3,18.7087,0.057405,0.011145,3,0,0
Rv0574c,3,0.0,0.0,0.025329,0,0,0
Rv1835c,3,0.5581,0.053961,0.023303,1,0,0
argU,3,0.071,0.002296,0.032421,0,0,0
apt,3,9.4975,0.053961,0.101317,2,0,0
PPE11,3,0.0529,0.001148,0.023303,0,0,0
vapB35,3,0.4723,0.016073,0.033435,1,0,0
Rv1100,3,0.0425,0.001148,0.02229,1,0,0
Rv3236c,3,2.0101,0.126292,0.053698,2,0,0
Rv3226c,3,0.0,0.0,0.021277,0,0,0
echA14,3,0.0,0.0,0.020263,1,0,0
eis,3,0.1642,0.006889,0.029382,0,1,0
Rv1371,3,0.242,0.005741,0.08308,1,0,0
Rv3190c,3,3.696,0.057405,0.016211,3,0,0
Rv3180c,3,18.7087,0.022962,0.00304,2,0,0
Rv3175,3,18.7087,0.039036,0.00304,3,0,0
Rv3174,3,10.7597,0.083812,0.04154,2,0,0
Rv2275,3,3.2546,0.053961,0.017224,2,0,0
espB,3,0.3501,0.016073,0.04458,1,0,0
lprL,3,0.0556,0.001148,0.020263,1,0,0
Rv2959c,3,0.1872,0.020666,0.048632,1,0,0
Rv2337c,3,9.0445,0.266361,0.156028,3,0,0
Rv2336,3,5.8612,0.057405,0.013171,3,0,0
Rv2325c,3,0.0,0.0,0.020263,1,0,0
glnA3,3,3.696,0.057405,0.016211,3,0,0
Rv3243c,3,7.9684,0.293915,0.052685,3,0,0
Rv1871c,3,0.0504,0.001148,0.02229,1,0,0
thiX,3,4.5629,0.053961,0.013171,2,0,0
plcB,3,2.4974,0.053961,0.032421,2,0,0
arsA,3,0.0,0.0,0.024316,1,0,0
mez,3,9.846,0.099885,0.012158,3,0,0
Rv0295c,3,0.0,0.0,0.02229,0,0,0
TB27.3,3,0.1525,0.005741,0.036474,1,0,0
Rv1716,3,5.6193,0.897819,0.609929,3,0,0
adh,3,4.2326,0.057405,0.01925,2,0,0
alaT,3,0.0425,0.001148,0.026342,0,0,0
Rv1823,3,0.0529,0.001148,0.021277,0,0,0
Rv2143,3,7.8277,0.13318,0.036474,2,0,0
Rv3555c,3,4.2326,0.057405,0.014184,3,0,0
Rv0893c,3,1.8354,0.057405,0.100304,2,0,0
Rv0892,3,18.4243,0.053961,0.012158,2,0,0
eccCb1,3,0.3586,0.016073,0.050659,0,0,0
eccB4,3,1.4095,0.053961,0.025329,2,0,0
mbtK,3,0.0586,0.001148,0.020263,1,0,0
Rv2263,3,0.0504,0.001148,0.024316,0,0,0
Rv2257c,3,0.0,0.0,0.020263,1,0,0
Rv0797,3,2.8873,0.197474,0.120567,3,0,0
Rv1937,3,2.6709,0.016073,0.006079,2,0,0
cobS,3,3.6176,0.051665,0.016211,2,0,0
oxyS,3,0.5534,0.052813,0.035461,1,0,0
Rv0307c,3,5.4755,0.083812,0.144883,2,0,0
Rv3740c,3,0.1482,0.005741,0.023303,1,0,0
Rv3786c,3,3.3054,0.051665,0.054711,2,0,0
Rv2891,3,1.9639,0.057405,0.075988,2,0,0
eccA1,3,2.5473,0.057405,0.053698,2,0,0
dxs2,3,1.367,0.057405,0.04458,2,0,0
TB18.6,3,0.0,0.0,0.023303,1,0,0
Rv1922,3,0.1482,0.005741,0.037487,1,0,0
Rv1910c,3,3.1028,0.057405,0.01925,2,0,0
Rv1571,3,0.0529,0.001148,0.02229,0,0,0
Rv1556,3,0.0,0.0,0.020263,1,0,0
Rv1546,3,0.0,0.0,0.024316,0,0,0
dinF,3,0.0,0.0,0.023303,0,0,0
devS,3,4.2326,0.057405,0.014184,2,0,0
Rv1526c,3,5.7363,0.044776,0.008105,3,0,0
hddA,3,1.9639,0.053961,0.032421,2,0,0
Rv1816,3,0.2529,0.020666,0.032421,1,0,0
Rv1815,3,0.1155,0.005741,0.047619,1,0,0
bisC,3,2.0582,0.053961,0.087133,2,0,0
Rv0176,3,3.4615,0.053961,0.016211,3,0,0
Rv0175,3,0.1872,0.020666,0.101317,1,0,0
Rv0157A,3,0.0,0.0,0.02229,0,0,0
Rv0149,3,0.1872,0.020666,0.047619,1,0,0
Rv1508c,3,3.3367,0.344432,0.27153,3,0,0
Rv1505c,3,1.905,0.057405,0.050659,2,0,0
Rv1487,3,0.0,0.0,0.021277,1,0,0
Rv1482c,3,0.0,0.0,0.021277,1,0,0
pks17,3,0.3587,0.013777,0.024316,1,0,0
Rv2240c,3,0.0,0.0,0.021277,1,0,0
Rv2212,3,0.1237,0.005741,0.047619,0,0,0
Rv3289c,3,1.4845,0.057405,0.037487,2,0,0
Rv3273,3,0.1872,0.020666,0.026342,1,0,0
Rv3361c,3,0.0,0.0,0.02229,0,0,0
Rv3335c,3,7.5615,0.029851,0.043566,2,0,0
PE_PGRS37,3,9.7798,0.051665,0.080041,2,0,0
PPE1,3,1.253,0.025258,0.02229,2,0,0
Rv0986,3,1.9194,0.266361,0.157042,2,0,0
Rv1048c,3,999.0,0.051665,0.0,3,0,0
Rv1047,3,2.2023,0.144661,0.045593,2,0,0
Rv1041c,3,0.3837,0.014925,0.061803,1,0,0
ogt,3,0.0,0.0,0.024316,0,0,0
Rv2886c,3,0.3676,0.016073,0.042553,1,0,0
Rv2885c,3,0.5352,0.057405,0.030395,1,0,0
ptbB,3,0.0,0.0,0.023303,0,0,0
Rv2689c,3,0.16,0.006889,0.04154,1,0,0
Rv0312,3,0.0556,0.001148,0.020263,1,0,0
Rv2034,3,0.0504,0.001148,0.02229,0,0,0
Rv2030c,3,0.16,0.006889,0.04154,0,0,0
Rv1523,3,31.5049,0.057405,0.007092,3,0,0
Rv0078A,3,1.8737,0.097589,0.046606,2,0,0
Rv2844,3,0.0,0.0,0.021277,0,0,0
impA,3,0.0,0.0,0.024316,1,0,0
lipW,3,0.2222,0.005741,0.02229,1,0,0
yrbE2A,3,3.1704,0.902411,0.744681,2,0,0
rpmG1,3,0.0,0.0,0.024316,0,0,0
wbbL2,3,0.3294,0.005741,0.017224,1,0,0
C8,3,0.0343,0.001148,0.025329,0,0,0
PE14,3,2.0703,0.12744,0.053698,2,0,0
Rv1765c,3,3.1516,0.04248,0.015198,3,0,0
papA2,3,1.822,0.067738,0.040527,3,0,0
papA1,3,3.5038,0.053961,0.101317,2,0,0
leuW,3,0.0,0.0,0.02229,0,0,0
yjcE,3,0.0,0.0,0.01925,0,0,0
lipY,3,1.5002,0.051665,0.116515,2,0,0
PE_PGRS60,2,3.9368,0.198048,0.070922,2,0,0
PE_PGRS62,2,6.109,0.055682999999999996,0.010638,2,0,0
PE_PGRS20,2,0.67105,0.2118255,0.1960485,1,0,0
PE_PGRS23,2,6.9573,0.0355915,0.0425535,1,0,0
PE4,2,2.0668,0.0390355,0.058257500000000004,1,0,0
PE9,2,6.86975,0.0367395,0.006079,2,0,0
virS,2,2.3405,0.031573,0.029888500000000002,1,0,0
B11,2,0.0166,0.000574,0.0298885,0,0,0
lipD,2,14.92685,0.16762349999999998,0.0131715,2,0,0
lipF,2,1.1393,0.14351350000000002,0.12462000000000001,1,0,0
kgtP,2,5.16245,0.6572905,0.529889,2,0,0
iniC,2,18.7087,0.053961,0.00304,2,0,0
lppN,2,10.05305,0.119977,0.0136775,2,0,0
lppO,2,2.1163,0.0287025,0.0233025,1,0,0
lppV,2,11.202350000000001,0.055682999999999996,0.0096255,2,0,0
idsA1,2,45.26775,0.12801400000000002,0.008612,2,0,0
idsA2,2,0.0,0.0,0.023303,0,0,0
idsB,2,1.7867,0.45235349999999996,0.3758865,1,0,0
hycP,2,5.1956500000000005,0.022962,0.0045595,2,0,0
hycQ,2,500.8149,0.18599300000000002,0.075988,2,0,0
idi,2,4.7311,0.1991965,0.1347515,2,0,0
lpqG,2,20.3473,0.118829,0.006586,2,0,0
lpqK,2,20.21445,0.15958699999999998,0.029382000000000002,1,0,0
lpqO,2,11.09185,0.055682999999999996,0.010132,2,0,0
lpqP,2,9.5701,0.035017,0.019757,1,0,0
lpqQ,2,0.9301999999999999,0.1802525,0.154002,1,0,0
vapC10,2,1.90575,0.031573,0.031915,1,0,0
PPE52,2,1.68675,0.192308,0.14640299999999998,2,0,0
PPE26,2,510.49295,0.10505149999999999,0.005066,2,0,0
PPE28,2,4.7786,0.0487945,0.0116515,2,0,0
valV,2,0.0322,0.001148,0.034448,0,0,0
vapB17,2,2.3221499999999997,0.2617685,0.13323200000000002,2,0,0
vapB34,2,26.226599999999998,0.171068,0.007092,2,0,0
higA,2,2.1717,0.1957525,0.10739599999999999,2,0,0
gpm2,2,0.10295,0.002296,0.0222895,0,0,0
glyV,2,9.389850000000001,0.0281285,0.017224,1,0,0
gmhB,2,8.65245,0.128588,0.018744,2,0,0
lpqX,2,0.0936,0.010333,0.075988,0,0,0
lprF,2,6.85245,0.144087,0.0734545,2,0,0
lprM,2,10.43245,0.0493685,0.012158500000000001,2,0,0
ggtB,2,2.37505,0.0390355,0.057244,1,0,0
PPE65,2,20.54085,0.047072,0.0091185,2,0,0
PPE67,2,501.6163,0.0401835,0.007092,2,0,0
Rv0008c,2,5.314500000000001,0.4954075,0.429078,1,0,0
ufaA1,2,4.8809,0.1590125,0.0339415,1,0,0
ugpB,2,0.0,0.0,0.0238095,0,0,0
ureC,2,6.9222,0.185993,0.06838949999999999,2,0,0
PPE49,2,9.35435,0.0269805,0.04306,1,0,0
Rv0079,2,23.01185,0.182549,0.0091185,2,0,0
Rv0088,2,0.30269999999999997,0.041906,0.08054700000000001,0,0,0
Rv0093c,2,2.17405,0.031573,0.030901500000000002,1,0,0
Rv0052,2,0.0,0.0,0.025329,0,0,0
Rv0067c,2,2.3433,0.031573,0.028875500000000002,1,0,0
Rv0034,2,11.073,0.47761200000000004,0.364742,2,0,0
Rv0042c,2,512.4549,0.171068,0.008612,2,0,0
PPE62,2,0.9178499999999999,0.0367395,0.044073,1,0,0
frdC,2,4.4535,0.491963,0.407295,1,0,0
frdD,2,2.30815,0.034443,0.021783,1,0,0
fic,2,0.1988,0.0132035,0.057750499999999996,0,0,0
fadE1,2,9.37955,0.027554500000000003,0.012665000000000001,1,0,0
fadE16,2,0.0,0.0,0.025329,0,0,0
fadD22,2,501.78145,0.0401835,0.0065855,2,0,0
fadD25,2,4.7597,0.0373135,0.0521785,1,0,0
fadD29,2,21.99765,0.106774,0.008612,2,0,0
fadD35,2,1.5745,0.4494835,0.412361,1,0,0
fadB3,2,5.45945,0.18197449999999998,0.070922,2,0,0
fadD10,2,999.0,0.0373135,0.0,2,0,0
fadD13,2,13.9127,0.5769230000000001,0.392604,2,0,0
esxD,2,1.8088,0.0281285,0.02077,1,0,0
esxF,2,505.323,0.173938,0.0192505,2,0,0
esxJ,2,0.0,0.0,0.028368499999999998,0,0,0
esxR,2,11.82845,0.055682999999999996,0.007599,2,0,0
mazF6,2,1.2247,0.063146,0.039007,1,0,0
mazF8,2,0.9509,0.1337545,0.091692,1,0,0
erm(37),2,7.87765,0.0154995,0.013171,1,0,0
Rv0097,2,501.1451,0.026980499999999998,0.003546,2,0,0
Rv0106,2,9.35435,0.0269805,0.014184500000000001,1,0,0
Rv0133,2,2.28145,0.0287025,0.01925,1,0,0
Rv0141c,2,0.1777,0.0040185,0.02229,0,0,0
Rv0143c,2,11.00695,0.053960999999999995,0.0081055,2,0,0
trpA,2,0.11664999999999999,0.010907,0.0628165,0,0,0
Rv0073,2,0.05775,0.0028705,0.0349545,0,0,0
Rv0074,2,1.9821,0.0269805,0.018237,1,0,0
echA13,2,0.13225,0.011481,0.0729485,0,0,0
mce2D,2,10.2559,0.0459245,0.0506585,1,0,0
eccCa1,2,7.67615,0.0453505,0.012158,2,0,0
Rv0298,2,1.2735,0.141217,0.0911855,1,0,0
Rv0302,2,3.0191999999999997,0.052813,0.072442,1,0,0
Rv0259c,2,26.365099999999998,0.640069,0.3971635,2,0,0
Rv0208c,2,0.0,0.0,0.02229,0,0,0
Rv0213c,2,2.37505,0.0390355,0.057244,1,0,0
Rv0229c,2,8.52375,0.1021815,0.057244,1,0,0
thiS,2,5.5032,0.0269805,0.0126645,1,0,0
Rv0187,2,1.27695,0.011481,0.0476195,1,0,0
Rv0195,2,1.8894499999999999,0.46153849999999996,0.41033450000000005,1,0,0
Rv0196,2,0.0,0.0,0.027355499999999998,0,0,0
Rv0349,2,0.1777,0.0040185,0.023303,0,0,0
tam,2,4.7565,0.0373135,0.053698,1,0,0
tgs4,2,15.146550000000001,0.185419,0.0207705,2,0,0
Rv0314c,2,1.23575,0.062572,0.037994,1,0,0
Rv0315,2,4.86425,0.524684,0.45491400000000004,1,0,0
dosT,2,1.01295,0.1331805,0.117528,1,0,0
dhaA,2,15.1048,0.099885,0.007091999999999999,2,0,0
mce3B,2,23.075699999999998,0.1762345,0.0091185,2,0,0
mce3D,2,2.25775,0.0143515,0.026849,1,0,0
mcr11,2,2.8183,0.5820894999999999,0.43110400000000004,2,0,0
mec,2,3.4817,0.0137775,0.018237,1,0,0
cysA3,2,0.39955,0.037887500000000005,0.077001,0,0,0
cysE,2,0.26595,0.008611,0.0334345,0,0,0
Rv0397A,2,3.0553,0.030425,0.042553,1,0,0
Rv0420c,2,0.06185,0.0028705,0.033435,0,0,0
Rv0431,2,0.0411,0.001148,0.027355499999999998,0,0,0
Rv0366c,2,3.2978,0.1814005,0.070922,2,0,0
Rv0368c,2,500.2084,0.19804850000000002,0.1352585,2,0,0
Rv0376c,2,0.5549999999999999,0.3340985,0.37943249999999995,0,0,0
sseB,2,28.70635,0.054535,0.008612,2,0,0
stp,2,1.7926,0.029851000000000003,0.0303955,1,0,0
Rv0332,2,1.6451,0.011481,0.015197500000000001,1,0,0
cyp132,2,2.9768,0.45752,0.3682875,2,0,0
cyp141,2,5.66755,0.617107,0.4589665,2,0,0
ctpJ,2,3.21925,0.061998,0.071935,1,0,0
cut3,2,2.5521000000000003,0.1900115,0.07852100000000001,2,0,0
ctpD,2,24.3799,0.12055099999999999,0.0091185,2,0,0
betP,2,8.43795,0.0637195,0.009625,2,0,0
arfA,2,13.6568,0.183697,0.016211,2,0,0
Rv0518,2,0.0529,0.001148,0.021277,0,0,0
Rv0481c,2,0.0495,0.001148,0.0227965,0,0,0
Rv0446c,2,1.8746,0.177956,0.0846,1,0,0
Rv0461,2,3.9927,0.0269805,0.0136775,1,0,0
sigI,2,15.95485,0.159013,0.0151975,1,0,0
Rv0395,2,4.8325,0.487945,0.408815,1,0,0
Rv0397,2,0.2717,0.0143515,0.056231,0,0,0
amiD,2,499.6793,0.033869,0.021783,1,0,0
ansP2,2,0.0,0.0,0.0258355,0,0,0
mgtC,2,11.015550000000001,0.19747399999999998,0.068896,2,0,0
mgtE,2,0.19145,0.021240000000000002,0.10182350000000001,0,0,0
mhpE,2,11.58635,0.011481,0.0116515,1,0,0
mmaA3,2,0.0,0.0,0.0238095,0,0,0
mmpL1,2,1.3521999999999998,0.072905,0.0688955,1,0,0
aao,2,2.2392499999999997,0.0390355,0.0466055,1,0,0
Rv3912,2,2.40615,0.0390355,0.0455925,1,0,0
Rv0567,2,9.4306,0.029851000000000003,0.019757,1,0,0
Rv0622,2,9.9834,0.0918485,0.0167175,1,0,0
serT,2,0.0402,0.001148,0.028368499999999998,0,0,0
Rv0739,2,3.654,0.1905855,0.1352585,2,0,0
Rv0742,2,2.63035,0.023536,0.0091185,2,0,0
Rv0745,2,0.2767,0.041906,0.082067,0,0,0
Rv0750,2,0.1247,0.010333,0.051165,0,0,0
Rv0690c,2,0.06785,0.0034445,0.0349545,0,0,0
Rv0726c,2,2.1163,0.0287025,0.0233025,1,0,0
scoB,2,4.569599999999999,0.489093,0.404762,1,0,0
Rv0625c,2,10.73325,0.053961,0.0116515,2,0,0
Rv3839,2,0.74225,0.172216,0.141844,1,0,0
Rv3832c,2,5.7736,0.0396095,0.008612,2,0,0
mmpR5,2,1.8732000000000002,0.0292765,0.0192505,1,1,0
mmr,2,0.0,0.0,0.02077,0,0,0
Rv3766,2,1.0031,0.136051,0.10435649999999999,1,0,0
Rv3769,2,1.27365,0.063146,0.0430595,1,0,0
Rv3784,2,501.1451,0.0373135,0.003546,2,0,0
Rv3785,2,2.1919,0.1716415,0.1286725,2,0,0
Rv3796,2,10.99295,0.0918485,0.048126,1,0,0
Rv3725,2,3.6732500000000003,0.1905855,0.1327255,2,0,0
Rv3727,2,2.64275,0.303674,0.145897,2,0,0
Rv3691,2,1.20355,0.140069,0.094225,1,0,0
mmuM,2,503.9569,0.4959815,0.389058,2,0,0
moaC1,2,2.34485,0.031573,0.0283685,1,0,0
moeB2,2,7.1838500000000005,0.029851000000000003,0.010132,1,0,0
Rv3660c,2,24.887999999999998,0.164179,0.0227965,1,0,0
Rv0849,2,5.4915,0.010907,0.0126645,1,0,0
Rv0852,2,0.0278,0.000574,0.0212765,0,0,0
Rv0802c,2,4.5629,0.057405,0.013171,2,0,0
scoA,2,10.61475,0.08955250000000001,0.028369000000000002,2,0,0
Rv0790c,2,49.818650000000005,0.31171099999999996,0.0091185,2,0,0
Rv0792c,2,13.34705,0.053961,0.005066,2,0,0
Rv0922,2,3.3188,0.161883,0.0810535,2,0,0
Rv0925c,2,13.867799999999999,0.0401835,0.007092,2,0,0
Rv0863,2,0.0252,0.000574,0.0217835,0,0,0
Rv0883c,2,0.047700000000000006,0.001148,0.0238095,0,0,0
Rv0888,2,3.40115,0.1613085,0.0759875,2,0,0
Rv0891c,2,4.8335,0.490241,0.4002025,1,0,0
rrf,2,0.071,0.002296,0.031408,0,0,0
Rv0836c,2,0.77025,0.1750865,0.1575485,1,0,0
Rv0842,2,14.074900000000001,0.12055099999999999,0.012665,2,0,0
Rv0845,2,0.6802,0.17279,0.149949,1,0,0
Rv3640c,2,1.9129500000000002,0.031573,0.029382,1,0,0
Rv3572,2,0.0,0.0,0.027356,0,0,0
Rv3519,2,0.0519,0.001148,0.021783,0,0,0
Rv3527,2,0.0,0.0,0.0349545,0,0,0
Rv3528c,2,1.1394,0.14351350000000002,0.11448849999999999,1,0,0
mrr,2,509.4834,0.11768100000000001,0.0055725,2,0,0
Rv3472,2,3.01585,0.022387999999999998,0.016717,1,0,0
Rv3480c,2,2.4733,0.034443,0.0212765,1,0,0
Rv3491,2,0.053,0.001148,0.0212765,0,0,0
Rv3422c,2,0.0,0.0,0.02077,0,0,0
Rv3430c,2,4.395899999999999,0.031573,0.014184500000000001,1,0,0
Rv3440c,2,4.31785,0.4839265,0.4012155,1,0,0
Rv3363c,2,0.0,0.0,0.02229,0,0,0
Rv3402c,2,0.0936,0.010333,0.061803500000000004,0,0,0
mshD,2,9.35435,0.0269805,0.0116515,1,0,0
Rv3346c,2,0.12795,0.003444,0.026342499999999998,0,0,0
Rv1073,2,44.7437,0.247417,0.0101315,2,0,0
Rv1012,2,3.4753,0.055682999999999996,0.0167175,2,0,0
Rv0992c,2,1.8773000000000002,0.0292765,0.0177305,1,0,0
Rv0912,2,0.0556,0.001148,0.020263,0,0,0
Rv1249c,2,4.57955,0.46440899999999996,0.372847,2,0,0
Rv1159A,2,0.0,0.0,0.0212765,0,0,0
Rv1188,2,3.1058,0.022962499999999997,0.0116515,1,0,0
Rv1199c,2,4.5351,0.5677384999999999,0.2573455,2,0,0
Rv1204c,2,11.443100000000001,0.053387000000000004,0.0081055,2,0,0
Rv1138a,2,0.30665000000000003,0.04248,0.0825735,0,0,0
Rv1085c,2,0.02125,0.000574,0.0258355,0,0,0
Rv1115,2,0.0936,0.010333,0.063323,0,0,0
Rv1052,2,2.9306,0.020092,0.014691000000000001,1,0,0
Rv3242c,2,0.10325000000000001,0.0028699999999999997,0.026848999999999998,0,0,0
Rv3256c,2,0.3196,0.010907,0.033435,0,0,0
Rv1354c,2,4.2027,0.0401835,0.009625,2,0,0
Rv1362c,2,2.40615,0.0390355,0.0455925,1,0,0
Rv1363c,2,499.57625,0.029276999999999997,0.018237,1,0,0
rpfC,2,2.39845,0.162457,0.0587635,1,0,0
Rv1258c,2,1.5003,0.052813,0.0729485,1,0,0
Rv1227c,2,44.6503,0.1572905,0.012158,1,0,0
Rv1500,2,2.3524,0.032147,0.029888500000000002,1,0,0
Rv1501,2,1.9405,0.456372,0.37740650000000003,1,0,0
Rv1502,2,1.77135,0.46153849999999996,0.407295,1,0,0
Rv1507c,2,8.9878,0.1119405,0.0126645,2,0,0
Rv1473A,2,0.04335,0.001148,0.0258355,0,0,0
Rv1476,2,0.0,0.0,0.0212765,0,0,0
Rv1366,2,500.70155,0.08897849999999999,0.028369,2,0,0
Rv1374c,2,7.812,0.5051665000000001,0.3880445,2,0,0
Rv1375,2,501.6163,0.049368499999999996,0.007092,2,0,0
Rv1403c,2,2.41425,0.031573,0.017224,1,0,0
Rv1404,2,0.0,0.0,0.0212765,0,0,0
narK3,2,11.58635,0.011481,0.0592705,1,0,0
Rv3134c,2,2.07965,0.150402,0.0851065,2,0,0
Rv3136A,2,0.09864999999999999,0.0040185,0.0334345,0,0,0
Rv3142c,2,0.0784,0.004592,0.057751,0,0,0
Rv3161c,2,2.9935,0.2009185,0.1413375,2,0,0
Rv1619,2,500.68905,0.0884045,0.028369,2,0,0
Rv1624c,2,3.8537999999999997,0.057405,0.015704,2,0,0
Rv1590,2,0.0,0.0,0.02229,0,0,0
Rv1591,2,24.46375,0.18484499999999998,0.0116515,2,0,0
Rv1490,2,30.715249999999997,0.1762345,0.007598499999999999,2,0,0
Rv3172c,2,9.5462,0.032721,0.016211,1,0,0
nat,2,1.16695,0.062572,0.039514,1,0,0
Rv3091,2,2.3667,0.0309985,0.0197565,1,0,0
Rv3093c,2,1.97345,0.49483350000000004,0.435157,1,0,0
Rv3094c,2,1.44055,0.06888649999999999,0.0420465,1,0,0
Rv3113,2,0.0,0.0,0.027355499999999998,0,0,0
Rv1719,2,499.5,0.0154995,0.011145,1,0,0
Rv1722,2,1.5572,0.1699195,0.082067,1,0,0
Rv1672c,2,3.69495,0.1595865,0.062310000000000004,2,0,0
Rv1682,2,6.505649999999999,0.513203,0.4002025,2,0,0
Rv1687c,2,0.0,0.0,0.0227965,0,0,0
Rv1691,2,9.5905,0.035017,0.0182375,1,0,0
recF,2,4.6850000000000005,0.4948335,0.42654499999999995,1,0,0
Rv1597,2,1.68635,0.452354,0.3885515,1,0,0
Rv1598c,2,9.41,0.0281285,0.0116515,1,0,0
Rv3070,2,0.0529,0.001148,0.021277,0,0,0
Rv3081,2,10.32135,0.160161,0.0805475,2,0,0
Rv3023c,2,1.3788,0.2135475,0.15298899999999999,1,0,0
Rv3015c,2,1.00505,0.1331805,0.08865250000000001,1,0,0
Rv2949c,2,0.1989,0.0057405,0.055724499999999996,0,0,0
Rv2953,2,2.23035,0.0373135,0.057244,1,0,0
Rv1779c,2,2.28145,0.0287025,0.018237,1,0,0
Rv1780,2,0.0,0.0,0.025329,0,0,0
Rv1810,2,2.3144500000000003,0.030999000000000002,0.0177305,1,0,0
Rv1752,2,5.1956500000000005,0.022962,0.0045595,2,0,0
Rv1762c,2,8.6595,0.184845,0.059777,1,0,0
Rv1718,2,2.7632,0.011481,0.014184500000000001,1,0,0
Rv1883c,2,4.930899999999999,0.839839,0.539007,2,0,0
pstS1,2,2.25495,0.09127450000000001,0.0420465,2,0,0
Rv1769,2,0.38330000000000003,0.052239,0.11854100000000001,0,0,0
Rv1775,2,0.2862,0.041906,0.092705,0,0,0
Rv2966c,2,0.0,0.0,0.0212765,0,0,0
Rv2926c,2,0.02645,0.000574,0.034448,0,0,0
omt,2,0.07625,0.0028705,0.0344475,0,0,0
Rv2812,2,5.8473500000000005,0.4954075,0.408308,1,0,0
Rv2817c,2,0.11960000000000001,0.005741,0.0460995,0,0,0
Rv2818c,2,23.471799999999998,0.041332,0.010638,2,0,0
proX,2,5.28975,0.617681,0.4736575,2,0,0
Rv1896c,2,0.0,0.0,0.021277,0,0,0
Rv1904,2,0.33915,0.0447765,0.0937185,0,0,0
Rv1913,2,5.3499,0.0258325,0.015197500000000001,1,0,0
Rv2025c,2,1.3589,0.065442,0.04002,1,0,0
Rv1929c,2,9.69035,0.0378875,0.0045590000000000006,2,0,0
Rv2161c,2,15.77965,0.1561425,0.018237,1,0,0
Rv2083,2,6.398499999999999,0.513777,0.397163,2,0,0
Rv2042c,2,10.30685,0.160161,0.0815605,2,0,0
Rv2061c,2,0.0,0.0,0.02229,0,0,0
Rv2077c,2,1.64135,0.4494835,0.3905775,1,0,0
Rv2078,2,2.90265,0.45981649999999996,0.357143,1,0,0
Rv2022c,2,2.7535000000000003,0.1653275,0.0633235,1,0,0
Rv2802c,2,1.11455,0.14351350000000002,0.12614,1,0,0
Rv2807,2,2.9577999999999998,0.45981649999999996,0.344478,1,0,0
Rv2738c,2,0.0,0.0,0.0238095,0,0,0
Rv2716,2,2.5537,0.162457,0.055218,1,0,0
Rv2717c,2,0.1134,0.004592499999999999,0.0385005,0,0,0
Rv2719c,2,3.0008,0.2014925,0.1408305,2,0,0
Rv2308,2,2.84525,0.161883,0.0851065,2,0,0
Rv2248,2,0.2905,0.04248,0.08156,0,0,0
Rv2267c,2,0.307,0.020666,0.0663625,0,0,0
Rv2226,2,4.6628,0.4712975,0.3672745,2,0,0
Rv2229c,2,0.02305,0.000574,0.0238095,0,0,0
Rv2237,2,11.8069,0.512055,0.38804449999999996,2,0,0
pks3,2,6.5939499999999995,0.513777,0.40172250000000004,2,0,0
Rv2189c,2,2.2787,0.0677385,0.07649449999999999,1,0,0
Rv2197c,2,0.1975,0.0074624999999999995,0.0314085,0,0,0
Rv2665,2,499.5,0.011481,0.04154,1,0,0
Rv2668,2,6.0265,0.512629,0.3931105,2,0,0
Rv2688c,2,15.368749999999999,0.5413319999999999,0.37183350000000004,2,0,0
pcp,2,7.0952,0.166475,0.0227965,2,0,0
Rv2628,2,2.7081,0.0625715,0.028369,2,0,0
Rv2631,2,0.0936,0.010333,0.061803500000000004,0,0,0
Rv2633c,2,0.0,0.0,0.02077,0,0,0
Rv2638,2,0.0936,0.010333,0.062310000000000004,0,0,0
Rv2650c,2,5.69415,0.466131,0.367275,2,0,0
Rv2386a,2,1.727,0.4494835,0.37132750000000003,1,0,0
Rv2395,2,2.2098999999999998,0.0390355,0.0577505,1,0,0
Rv2417c,2,0.0529,0.001148,0.021277,0,0,0
Rv2360c,2,0.0221,0.000574,0.023303,0,0,0
Rv2474c,2,17.0154,0.21871449999999998,0.0344475,2,0,0
Rv2492,2,1.68675,0.19173400000000002,0.14589649999999998,2,0,0
pip,2,0.2801,0.0132035,0.0481255,0,0,0
Rv2423,2,0.18614999999999998,0.020666,0.10182350000000001,0,0,0
Rv2435c,2,2.28145,0.0287025,0.0177305,1,0,0
Rv2599,2,2.0232,0.031573,0.016211,1,0,0
Rv2616,2,1.30995,0.065442,0.041033,1,0,0
Rv2621c,2,1.1125,0.14351350000000002,0.11702099999999999,1,0,0
Rv2551c,2,1.7055,0.1704935,0.0785205,1,0,0
Rv2563,2,18.4964,0.118829,0.007599,2,0,0
Rv2507,2,9.35435,0.0269805,0.012158500000000001,1,0,0
Rv2513,2,504.66075,0.499426,0.3758865,2,0,0
Rv2516c,2,6.48835,0.159587,0.078521,2,0,0
Rv2529,2,1.20995,0.0223885,0.0177305,1,0,0
Rv2542,2,6.4622,0.93628,0.7548125,2,0,0
PE16,2,1.11575,0.13432850000000002,0.087639,1,0,0
PE17,2,5.28995,0.020666,0.0516715,1,0,0
PE23,2,18.02385,0.289323,0.0825735,2,0,0
PE29,2,1.3076999999999999,0.072905,0.07750750000000001,1,0,0
PE35,2,4.75125,0.491963,0.41236049999999996,1,0,0
PE12,2,9.14205,0.0918485,0.0187435,1,0,0
lipR,2,2.802,0.0137775,0.0243165,1,0,0
vapC27,2,0.20299999999999999,0.0034444999999999996,0.018237,0,0,0
vapC37,2,9.63815,0.0688865,0.070922,1,0,0
vapC38,2,24.9467,0.1980485,0.075988,1,0,0
PPE15,2,4.96615,0.1613085,0.0359675,1,0,0
PPE16,2,0.12645,0.010333,0.054710999999999996,0,0,0
PPE20,2,1.9289,0.053387,0.072948,1,0,0
PE_PGRS35,1,0.342,0.016073,0.045593,0,0,0
PPE23,1,0.0529,0.001148,0.021277,0,0,0
PPE17,1,2.1555,0.267509,0.144883,1,0,0
vapC46,1,0.236,0.020666,0.082067,0,0,0
lpqH,1,0.1377,0.004592,0.032421,0,0,0
lpqN,1,4.2326,0.057405,0.014184,1,0,0
lpqS,1,11.5746,0.022962,0.002026,1,0,0
lpqV,1,0.0529,0.001148,0.021277,0,0,0
hsdS,1,0.1872,0.020666,0.101317,0,0,0
hemK,1,9.4438,0.969001,0.767984,1,0,0
vapB41,1,3.2902,0.022962,0.007092,1,0,0
vapB43,1,7.9854,0.053961,0.007092,1,0,0
vapB46,1,13.7024,0.052813,0.004053,1,0,0
vapB47,1,0.5628,0.083812,0.139818,0,0,0
vapB48,1,2.4494,0.126292,0.055724,1,0,0
vapB5,1,0.3504,0.005741,0.016211,0,0,0
vapB6,1,0.1155,0.005741,0.047619,0,0,0
vapC1,1,13.6568,0.183697,0.016211,1,0,0
vapC12,1,0.1525,0.005741,0.036474,0,0,0
vapC13,1,0.1872,0.020666,0.101317,0,0,0
Rv2472,1,2.0259,0.266361,0.151976,1,0,0
Rv2473,1,0.1705,0.004592,0.026342,0,0,0
Rv2478c,1,0.0,0.0,0.02229,0,0,0
Rv2481c,1,2.0984,0.043628,0.021277,1,0,0
Rv2491,1,0.0,0.0,0.08612,0,0,0
phoY1,1,4.5629,0.057405,0.013171,1,0,0
phyA,1,18.7087,0.053961,0.00304,1,0,0
pitB,1,4.2326,0.057405,0.014184,1,0,0
Rv2432c,1,0.0,0.0,0.02229,0,0,0
Rv2437,1,2.0101,0.266361,0.152989,1,0,0
Rv2456c,1,0.4723,0.016073,0.033435,0,0,0
Rv2560,1,6.0377,0.898967,0.595745,1,0,0
Rv2571c,1,0.1872,0.020666,0.101317,0,0,0
pfkB,1,0.1872,0.020666,0.101317,0,0,0
pheU,1,0.0343,0.001148,0.032421,0,0,0
Rv2515c,1,0.3504,0.005741,0.016211,0,0,0
Rv2630,1,18.7087,0.053961,0.00304,1,0,0
Rv2645,1,54.9771,0.309989,0.008105,1,0,0
Rv2654c,1,0.0482,0.002296,0.045593,0,0,0
Rv2657c,1,0.1705,0.004592,0.026342,0,0,0
Rv2459,1,18.7087,0.053961,0.00304,1,0,0
Rv2323c,1,0.1237,0.005741,0.04458,0,0,0
Rv2372c,1,0.2459,0.020666,0.079027,0,0,0
Rv2377c,1,9.322,0.970149,0.777102,1,0,0
pknF,1,0.1872,0.020666,0.101317,0,0,0
pknI,1,10.6998,0.051665,0.005066,1,0,0
Rv2285,1,999.0,0.022962,0.0,1,0,0
Rv2286c,1,0.1155,0.005741,0.047619,0,0,0
Rv2293c,1,1.4025,0.340987,0.269504,1,0,0
Rv2295,1,0.4723,0.016073,0.033435,0,0,0
Rv2297,1,999.0,0.041332,0.0,1,0,0
Rv2305,1,1.8686,0.039036,0.021277,1,0,0
Rv2729c,1,3.4888,0.898967,0.718338,1,0,0
Rv2734,1,0.0556,0.001148,0.020263,0,0,0
Rv2735c,1,2.5473,0.126292,0.053698,1,0,0
papA5,1,5.4803,0.021814,0.004053,1,0,0
Rv2704,1,0.0,0.0,0.024316,0,0,0
Rv2664,1,999.0,0.051665,0.0,1,0,0
Rv2307c,1,7.9854,0.053961,0.007092,1,0,0
Rv2250c,1,0.0,0.0,0.02229,0,0,0
Rv2253,1,0.0,0.0,0.025329,0,0,0
Rv2254c,1,4.5629,0.057405,0.013171,1,0,0
Rv2265,1,3.696,0.057405,0.016211,1,0,0
Rv2273,1,0.342,0.016073,0.045593,0,0,0
plcC,1,0.5676,0.083812,0.138804,0,0,0
Rv2687c,1,11.0404,0.318025,0.040527,1,0,0
Rv2693c,1,2.0747,0.266361,0.148936,1,0,0
Rv2629,1,1.8627,0.266361,0.163121,1,0,0
Rv1936,1,5.8612,0.040184,0.007092,1,0,0
Rv1939,1,0.3501,0.016073,0.04458,0,0,0
Rv1947,1,3.6481,0.073479,0.021277,1,0,0
Rv2084,1,1.4244,0.340987,0.266464,1,0,0
Rv2102,1,0.0,0.0,0.02229,0,0,0
Rv2113,1,2.5539,0.022962,0.009119,1,0,0
Rv2117,1,0.0529,0.001148,0.021277,0,0,0
Rv2067c,1,0.1893,0.020666,0.100304,0,0,0
Rv2076c,1,0.1872,0.020666,0.101317,0,0,0
Rv2016,1,999.0,0.079219,0.0,1,0,0
Rv2019,1,29.5569,0.082664,0.00304,1,0,0
Rv2021c,1,1.9603,0.267509,0.157042,1,0,0
Rv2827c,1,0.3148,0.020666,0.062817,0,0,0
Rv2772c,1,0.0,0.0,0.020263,0,0,0
Rv2779c,1,4.5629,0.057405,0.013171,1,0,0
Rv2723,1,0.0,0.0,0.021277,0,0,0
proY,1,0.0,0.0,0.030395,0,0,0
pstA2,1,0.3108,0.005741,0.018237,0,0,0
pstB,1,0.1328,0.006889,0.049645,0,0,0
Rv1897c,1,11.3354,0.318025,0.039514,1,0,0
Rv1914c,1,7.7086,0.022962,0.00304,1,0,0
Rv2033c,1,0.1181,0.005741,0.046606,0,0,0
Rv2035,1,18.7087,0.053961,0.00304,1,0,0
Rv1985c,1,1.5082,0.344432,0.258359,1,0,0
Rv1986,1,0.5399,0.083812,0.144883,0,0,0
Rv1993c,1,4.5629,0.057405,0.013171,1,0,0
Rv1995,1,0.3567,0.009185,0.025329,0,0,0
Rv1996,1,4.5629,0.057405,0.013171,1,0,0
Rv1998c,1,4.2326,0.057405,0.014184,1,0,0
Rv2001,1,3.696,0.057405,0.016211,1,0,0
Rv2004c,1,1.964,0.039036,0.020263,1,0,0
Rv2012,1,999.0,0.022962,0.0,1,0,0
Rv2970A,1,0.0,0.0,0.02229,0,0,0
Rv2943,1,0.0,0.0,0.025329,0,0,0
Rv2884,1,2.5473,0.126292,0.053698,1,0,0
Rv2887,1,0.3307,0.013777,0.040527,0,0,0
Rv2809,1,5.8612,0.040184,0.007092,1,0,0
Rv2813,1,2.9446,0.057405,0.020263,1,0,0
Rv2819c,1,0.3504,0.005741,0.016211,0,0,0
Rv2821c,1,9.9465,0.184845,0.02229,1,0,0
Rv2826c,1,21.9859,0.183697,0.010132,1,0,0
Rv1948c,1,1.4168,0.344432,0.270517,1,0,0
Rv1961,1,0.0,0.0,0.02229,0,0,0
Rv1972,1,0.5724,0.083812,0.137791,0,0,0
Rv1973,1,0.0,0.0,0.02229,0,0,0
Rv1974,1,4.5629,0.057405,0.013171,1,0,0
Rv1975,1,4.9482,0.057405,0.012158,1,0,0
Rv1978,1,0.1872,0.020666,0.101317,0,0,0
Rv1761c,1,0.0,0.0,0.068896,0,0,0
Rv1714,1,0.0,0.0,0.024316,0,0,0
Rv1717,1,3.5177,0.339839,0.12766,1,0,0
Rv1920,1,1.9194,0.266361,0.159068,1,0,0
Rv1924c,1,2.5473,0.126292,0.053698,1,0,0
Rv1927,1,0.5581,0.083812,0.140831,0,0,0
Rv1887,1,5.8612,0.040184,0.007092,1,0,0
Rv1891,1,18.2841,0.183697,0.012158,1,0,0
Rv1864c,1,0.1705,0.004592,0.026342,0,0,0
pstC1,1,10.983,0.021814,0.002026,1,0,0
Rv1767,1,0.0,0.0,0.025329,0,0,0
Rv1770,1,0.0734,0.002296,0.030395,0,0,0
Rv1772,1,10.3516,0.183697,0.021277,1,0,0
Rv1773c,1,9.9943,0.318025,0.04458,1,0,0
Rv1774,1,0.1155,0.005741,0.047619,0,0,0
Rv2957,1,0.3504,0.005741,0.016211,0,0,0
Rv3079c,1,3.9464,0.057405,0.015198,1,0,0
Rv3032A,1,999.0,0.051665,0.0,1,0,0
Rv2979c,1,1.532,0.34558,0.256332,1,0,0
Rv2990c,1,2.5473,0.126292,0.053698,1,0,0
Rv2998,1,0.3501,0.016073,0.04458,0,0,0
Rv3000,1,0.1525,0.005741,0.036474,0,0,0
Rv3008,1,0.1482,0.005741,0.037487,0,0,0
nrdR,1,0.1705,0.004592,0.026342,0,0,0
Rv2955c,1,4.5629,0.057405,0.013171,1,0,0
Rv1812c,1,9.7628,0.970149,0.768997,1,0,0
Rv1733c,1,3.1655,0.898967,0.737589,1,0,0
Rv1735c,1,0.5581,0.083812,0.140831,0,0,0
Rv1742,1,40.2902,0.312285,0.011145,1,0,0
Rv1744c,1,18.7087,0.053961,0.00304,1,0,0
Rv1748,1,0.0,0.0,0.023303,0,0,0
Rv1749c,1,0.1872,0.020666,0.101317,0,0,0
Rv3095,1,0.3251,0.008037,0.024316,0,0,0
Rv3096,1,3.696,0.057405,0.016211,1,0,0
Rv3098A,1,0.0,0.0,0.02229,0,0,0
Rv3098c,1,1.4168,0.344432,0.270517,1,0,0
Rv3103c,1,0.0,0.0,0.023303,0,0,0
Rv3108,1,0.1669,0.005741,0.033435,0,0,0
Rv3114,1,1.3603,0.344432,0.278622,1,0,0
Rv3064c,1,7.9854,0.053961,0.007092,1,0,0
Rv1724c,1,9.2301,0.969001,0.772036,1,0,0
Rv1725c,1,5.8612,0.040184,0.007092,1,0,0
Rv1648,1,0.0,0.0,0.025329,0,0,0
Rv1674c,1,3.3224,0.340987,0.134752,1,0,0
Rv1676,1,8.9438,0.970149,0.784195,1,0,0
Rv1678,1,5.8612,0.040184,0.007092,1,0,0
Rv1700,1,0.1872,0.020666,0.101317,0,0,0
Rv3072c,1,0.3501,0.016073,0.04458,0,0,0
Rv3122,1,0.2459,0.020666,0.079027,0,0,0
Rv3131,1,0.1209,0.005741,0.045593,0,0,0
Rv3165c,1,7.9854,0.053961,0.007092,1,0,0
Rv1615,1,11.646,0.318025,0.038501,1,0,0
Rv1573,1,0.492,0.16992,0.29382,0,0,0
Rv1574,1,0.0,0.0,0.052685,0,0,0
Rv1581c,1,0.1959,0.020666,0.097264,0,0,0
Rv1516c,1,3.7097,0.074627,0.021277,1,0,0
Rv1519,1,3.2902,0.022962,0.007092,1,0,0
Rv1534,1,3.3224,0.340987,0.134752,1,0,0
relG,1,9.5965,0.970149,0.772036,1,0,0
relJ,1,0.2459,0.020666,0.079027,0,0,0
Rv1489,1,2.0419,0.266361,0.150963,1,0,0
Rv1498A,1,26.9229,0.098737,0.004053,1,0,0
nmtR,1,0.1872,0.020666,0.101317,0,0,0
Rv3092c,1,3.5038,0.340987,0.128673,1,0,0
Rv1291c,1,3.2827,0.898967,0.730496,1,0,0
Rv1261c,1,0.1155,0.005741,0.047619,0,0,0
Rv1269c,1,0.5724,0.083812,0.137791,0,0,0
Rv1498c,1,3.394,0.902411,0.73151,1,0,0
Rv1424c,1,0.2459,0.020666,0.079027,0,0,0
Rv1429,1,0.1038,0.005741,0.052685,0,0,0
Rv1439c,1,2.0419,0.266361,0.150963,1,0,0
Rv1376,1,0.1237,0.005741,0.04458,0,0,0
Rv3225c,1,0.1705,0.004592,0.026342,0,0,0
Rv3178a,1,12.8402,0.183697,0.017224,1,0,0
Rv3179,1,3.2377,0.340987,0.137791,1,0,0
Rv3183,1,1.9489,0.266361,0.157042,1,0,0
Rv3188,1,2.1562,0.044776,0.021277,1,0,0
Rv3191c,1,4.5629,0.057405,0.013171,1,0,0
nadC,1,3.696,0.057405,0.016211,1,0,0
nadR,1,0.3554,0.008037,0.02229,0,0,0
Rv3294c,1,0.5628,0.083812,0.139818,0,0,0
Rv3235,1,0.0,0.0,0.021277,0,0,0
Rv3238c,1,0.0504,0.001148,0.02229,0,0,0
Rv3239c,1,3.3335,0.898967,0.727457,1,0,0
mutT2,1,0.5628,0.083812,0.139818,0,0,0
mycP1,1,14.0173,0.053961,0.004053,1,0,0
Rv3212,1,0.1181,0.005741,0.046606,0,0,0
Rv3217c,1,3.3224,0.340987,0.134752,1,0,0
Rv3222c,1,11.5746,0.022962,0.002026,1,0,0
Rv1413,1,4.5629,0.057405,0.013171,1,0,0
Rv1342c,1,0.0,0.0,0.021277,0,0,0
Rv1351,1,30.3385,0.029851,0.001013,1,0,0
Rv1356c,1,999.0,0.040184,0.0,1,0,0
Rv1364c,1,8.335,0.967853,0.783181,1,0,0
Rv1289,1,3.696,0.057405,0.016211,1,0,0
Rv1290c,1,0.3396,0.008037,0.023303,0,0,0
Rv0943c,1,2.4494,0.126292,0.055724,1,0,0
Rv0964c,1,8.9138,0.969001,0.778116,1,0,0
rpsD,1,0.0394,0.001148,0.028369,0,0,0
Rv0894,1,0.0,0.0,0.047619,0,0,0
Rv1176c,1,0.1872,0.020666,0.101317,0,0,0
Rv1190,1,0.5773,0.083812,0.136778,0,0,0
Rv1205,1,0.1482,0.005741,0.037487,0,0,0
Rv1149,1,3.2249,0.15729,0.054711,1,0,0
Rv1128c,1,2.0101,0.266361,0.152989,1,0,0
Rv1051c,1,24.4538,0.183697,0.009119,1,0,0
Rv1060,1,0.3917,0.008037,0.020263,0,0,0
Rv3355c,1,0.1332,0.005741,0.04154,0,0,0
Rv3360,1,0.1872,0.020666,0.101317,0,0,0
Rv3269,1,0.0482,0.001148,0.023303,0,0,0
Rv3271c,1,5.8612,0.040184,0.007092,1,0,0
Rv3282,1,0.5355,0.083812,0.145897,0,0,0
Rv3439c,1,3.3515,0.340987,0.133739,1,0,0
Rv3387,1,999.0,0.030999,0.0,1,0,0
mscL,1,0.1705,0.004592,0.026342,0,0,0
Rv3312A,1,3.2902,0.022962,0.007092,1,0,0
Rv3334,1,11.5746,0.022962,0.002026,1,0,0
Rv3348,1,0.2529,0.01837,0.068896,0,0,0
Rv3349c,1,2.0703,0.267509,0.149949,1,0,0
Rv3351c,1,0.4723,0.016073,0.033435,0,0,0
Rv1081c,1,0.0575,0.002296,0.038501,0,0,0
Rv1043c,1,999.0,0.022962,0.0,1,0,0
Rv1045,1,0.5773,0.083812,0.136778,0,0,0
Rv1050,1,0.0,0.0,0.02229,0,0,0
Rv0965c,1,1.9791,0.266361,0.155015,1,0,0
Rv0970,1,8.8903,0.970149,0.785208,1,0,0
Rv0979c,1,5.8612,0.040184,0.007092,1,0,0
Rv0999,1,999.0,0.051665,0.0,1,0,0
Rv0789c,1,0.0556,0.001148,0.020263,0,0,0
Rv0731c,1,0.0,0.0,0.020263,0,0,0
Rv0918,1,1.3881,0.344432,0.274569,1,0,0
Rv0919,1,8.5198,0.970149,0.7923,1,0,0
Rv0920c,1,0.2459,0.020666,0.079027,0,0,0
Rv0874c,1,1.9754,0.267509,0.156028,1,0,0
Rv0882,1,0.342,0.016073,0.045593,0,0,0
Rv0839,1,0.1237,0.005741,0.04458,0,0,0
Rv3517,1,0.3554,0.008037,0.02229,0,0,0
moeX,1,0.5676,0.083812,0.138804,0,0,0
Rv3468c,1,3.1988,0.898967,0.735562,1,0,0
Rv3471c,1,21.8986,0.252583,0.015198,1,0,0
Rv3481c,1,0.0,0.0,0.025329,0,0,0
Rv3483c,1,0.5639,0.082664,0.137791,0,0,0
Rv3404c,1,7.9854,0.053961,0.007092,1,0,0
Rv3435c,1,30.3385,0.029851,0.001013,1,0,0
Rv3750c,1,36.7932,0.183697,0.006079,1,0,0
Rv3755c,1,0.0,0.0,0.020263,0,0,0
Rv3705A,1,2.5473,0.126292,0.053698,1,0,0
Rv3714c,1,18.7087,0.053961,0.00304,1,0,0
moaR1,1,0.1872,0.020666,0.101317,0,0,0
moaX,1,0.1525,0.005741,0.036474,0,0,0
Rv3642c,1,30.3385,0.029851,0.001013,1,0,0
Rv3657c,1,0.0,0.0,0.025329,0,0,0
Rv0794c,1,0.0,0.0,0.025329,0,0,0
Rv0801,1,3.475,0.057405,0.017224,1,0,0
Rv0805,1,999.0,0.051665,0.0,1,0,0
rsfA,1,18.7087,0.053961,0.00304,1,0,0
rubA,1,0.0409,0.001148,0.027356,0,0,0
Rv0770,1,11.2755,0.316877,0.039514,1,0,0
Rv0771,1,0.1155,0.005741,0.047619,0,0,0
Rv0787,1,3.2726,0.902411,0.738602,1,0,0
Rv0744c,1,0.2459,0.020666,0.079027,0,0,0
Rv0749A,1,3.4193,0.898967,0.722391,1,0,0
Rv0765c,1,0.2459,0.020666,0.079027,0,0,0
Rv0699,1,2.1083,0.266361,0.14691,1,0,0
Rv0713,1,4.5629,0.057405,0.013171,1,0,0
secE1,1,0.1357,0.006889,0.048632,0,0,0
Rv0628c,1,3.2902,0.022962,0.007092,1,0,0
Rv0678,1,3.7972,0.026406,0.007092,1,1,0
Rv3863,1,10.6998,0.051665,0.005066,1,0,0
Rv3807c,1,18.7087,0.053961,0.00304,1,0,0
Rv3828c,1,36.7932,0.183697,0.006079,1,0,0
Rv3831,1,9.322,0.970149,0.777102,1,0,0
mmpS1,1,7.9854,0.053961,0.007092,1,0,0
mmpS5,1,2.014,0.265212,0.151976,1,0,0
Rv3726,1,0.4875,0.016073,0.032421,0,0,0
Rv3749c,1,3.2902,0.022962,0.007092,1,0,0
mmpL10,1,1.849,0.266361,0.164134,1,0,0
TB31.7,1,999.0,0.051665,0.0,1,0,0
TB8.4,1,10.9508,0.052813,0.005066,1,0,0
Rv0679c,1,18.7087,0.053961,0.00304,1,0,0
Rv0571c,1,3.2103,0.340987,0.138804,1,0,0
Rv0572c,1,3.4021,0.898967,0.723404,1,0,0
Rv0576,1,1.3952,0.34558,0.274569,1,0,0
Rv0597c,1,0.3504,0.005741,0.016211,0,0,0
Rv0601c,1,9.4975,0.969001,0.766971,1,0,0
Rv0611c,1,40.0526,0.039036,0.001013,1,0,0
Rv0621,1,3.696,0.057405,0.016211,1,0,0
serX,1,0.0482,0.001148,0.023303,0,0,0
Rv0531,1,30.3385,0.029851,0.001013,1,0,0
Rv0559c,1,0.0,0.0,0.02229,0,0,0
Rv0560c,1,0.1181,0.005741,0.046606,0,0,0
Rv0508,1,0.1705,0.004592,0.026342,0,0,0
cdh,1,0.3489,0.013777,0.038501,0,0,0
birA,1,4.5629,0.057405,0.013171,1,0,0
asnT,1,0.0367,0.001148,0.030395,0,0,0
Rv0513,1,0.0,0.0,0.021277,0,0,0
Rv0477,1,0.0,0.0,0.02229,0,0,0
Rv0488,1,0.0,0.0,0.032421,0,0,0
Rv0492c,1,2.1255,0.266361,0.145897,1,0,0
Rv0434,1,3.475,0.057405,0.017224,1,0,0
Rv0470A,1,0.2494,0.020666,0.078014,0,0,0
Rv0471c,1,1.964,0.039036,0.020263,1,0,0
Rv0390,1,0.0,0.0,0.025329,0,0,0
Rv0394c,1,5.8612,0.040184,0.007092,1,0,0
ansA,1,0.5534,0.083812,0.141844,0,0,0
adhD,1,5.8612,0.040184,0.007092,1,0,0
alaV,1,0.0442,0.001148,0.025329,0,0,0
accE5,1,2.3152,0.126292,0.058764,1,0,0
mcr15,1,4.5629,0.057405,0.013171,1,0,0
cyp143,1,0.0,0.0,0.021277,0,0,0
cyp121,1,1.905,0.266361,0.160081,1,0,0
Rv0398c,1,2.189,0.264064,0.140831,1,0,0
Rv0426c,1,0.1442,0.005741,0.038501,0,0,0
Rv0372c,1,27.5387,0.183697,0.008105,1,0,0
Rv0374c,1,0.1332,0.005741,0.04154,0,0,0
Rv0378,1,10.9508,0.052813,0.005066,1,0,0
Rv0330c,1,2.1057,0.035591,0.017224,1,0,0
Rv0340,1,3.2655,0.340987,0.136778,1,0,0
cyp135B1,1,0.0,0.0,0.02229,0,0,0
cut4,1,0.1525,0.005741,0.036474,0,0,0
cobU,1,5.8612,0.040184,0.007092,1,0,0
cpsY,1,3.1655,0.898967,0.737589,1,0,0
cobQ1,1,0.0,0.0,0.026342,0,0,0
cmr,1,3.696,0.057405,0.016211,1,0,0
Rv0347,1,0.4723,0.016073,0.033435,0,0,0
Rv0358,1,0.0,0.0,0.024316,0,0,0
tcrA,1,14.5538,0.028703,0.002026,1,0,0
tgs1,1,0.342,0.016073,0.045593,0,0,0
Rv0316,1,2.0532,0.036739,0.018237,1,0,0
Rv0318c,1,9.2833,0.969001,0.771023,1,0,0
Rv0320,1,999.0,0.051665,0.0,1,0,0
Rv0323c,1,9.9306,0.970149,0.765957,1,0,0
Rv0325,1,1.4241,0.344432,0.269504,1,0,0
Rv0326,1,0.1705,0.004592,0.026342,0,0,0
Rv0329c,1,0.0,0.0,0.025329,0,0,0
drrB,1,0.0,0.0,0.025329,0,0,0
drrC,1,4.5629,0.057405,0.013171,1,0,0
dsbF,1,4.5629,0.057405,0.013171,1,0,0
devR,1,0.2268,0.020666,0.085106,0,0,0
mce3R,1,33.6304,0.092997,0.00304,1,0,0
entC,1,18.7087,0.053961,0.00304,1,0,0
epiA,1,0.0,0.0,0.020263,0,0,0
eccE3,1,8.9438,0.970149,0.784195,1,0,0
eccE5,1,4.5629,0.057405,0.013171,1,0,0
echA18,1,3.1028,0.057405,0.01925,1,0,0
mbtJ,1,0.1237,0.005741,0.04458,0,0,0
mbtM,1,0.0556,0.001148,0.020263,0,0,0
mce2A,1,9.6055,0.969001,0.764944,1,0,0
mce3A,1,1.4241,0.344432,0.269504,1,0,0
eccB1,1,0.2459,0.020666,0.079027,0,0,0
Rv0299,1,0.1872,0.020666,0.101317,0,0,0
Rv0303,1,3.2902,0.022962,0.007092,1,0,0
Rv0246,1,12.1144,0.183697,0.018237,1,0,0
Rv0264c,1,3.4724,0.340987,0.129686,1,0,0
Rv0209,1,1.4845,0.344432,0.261398,1,0,0
Rv0210,1,1.4241,0.344432,0.269504,1,0,0
mazF7,1,4.5629,0.057405,0.013171,1,0,0
mbtC,1,2.5473,0.126292,0.053698,1,0,0
mbtD,1,0.0,0.0,0.02229,0,0,0
espD,1,3.696,0.057405,0.016211,1,0,0
espG1,1,44.1969,0.183697,0.005066,1,0,0
Rv0200,1,0.0127,0.001148,0.08308,0,0,0
Rv0177,1,10.9508,0.052813,0.005066,1,0,0
Rv0102,1,3.4588,0.02411,0.007092,1,0,0
Rv0110,1,0.0482,0.002296,0.045593,0,0,0
Rv0121c,1,49.3445,0.312285,0.009119,1,0,0
Rv0144,1,0.1811,0.020666,0.104357,0,0,0
Rv0072,1,4.6157,0.022962,0.005066,1,0,0
Rv0076c,1,14.0173,0.053961,0.004053,1,0,0
espH,1,2.5208,0.125144,0.053698,1,0,0
espJ,1,999.0,0.022962,0.0,1,0,0
espL,1,7.9854,0.053961,0.007092,1,0,0
Rv0080,1,4.2326,0.057405,0.014184,1,0,0
Rv0081,1,4.5629,0.057405,0.013171,1,0,0
Rv0060,1,4.5629,0.057405,0.013171,1,0,0
Rv0063a,1,18.7087,0.053961,0.00304,1,0,0
trxA,1,0.0504,0.001148,0.02229,0,0,0
trxB2,1,0.0,0.0,0.021277,0,0,0
Rv0025,1,999.0,0.051665,0.0,1,0,0
Rv0028,1,0.0504,0.001148,0.02229,0,0,0
fadD21,1,0.3396,0.008037,0.023303,0,0,0
fadD23,1,1.934,0.266361,0.158055,1,0,0
lysU,1,3.1255,0.030999,0.010132,1,0,0
fadD18,1,0.4723,0.016073,0.033435,0,0,0
fabG3,1,0.0,0.0,0.02229,0,0,0
esxE,1,0.2494,0.020666,0.078014,0,0,0
esxQ,1,2.5473,0.126292,0.053698,1,0,0
mazF3,1,1.4024,0.344432,0.272543,1,0,0
glyA2,1,5.8612,0.040184,0.007092,1,0,0
gmdA,1,0.0,0.0,0.020263,0,0,0
glnQ,1,55.5693,0.312285,0.008105,1,0,0
glpQ2,1,2.6709,0.016073,0.006079,1,0,0
lpqZ,1,4.5629,0.057405,0.013171,1,0,0
lprP,1,9.0512,0.970149,0.782168,1,0,0
frdB,1,14.5823,0.183697,0.015198,1,0,0
PPE68,1,2.9446,0.057405,0.020263,1,0,0
PPE7,1,8.08,0.958668,0.741641,1,0,0
Rv0004,1,999.0,0.030999,0.0,1,0,0
ugpC,1,0.0,0.0,0.024316,0,0,0
ureA,1,2.1943,0.126292,0.061803,1,0,0
ureB,1,7.7086,0.022962,0.00304,1,0,0
ureF,1,18.7087,0.053961,0.00304,1,0,0
ureG,1,0.1129,0.005741,0.048632,0,0,0
PPE50,1,0.3191,0.006889,0.021277,0,0,0
vapC14,1,2.4974,0.126292,0.054711,1,0,0
vapC18,1,2.5208,0.125144,0.053698,1,0,0
vapC19,1,2.4494,0.126292,0.055724,1,0,0
vapC21,1,2.0695,0.039036,0.01925,1,0,0
vapC22,1,22.1452,0.082664,0.004053,1,0,0
PPE29,1,18.7087,0.053961,0.00304,1,0,0
PPE30,1,0.1482,0.005741,0.037487,0,0,0
PPE43,1,3.4415,0.340987,0.130699,1,0,0
vapB18,1,2.018,0.264064,0.150963,1,0,0
vapB19,1,0.1387,0.006889,0.047619,0,0,0
vapB20,1,5.1858,0.020666,0.004053,1,0,0
vapB22,1,9.0713,0.969001,0.775076,1,0,0
vapB24,1,0.1872,0.020666,0.101317,0,0,0
vapB28,1,4.3798,0.021814,0.005066,1,0,0
vapB40,1,4.5629,0.057405,0.013171,1,0,0
hab,1,49.3445,0.312285,0.009119,1,0,0
vapC43,1,999.0,0.021814,0.0,1,0,0
PE5,1,0.0,0.0,0.02229,0,0,0
PE6,1,4.2735,0.053961,0.013171,1,0,0
PE8,1,9.2301,0.969001,0.772036,1,0,0
PE_PGRS12,1,2.9212,0.045924,0.016211,1,0,0
vapC47,1,9.5965,0.970149,0.772036,1,0,0
vapC9,1,0.0,0.0,0.025329,0,0,0
G2,1,3.1221,0.021814,0.007092,1,0,0
leuX,1,0.0,0.0,0.050659,0,0,0
kdpC,1,5.8612,0.040184,0.007092,1,0,0
iunH,1,18.7087,0.053961,0.00304,1,0,0
lppP,1,1.6756,0.316877,0.216819,1,0,0
lppQ,1,18.2841,0.183697,0.012158,1,0,0
lppX,1,0.1155,0.005741,0.047619,0,0,0
lppY,1,8.9974,0.970149,0.783181,1,0,0
ilvB2,1,0.0,0.0,0.02229,0,0,0
Rv2536,1,0.0,0.0,0.024316,0,0,0
PE15,1,4.0439,0.198622,0.057751,1,0,0
PE2,1,3.4859,0.339839,0.128673,1,0,0
PE24,1,2.0101,0.266361,0.152989,1,0,0
PE31,1,0.3501,0.016073,0.04458,0,0,0
PE33,1,0.1237,0.005741,0.04458,0,0,0
PE36,1,0.3554,0.008037,0.02229,0,0,0
yrbE3A,1,0.3587,0.013777,0.037487,0,0,0
lipZ,1,2.5473,0.126292,0.053698,1,0,0
lppE,1,4.5629,0.057405,0.013171,1,0,0
vapC23,1,0.0,0.0,0.118541,0,0,0
vapC24,1,4.7207,0.050517,0.011145,1,0,0
vapC28,1,0.0,0.0,0.02229,0,0,0
vapC30,1,999.0,0.022962,0.0,1,0,0
vapC4,1,0.1669,0.005741,0.033435,0,0,0
vapC40,1,1.4614,0.344432,0.264438,1,0,0
