gene,change,drug_context,compensatory_mechanism,evidence,mdr_with_mutation,non_mdr_with_mutation,mdr_without_mutation,non_mdr_without_mutation,mdr_frequency,non_mdr_frequency,enrichment_ratio,pvalue,padj_BH,odds_ratio_fisher,significant_005,log2_odds_ratio,pos,n_variants_at_pos,in_matrix,variant_id
gyrB,c.1338T>C,fluoroquinolones,"DNA gyrase B subunit. gyrB mutations can compensate for the supercoiling defects caused by gyrA QRDR (Quinolone Resistance-Determining Region) primary resistance mutations, restoring adequate DNA replication efficiency.",Avalos Vizcaino et al.; Mayer & Fierer 2014,0,29,871,958,0.0,0.029382,0.0,1.6674391987199943e-08,1.530196126209964e-06,0.0,1,-19.93156856932417,6577,0,False,
gyrB,c.1011A>G,fluoroquinolones,"DNA gyrase B subunit. gyrB mutations can compensate for the supercoiling defects caused by gyrA QRDR (Quinolone Resistance-Determining Region) primary resistance mutations, restoring adequate DNA replication efficiency.",Avalos Vizcaino et al.; Mayer & Fierer 2014,0,27,871,960,0.0,0.027356,0.0,3.333060973463229e-08,2.1668871192887145e-06,0.0,1,-19.93156856932417,6250,0,False,
kasA,c.474T>C,isoniazid,Beta-ketoacyl ACP synthase involved in mycolic acid synthesis. Mutations here can partially compensate for inhA-mediated INH resistance by altering the flux through the FAS-II fatty acid synthesis pathway.,Mdluli et al. 1998,0,27,871,960,0.0,0.027356,0.0,3.333060973463229e-08,2.1668871192887145e-06,0.0,1,-19.93156856932417,2518588,0,False,
kasA,c.681C>G,isoniazid,Beta-ketoacyl ACP synthase involved in mycolic acid synthesis. Mutations here can partially compensate for inhA-mediated INH resistance by altering the flux through the FAS-II fatty acid synthesis pathway.,Mdluli et al. 1998,0,26,871,961,0.0,0.026342,0.0,6.381494600269986e-08,2.968993082781743e-06,0.0,1,-19.93156856932417,2518795,0,False,
kasA,c.948T>G,isoniazid,Beta-ketoacyl ACP synthase involved in mycolic acid synthesis. Mutations here can partially compensate for inhA-mediated INH resistance by altering the flux through the FAS-II fatty acid synthesis pathway.,Mdluli et al. 1998,0,26,871,961,0.0,0.026342,0.0,6.381494600269986e-08,2.968993082781743e-06,0.0,1,-19.93156856932417,2519062,0,False,
rpoC,c.3576A>G,rifampicin,"Beta-prime subunit of RNA polymerase. Mutations here compensate for the conformational changes in the RNA polymerase complex caused by rpoB RRDR resistance mutations, restoring transcription efficiency.",Comas et al. 2012 Nat Genet; Muller et al. 2017,0,26,871,961,0.0,0.026342,0.0,6.381494600269986e-08,2.968993082781743e-06,0.0,1,-19.93156856932417,766945,0,False,
rpoC,c.-168A>G,rifampicin,"Beta-prime subunit of RNA polymerase. Mutations here compensate for the conformational changes in the RNA polymerase complex caused by rpoB RRDR resistance mutations, restoring transcription efficiency.",Comas et al. 2012 Nat Genet; Muller et al. 2017,0,25,871,962,0.0,0.025329,0.0,1.221890324167393e-07,4.049208768699166e-06,0.0,1,-19.93156856932417,763202,0,False,
rpoC,c.396T>C,rifampicin,"Beta-prime subunit of RNA polymerase. Mutations here compensate for the conformational changes in the RNA polymerase complex caused by rpoB RRDR resistance mutations, restoring transcription efficiency.",Comas et al. 2012 Nat Genet; Muller et al. 2017,2,33,869,954,0.002296,0.033435,0.0687,1.2041421526788756e-07,4.049208768699166e-06,0.0665341562924992,1,-3.909761030167342,763765,0,False,
rpoA,c.993G>C,rifampicin,Compensates transcriptional fitness cost of rpoB RRDR mutations. Mutations in the alpha subunit of RNA polymerase restore the binding geometry disrupted by rpoB resistance mutations.,Comas et al. 2012 Nat Genet; Gagneux et al.,0,25,871,962,0.0,0.025329,0.0,1.221890324167393e-07,4.049208768699166e-06,0.0,1,-19.93156856932417,3877515,0,False,
mmpL5,p.Ala839Ser,bedaquiline/clofazimine,MmpL5 efflux pump structural component. Gain-of-function mutations that increase pump activity may compensate for BDQ/CFZ fitness costs in highly resistant strains. Borderline primary/compensatory — flag for manual review.,Andries et al.; Hartkoorn et al. 2014,1,29,870,958,0.001148,0.029382,0.0391,1.9638133615880985e-07,6.085271013960004e-06,0.037970669837495,1,-4.7189707401274825,775966,0,False,
rpoC,c.2365T>C,rifampicin,"Beta-prime subunit of RNA polymerase. Mutations here compensate for the conformational changes in the RNA polymerase complex caused by rpoB RRDR resistance mutations, restoring transcription efficiency.",Comas et al. 2012 Nat Genet; Muller et al. 2017,2,32,869,955,0.002296,0.032421,0.0708,2.217938524345325e-07,6.414547053439934e-06,0.0686852704257767,1,-3.863855443891289,765734,0,False,
mmpL5,c.2535C>G,bedaquiline/clofazimine,MmpL5 efflux pump structural component. Gain-of-function mutations that increase pump activity may compensate for BDQ/CFZ fitness costs in highly resistant strains. Borderline primary/compensatory — flag for manual review.,Andries et al.; Hartkoorn et al. 2014,0,24,871,963,0.0,0.024316,0.0,2.339932620011529e-07,6.417332449824722e-06,0.0,1,-19.93156856932417,775946,0,False,
rpoC,c.2625A>T,rifampicin,"Beta-prime subunit of RNA polymerase. Mutations here compensate for the conformational changes in the RNA polymerase complex caused by rpoB RRDR resistance mutations, restoring transcription efficiency.",Comas et al. 2012 Nat Genet; Muller et al. 2017,3,34,868,953,0.003444,0.034448,0.1,3.8553464873694964e-07,9.502387153409398e-06,0.0968758471130387,1,-3.3677191690637205,765994,0,False,
mmpL5,c.2538C>G,bedaquiline/clofazimine,MmpL5 efflux pump structural component. Gain-of-function mutations that increase pump activity may compensate for BDQ/CFZ fitness costs in highly resistant strains. Borderline primary/compensatory — flag for manual review.,Andries et al.; Hartkoorn et al. 2014,0,23,871,964,0.0,0.023303,0.0,4.4819779830787e-07,9.677827572512017e-06,0.0,1,-19.93156856932417,775943,0,False,
mmpL5,p.Val450Ile,bedaquiline/clofazimine,MmpL5 efflux pump structural component. Gain-of-function mutations that increase pump activity may compensate for BDQ/CFZ fitness costs in highly resistant strains. Borderline primary/compensatory — flag for manual review.,Andries et al.; Hartkoorn et al. 2014,0,23,871,964,0.0,0.023303,0.0,4.4819779830787e-07,9.677827572512017e-06,0.0,1,-19.93156856932417,777133,0,False,
ndh,c.1083A>G,isoniazid,"NADH dehydrogenase. Loss-of-function mutations raise the NADH/NAD+ ratio, which can compensate for INH-mediated inhibition of InhA (InhA requires NADH as cofactor). Not a direct resistance mutation but modulates the INH activation and target environment.",Miesel et al. 1998,0,23,871,964,0.0,0.023303,0.0,4.4819779830787e-07,9.677827572512017e-06,0.0,1,-19.93156856932417,2101960,0,False,
rpoC,c.690G>T,rifampicin,"Beta-prime subunit of RNA polymerase. Mutations here compensate for the conformational changes in the RNA polymerase complex caused by rpoB RRDR resistance mutations, restoring transcription efficiency.",Comas et al. 2012 Nat Genet; Muller et al. 2017,0,23,871,964,0.0,0.023303,0.0,4.4819779830787e-07,9.677827572512017e-06,0.0,1,-19.93156856932417,764059,0,False,
rpoA,c.804G>C,rifampicin,Compensates transcriptional fitness cost of rpoB RRDR mutations. Mutations in the alpha subunit of RNA polymerase restore the binding geometry disrupted by rpoB resistance mutations.,Comas et al. 2012 Nat Genet; Gagneux et al.,0,23,871,964,0.0,0.023303,0.0,4.4819779830787e-07,9.677827572512017e-06,0.0,1,-19.93156856932417,3877704,0,False,
rpoC,c.1713G>C,rifampicin,"Beta-prime subunit of RNA polymerase. Mutations here compensate for the conformational changes in the RNA polymerase complex caused by rpoB RRDR resistance mutations, restoring transcription efficiency.",Comas et al. 2012 Nat Genet; Muller et al. 2017,0,23,871,964,0.0,0.023303,0.0,4.4819779830787e-07,9.677827572512017e-06,0.0,1,-19.93156856932417,765082,0,False,
mmpL5,c.1803G>C,bedaquiline/clofazimine,MmpL5 efflux pump structural component. Gain-of-function mutations that increase pump activity may compensate for BDQ/CFZ fitness costs in highly resistant strains. Borderline primary/compensatory — flag for manual review.,Andries et al.; Hartkoorn et al. 2014,0,22,871,965,0.0,0.02229,0.0,8.587540716847694e-07,1.4956111058685106e-05,0.0,1,-19.93156856932417,776678,0,False,
rpoA,c.-115C>G,rifampicin,Compensates transcriptional fitness cost of rpoB RRDR mutations. Mutations in the alpha subunit of RNA polymerase restore the binding geometry disrupted by rpoB resistance mutations.,Comas et al. 2012 Nat Genet; Gagneux et al.,0,22,871,965,0.0,0.02229,0.0,8.587540716847694e-07,1.4956111058685106e-05,0.0,1,-19.93156856932417,3878622,0,False,
mmpL5,p.Glu435Asp,bedaquiline/clofazimine,MmpL5 efflux pump structural component. Gain-of-function mutations that increase pump activity may compensate for BDQ/CFZ fitness costs in highly resistant strains. Borderline primary/compensatory — flag for manual review.,Andries et al.; Hartkoorn et al. 2014,0,22,871,965,0.0,0.02229,0.0,8.587540716847694e-07,1.4956111058685106e-05,0.0,1,-19.93156856932417,777176,0,False,
ahpC,c.453C>G,isoniazid,Alkyl hydroperoxide reductase. Upregulation compensates for the loss of KatG-mediated oxidative defence when katG is inactivated by INH-resistance mutations. Promoter mutations causing ahpC upregulation are the canonical compensatory mechanism for katG LoF.,Sherman et al. 1996; Heym et al. 1997,0,22,871,965,0.0,0.02229,0.0,8.587540716847694e-07,1.4956111058685106e-05,0.0,1,-19.93156856932417,2726645,0,False,
ndh,c.405A>C,isoniazid,"NADH dehydrogenase. Loss-of-function mutations raise the NADH/NAD+ ratio, which can compensate for INH-mediated inhibition of InhA (InhA requires NADH as cofactor). Not a direct resistance mutation but modulates the INH activation and target environment.",Miesel et al. 1998,0,21,871,966,0.0,0.021277,0.0,1.6460457011273087e-06,2.3875167433980296e-05,0.0,1,-19.93156856932417,2102638,0,False,
mmpL5,c.2520C>G,bedaquiline/clofazimine,MmpL5 efflux pump structural component. Gain-of-function mutations that increase pump activity may compensate for BDQ/CFZ fitness costs in highly resistant strains. Borderline primary/compensatory — flag for manual review.,Andries et al.; Hartkoorn et al. 2014,0,21,871,966,0.0,0.021277,0.0,1.6460457011273087e-06,2.3875167433980296e-05,0.0,1,-19.93156856932417,775961,0,False,
ndh,c.81A>C,isoniazid,"NADH dehydrogenase. Loss-of-function mutations raise the NADH/NAD+ ratio, which can compensate for INH-mediated inhibition of InhA (InhA requires NADH as cofactor). Not a direct resistance mutation but modulates the INH activation and target environment.",Miesel et al. 1998,0,21,871,966,0.0,0.021277,0.0,1.6460457011273087e-06,2.3875167433980296e-05,0.0,1,-19.93156856932417,2102962,0,False,
mmpL5,p.Asp575Glu,bedaquiline/clofazimine,MmpL5 efflux pump structural component. Gain-of-function mutations that increase pump activity may compensate for BDQ/CFZ fitness costs in highly resistant strains. Borderline primary/compensatory — flag for manual review.,Andries et al.; Hartkoorn et al. 2014,0,21,871,966,0.0,0.021277,0.0,1.6460457011273087e-06,2.3875167433980296e-05,0.0,1,-19.93156856932417,776756,0,False,
mmpL5,c.1764A>G,bedaquiline/clofazimine,MmpL5 efflux pump structural component. Gain-of-function mutations that increase pump activity may compensate for BDQ/CFZ fitness costs in highly resistant strains. Borderline primary/compensatory — flag for manual review.,Andries et al.; Hartkoorn et al. 2014,1,25,870,962,0.001148,0.025329,0.0453,2.587936208596714e-06,3.383460708883156e-05,0.0442298850574712,1,-4.498834696740773,776717,0,False,
rpoA,c.633T>G,rifampicin,Compensates transcriptional fitness cost of rpoB RRDR mutations. Mutations in the alpha subunit of RNA polymerase restore the binding geometry disrupted by rpoB resistance mutations.,Comas et al. 2012 Nat Genet; Gagneux et al.,1,25,870,962,0.001148,0.025329,0.0453,2.587936208596714e-06,3.383460708883156e-05,0.0442298850574712,1,-4.498834696740773,3877875,0,False,
kasA,c.792A>G,isoniazid,Beta-ketoacyl ACP synthase involved in mycolic acid synthesis. Mutations here can partially compensate for inhA-mediated INH resistance by altering the flux through the FAS-II fatty acid synthesis pathway.,Mdluli et al. 1998,1,25,870,962,0.001148,0.025329,0.0453,2.587936208596714e-06,3.383460708883156e-05,0.0442298850574712,1,-4.498834696740773,2518906,0,False,
rpoC,c.42T>G,rifampicin,"Beta-prime subunit of RNA polymerase. Mutations here compensate for the conformational changes in the RNA polymerase complex caused by rpoB RRDR resistance mutations, restoring transcription efficiency.",Comas et al. 2012 Nat Genet; Muller et al. 2017,2,28,869,959,0.002296,0.028369,0.0809,2.5309575284219237e-06,3.383460708883156e-05,0.0788262370540851,1,-3.665180283853873,763411,0,False,
kasA,c.-126T>C,isoniazid,Beta-ketoacyl ACP synthase involved in mycolic acid synthesis. Mutations here can partially compensate for inhA-mediated INH resistance by altering the flux through the FAS-II fatty acid synthesis pathway.,Mdluli et al. 1998,2,28,869,959,0.002296,0.028369,0.0809,2.5309575284219237e-06,3.383460708883156e-05,0.0788262370540851,1,-3.665180283853873,2517989,0,False,
ndh,c.315T>C,isoniazid,"NADH dehydrogenase. Loss-of-function mutations raise the NADH/NAD+ ratio, which can compensate for INH-mediated inhibition of InhA (InhA requires NADH as cofactor). Not a direct resistance mutation but modulates the INH activation and target environment.",Miesel et al. 1998,0,20,871,967,0.0,0.020263,0.0,3.156706619775904e-06,3.683081660041715e-05,0.0,1,-19.93156856932417,2102728,0,False,
rpoC,c.969G>A,rifampicin,"Beta-prime subunit of RNA polymerase. Mutations here compensate for the conformational changes in the RNA polymerase complex caused by rpoB RRDR resistance mutations, restoring transcription efficiency.",Comas et al. 2012 Nat Genet; Muller et al. 2017,0,20,871,967,0.0,0.020263,0.0,3.156706619775904e-06,3.683081660041715e-05,0.0,1,-19.93156856932417,764338,0,False,
gyrB,c.957C>T,fluoroquinolones,"DNA gyrase B subunit. gyrB mutations can compensate for the supercoiling defects caused by gyrA QRDR (Quinolone Resistance-Determining Region) primary resistance mutations, restoring adequate DNA replication efficiency.",Avalos Vizcaino et al.; Mayer & Fierer 2014,0,20,871,967,0.0,0.020263,0.0,3.156706619775904e-06,3.683081660041715e-05,0.0,1,-19.93156856932417,6196,0,False,
rpoA,c.-242G>T,rifampicin,Compensates transcriptional fitness cost of rpoB RRDR mutations. Mutations in the alpha subunit of RNA polymerase restore the binding geometry disrupted by rpoB resistance mutations.,Comas et al. 2012 Nat Genet; Gagneux et al.,0,20,871,967,0.0,0.020263,0.0,3.156706619775904e-06,3.683081660041715e-05,0.0,1,-19.93156856932417,3878749,0,False,
rpoC,c.2445A>G,rifampicin,"Beta-prime subunit of RNA polymerase. Mutations here compensate for the conformational changes in the RNA polymerase complex caused by rpoB RRDR resistance mutations, restoring transcription efficiency.",Comas et al. 2012 Nat Genet; Muller et al. 2017,0,20,871,967,0.0,0.020263,0.0,3.156706619775904e-06,3.683081660041715e-05,0.0,1,-19.93156856932417,765814,0,False,
mmpL5,c.1827A>C,bedaquiline/clofazimine,MmpL5 efflux pump structural component. Gain-of-function mutations that increase pump activity may compensate for BDQ/CFZ fitness costs in highly resistant strains. Borderline primary/compensatory — flag for manual review.,Andries et al.; Hartkoorn et al. 2014,0,20,871,967,0.0,0.020263,0.0,3.156706619775904e-06,3.683081660041715e-05,0.0,1,-19.93156856932417,776654,0,False,
rpoA,c.-278T>G,rifampicin,Compensates transcriptional fitness cost of rpoB RRDR mutations. Mutations in the alpha subunit of RNA polymerase restore the binding geometry disrupted by rpoB resistance mutations.,Comas et al. 2012 Nat Genet; Gagneux et al.,0,20,871,967,0.0,0.020263,0.0,3.156706619775904e-06,3.683081660041715e-05,0.0,1,-19.93156856932417,3878785,0,False,
rpoC,c.3261G>C,rifampicin,"Beta-prime subunit of RNA polymerase. Mutations here compensate for the conformational changes in the RNA polymerase complex caused by rpoB RRDR resistance mutations, restoring transcription efficiency.",Comas et al. 2012 Nat Genet; Muller et al. 2017,0,20,871,967,0.0,0.020263,0.0,3.156706619775904e-06,3.683081660041715e-05,0.0,1,-19.93156856932417,766630,0,False,
rpoC,c.3915C>T,rifampicin,"Beta-prime subunit of RNA polymerase. Mutations here compensate for the conformational changes in the RNA polymerase complex caused by rpoB RRDR resistance mutations, restoring transcription efficiency.",Comas et al. 2012 Nat Genet; Muller et al. 2017,0,20,871,967,0.0,0.020263,0.0,3.156706619775904e-06,3.683081660041715e-05,0.0,1,-19.93156856932417,767284,0,False,
rpoC,c.3093G>C,rifampicin,"Beta-prime subunit of RNA polymerase. Mutations here compensate for the conformational changes in the RNA polymerase complex caused by rpoB RRDR resistance mutations, restoring transcription efficiency.",Comas et al. 2012 Nat Genet; Muller et al. 2017,0,20,871,967,0.0,0.020263,0.0,3.156706619775904e-06,3.683081660041715e-05,0.0,1,-19.93156856932417,766462,0,False,
rpoC,c.3789T>C,rifampicin,"Beta-prime subunit of RNA polymerase. Mutations here compensate for the conformational changes in the RNA polymerase complex caused by rpoB RRDR resistance mutations, restoring transcription efficiency.",Comas et al. 2012 Nat Genet; Muller et al. 2017,0,20,871,967,0.0,0.020263,0.0,3.156706619775904e-06,3.683081660041715e-05,0.0,1,-19.93156856932417,767158,0,False,
mmpL5,p.Val447Leu,bedaquiline/clofazimine,MmpL5 efflux pump structural component. Gain-of-function mutations that increase pump activity may compensate for BDQ/CFZ fitness costs in highly resistant strains. Borderline primary/compensatory — flag for manual review.,Andries et al.; Hartkoorn et al. 2014,0,20,871,967,0.0,0.020263,0.0,3.156706619775904e-06,3.683081660041715e-05,0.0,1,-19.93156856932417,777142,0,False,
gyrB,c.573C>G,fluoroquinolones,"DNA gyrase B subunit. gyrB mutations can compensate for the supercoiling defects caused by gyrA QRDR (Quinolone Resistance-Determining Region) primary resistance mutations, restoring adequate DNA replication efficiency.",Avalos Vizcaino et al.; Mayer & Fierer 2014,0,20,871,967,0.0,0.020263,0.0,3.156706619775904e-06,3.683081660041715e-05,0.0,1,-19.93156856932417,5812,0,False,
rpoA,c.-614T>G,rifampicin,Compensates transcriptional fitness cost of rpoB RRDR mutations. Mutations in the alpha subunit of RNA polymerase restore the binding geometry disrupted by rpoB resistance mutations.,Comas et al. 2012 Nat Genet; Gagneux et al.,1,24,870,963,0.001148,0.024316,0.0472,4.925337657383974e-06,5.22304695578585e-05,0.0461206896551724,1,-4.438442103613787,3879121,0,False,
mmpL5,c.1728T>C,bedaquiline/clofazimine,MmpL5 efflux pump structural component. Gain-of-function mutations that increase pump activity may compensate for BDQ/CFZ fitness costs in highly resistant strains. Borderline primary/compensatory — flag for manual review.,Andries et al.; Hartkoorn et al. 2014,1,24,870,963,0.001148,0.024316,0.0472,4.925337657383974e-06,5.22304695578585e-05,0.0461206896551724,1,-4.438442103613787,776753,0,False,
mmpL5,c.2361C>T,bedaquiline/clofazimine,MmpL5 efflux pump structural component. Gain-of-function mutations that increase pump activity may compensate for BDQ/CFZ fitness costs in highly resistant strains. Borderline primary/compensatory — flag for manual review.,Andries et al.; Hartkoorn et al. 2014,1,24,870,963,0.001148,0.024316,0.0472,4.925337657383974e-06,5.22304695578585e-05,0.0461206896551724,1,-4.438442103613787,776120,0,False,
ahpC,c.465A>C,isoniazid,Alkyl hydroperoxide reductase. Upregulation compensates for the loss of KatG-mediated oxidative defence when katG is inactivated by INH-resistance mutations. Promoter mutations causing ahpC upregulation are the canonical compensatory mechanism for katG LoF.,Sherman et al. 1996; Heym et al. 1997,1,24,870,963,0.001148,0.024316,0.0472,4.925337657383974e-06,5.22304695578585e-05,0.0461206896551724,1,-4.438442103613787,2726657,0,False,
rpoA,p.Ala277Ser,rifampicin,Compensates transcriptional fitness cost of rpoB RRDR mutations. Mutations in the alpha subunit of RNA polymerase restore the binding geometry disrupted by rpoB resistance mutations.,Comas et al. 2012 Nat Genet; Gagneux et al.,0,19,871,968,0.0,0.01925,0.0,6.057525430229788e-06,5.9847849592249584e-05,0.0,1,-19.93156856932417,3877679,0,False,
kasA,c.315A>C,isoniazid,Beta-ketoacyl ACP synthase involved in mycolic acid synthesis. Mutations here can partially compensate for inhA-mediated INH resistance by altering the flux through the FAS-II fatty acid synthesis pathway.,Mdluli et al. 1998,0,19,871,968,0.0,0.01925,0.0,6.057525430229788e-06,5.9847849592249584e-05,0.0,1,-19.93156856932417,2518429,0,False,
kasA,c.1107G>C,isoniazid,Beta-ketoacyl ACP synthase involved in mycolic acid synthesis. Mutations here can partially compensate for inhA-mediated INH resistance by altering the flux through the FAS-II fatty acid synthesis pathway.,Mdluli et al. 1998,0,19,871,968,0.0,0.01925,0.0,6.057525430229788e-06,5.9847849592249584e-05,0.0,1,-19.93156856932417,2519221,0,False,
mmpL5,c.1323C>G,bedaquiline/clofazimine,MmpL5 efflux pump structural component. Gain-of-function mutations that increase pump activity may compensate for BDQ/CFZ fitness costs in highly resistant strains. Borderline primary/compensatory — flag for manual review.,Andries et al.; Hartkoorn et al. 2014,0,19,871,968,0.0,0.01925,0.0,6.057525430229788e-06,5.9847849592249584e-05,0.0,1,-19.93156856932417,777158,0,False,
kasA,c.-165C>G,isoniazid,Beta-ketoacyl ACP synthase involved in mycolic acid synthesis. Mutations here can partially compensate for inhA-mediated INH resistance by altering the flux through the FAS-II fatty acid synthesis pathway.,Mdluli et al. 1998,0,19,871,968,0.0,0.01925,0.0,6.057525430229788e-06,5.9847849592249584e-05,0.0,1,-19.93156856932417,2517950,0,False,
rpoA,c.336G>C,rifampicin,Compensates transcriptional fitness cost of rpoB RRDR mutations. Mutations in the alpha subunit of RNA polymerase restore the binding geometry disrupted by rpoB resistance mutations.,Comas et al. 2012 Nat Genet; Gagneux et al.,0,19,871,968,0.0,0.01925,0.0,6.057525430229788e-06,5.9847849592249584e-05,0.0,1,-19.93156856932417,3878172,0,False,
rpoC,c.3906T>C,rifampicin,"Beta-prime subunit of RNA polymerase. Mutations here compensate for the conformational changes in the RNA polymerase complex caused by rpoB RRDR resistance mutations, restoring transcription efficiency.",Comas et al. 2012 Nat Genet; Muller et al. 2017,0,19,871,968,0.0,0.01925,0.0,6.057525430229788e-06,5.9847849592249584e-05,0.0,1,-19.93156856932417,767275,0,False,
rpoA,c.-176G>C,rifampicin,Compensates transcriptional fitness cost of rpoB RRDR mutations. Mutations in the alpha subunit of RNA polymerase restore the binding geometry disrupted by rpoB resistance mutations.,Comas et al. 2012 Nat Genet; Gagneux et al.,0,19,871,968,0.0,0.01925,0.0,6.057525430229788e-06,5.9847849592249584e-05,0.0,1,-19.93156856932417,3878683,0,False,
kasA,c.345T>C,isoniazid,Beta-ketoacyl ACP synthase involved in mycolic acid synthesis. Mutations here can partially compensate for inhA-mediated INH resistance by altering the flux through the FAS-II fatty acid synthesis pathway.,Mdluli et al. 1998,0,19,871,968,0.0,0.01925,0.0,6.057525430229788e-06,5.9847849592249584e-05,0.0,1,-19.93156856932417,2518459,0,False,
kasA,c.675G>C,isoniazid,Beta-ketoacyl ACP synthase involved in mycolic acid synthesis. Mutations here can partially compensate for inhA-mediated INH resistance by altering the flux through the FAS-II fatty acid synthesis pathway.,Mdluli et al. 1998,0,19,871,968,0.0,0.01925,0.0,6.057525430229788e-06,5.9847849592249584e-05,0.0,1,-19.93156856932417,2518789,0,False,
kasA,c.678C>A,isoniazid,Beta-ketoacyl ACP synthase involved in mycolic acid synthesis. Mutations here can partially compensate for inhA-mediated INH resistance by altering the flux through the FAS-II fatty acid synthesis pathway.,Mdluli et al. 1998,0,19,871,968,0.0,0.01925,0.0,6.057525430229788e-06,5.9847849592249584e-05,0.0,1,-19.93156856932417,2518792,0,False,
mmpL5,c.1488A>G,bedaquiline/clofazimine,MmpL5 efflux pump structural component. Gain-of-function mutations that increase pump activity may compensate for BDQ/CFZ fitness costs in highly resistant strains. Borderline primary/compensatory — flag for manual review.,Andries et al.; Hartkoorn et al. 2014,0,19,871,968,0.0,0.01925,0.0,6.057525430229788e-06,5.9847849592249584e-05,0.0,1,-19.93156856932417,776993,0,False,
rpoA,c.-431T>C,rifampicin,Compensates transcriptional fitness cost of rpoB RRDR mutations. Mutations in the alpha subunit of RNA polymerase restore the binding geometry disrupted by rpoB resistance mutations.,Comas et al. 2012 Nat Genet; Gagneux et al.,0,19,871,968,0.0,0.01925,0.0,6.057525430229788e-06,5.9847849592249584e-05,0.0,1,-19.93156856932417,3878938,0,False,
mmpL5,c.1317C>G,bedaquiline/clofazimine,MmpL5 efflux pump structural component. Gain-of-function mutations that increase pump activity may compensate for BDQ/CFZ fitness costs in highly resistant strains. Borderline primary/compensatory — flag for manual review.,Andries et al.; Hartkoorn et al. 2014,0,19,871,968,0.0,0.01925,0.0,6.057525430229788e-06,5.9847849592249584e-05,0.0,1,-19.93156856932417,777164,0,False,
rpoC,c.591T>C,rifampicin,"Beta-prime subunit of RNA polymerase. Mutations here compensate for the conformational changes in the RNA polymerase complex caused by rpoB RRDR resistance mutations, restoring transcription efficiency.",Comas et al. 2012 Nat Genet; Muller et al. 2017,0,19,871,968,0.0,0.01925,0.0,6.057525430229788e-06,5.9847849592249584e-05,0.0,1,-19.93156856932417,763960,0,False,
ndh,c.372T>G,isoniazid,"NADH dehydrogenase. Loss-of-function mutations raise the NADH/NAD+ ratio, which can compensate for INH-mediated inhibition of InhA (InhA requires NADH as cofactor). Not a direct resistance mutation but modulates the INH activation and target environment.",Miesel et al. 1998,0,19,871,968,0.0,0.01925,0.0,6.057525430229788e-06,5.9847849592249584e-05,0.0,1,-19.93156856932417,2102671,0,False,
rpoC,c.3024C>G,rifampicin,"Beta-prime subunit of RNA polymerase. Mutations here compensate for the conformational changes in the RNA polymerase complex caused by rpoB RRDR resistance mutations, restoring transcription efficiency.",Comas et al. 2012 Nat Genet; Muller et al. 2017,0,19,871,968,0.0,0.01925,0.0,6.057525430229788e-06,5.9847849592249584e-05,0.0,1,-19.93156856932417,766393,0,False,
ndh,c.1278C>G,isoniazid,"NADH dehydrogenase. Loss-of-function mutations raise the NADH/NAD+ ratio, which can compensate for INH-mediated inhibition of InhA (InhA requires NADH as cofactor). Not a direct resistance mutation but modulates the INH activation and target environment.",Miesel et al. 1998,0,19,871,968,0.0,0.01925,0.0,6.057525430229788e-06,5.9847849592249584e-05,0.0,1,-19.93156856932417,2101765,0,False,
rpoC,c.2418C>T,rifampicin,"Beta-prime subunit of RNA polymerase. Mutations here compensate for the conformational changes in the RNA polymerase complex caused by rpoB RRDR resistance mutations, restoring transcription efficiency.",Comas et al. 2012 Nat Genet; Muller et al. 2017,0,19,871,968,0.0,0.01925,0.0,6.057525430229788e-06,5.9847849592249584e-05,0.0,1,-19.93156856932417,765787,0,False,
rpoC,c.1503A>G,rifampicin,"Beta-prime subunit of RNA polymerase. Mutations here compensate for the conformational changes in the RNA polymerase complex caused by rpoB RRDR resistance mutations, restoring transcription efficiency.",Comas et al. 2012 Nat Genet; Muller et al. 2017,0,19,871,968,0.0,0.01925,0.0,6.057525430229788e-06,5.9847849592249584e-05,0.0,1,-19.93156856932417,764872,0,False,
rpoC,c.3276A>G,rifampicin,"Beta-prime subunit of RNA polymerase. Mutations here compensate for the conformational changes in the RNA polymerase complex caused by rpoB RRDR resistance mutations, restoring transcription efficiency.",Comas et al. 2012 Nat Genet; Muller et al. 2017,0,19,871,968,0.0,0.01925,0.0,6.057525430229788e-06,5.9847849592249584e-05,0.0,1,-19.93156856932417,766645,0,False,
mmpL5,c.841C>T,bedaquiline/clofazimine,MmpL5 efflux pump structural component. Gain-of-function mutations that increase pump activity may compensate for BDQ/CFZ fitness costs in highly resistant strains. Borderline primary/compensatory — flag for manual review.,Andries et al.; Hartkoorn et al. 2014,0,19,871,968,0.0,0.01925,0.0,6.057525430229788e-06,5.9847849592249584e-05,0.0,1,-19.93156856932417,777640,0,False,
ndh,c.1149T>C,isoniazid,"NADH dehydrogenase. Loss-of-function mutations raise the NADH/NAD+ ratio, which can compensate for INH-mediated inhibition of InhA (InhA requires NADH as cofactor). Not a direct resistance mutation but modulates the INH activation and target environment.",Miesel et al. 1998,0,19,871,968,0.0,0.01925,0.0,6.057525430229788e-06,5.9847849592249584e-05,0.0,1,-19.93156856932417,2101894,0,False,
rpoC,c.3564A>G,rifampicin,"Beta-prime subunit of RNA polymerase. Mutations here compensate for the conformational changes in the RNA polymerase complex caused by rpoB RRDR resistance mutations, restoring transcription efficiency.",Comas et al. 2012 Nat Genet; Muller et al. 2017,2,26,869,961,0.002296,0.026342,0.0872,8.490933624405117e-06,8.087571907317609e-05,0.0850668319022749,1,-3.555259464181742,766933,0,False,
rpoC,c.3114G>C,rifampicin,"Beta-prime subunit of RNA polymerase. Mutations here compensate for the conformational changes in the RNA polymerase complex caused by rpoB RRDR resistance mutations, restoring transcription efficiency.",Comas et al. 2012 Nat Genet; Muller et al. 2017,2,26,869,961,0.002296,0.026342,0.0872,8.490933624405117e-06,8.087571907317609e-05,0.0850668319022749,1,-3.555259464181742,766483,0,False,
ahpC,c.186T>G,isoniazid,Alkyl hydroperoxide reductase. Upregulation compensates for the loss of KatG-mediated oxidative defence when katG is inactivated by INH-resistance mutations. Promoter mutations causing ahpC upregulation are the canonical compensatory mechanism for katG LoF.,Sherman et al. 1996; Heym et al. 1997,1,23,870,964,0.001148,0.023303,0.0493,9.365633110517814e-06,8.57827278376027e-05,0.048175912043978,1,-4.375544210563142,2726378,0,False,
kasA,c.591T>C,isoniazid,Beta-ketoacyl ACP synthase involved in mycolic acid synthesis. Mutations here can partially compensate for inhA-mediated INH resistance by altering the flux through the FAS-II fatty acid synthesis pathway.,Mdluli et al. 1998,0,18,871,969,0.0,0.018237,0.0,1.1632651366829169e-05,9.983995022033956e-05,0.0,1,-19.93156856932417,2518705,0,False,
ahpC,c.354C>G,isoniazid,Alkyl hydroperoxide reductase. Upregulation compensates for the loss of KatG-mediated oxidative defence when katG is inactivated by INH-resistance mutations. Promoter mutations causing ahpC upregulation are the canonical compensatory mechanism for katG LoF.,Sherman et al. 1996; Heym et al. 1997,0,18,871,969,0.0,0.018237,0.0,1.1632651366829169e-05,9.983995022033956e-05,0.0,1,-19.93156856932417,2726546,0,False,
mmpL5,c.183G>A,bedaquiline/clofazimine,MmpL5 efflux pump structural component. Gain-of-function mutations that increase pump activity may compensate for BDQ/CFZ fitness costs in highly resistant strains. Borderline primary/compensatory — flag for manual review.,Andries et al.; Hartkoorn et al. 2014,0,18,871,969,0.0,0.018237,0.0,1.1632651366829169e-05,9.983995022033956e-05,0.0,1,-19.93156856932417,778298,0,False,
mmpL5,c.1365C>T,bedaquiline/clofazimine,MmpL5 efflux pump structural component. Gain-of-function mutations that increase pump activity may compensate for BDQ/CFZ fitness costs in highly resistant strains. Borderline primary/compensatory — flag for manual review.,Andries et al.; Hartkoorn et al. 2014,0,18,871,969,0.0,0.018237,0.0,1.1632651366829169e-05,9.983995022033956e-05,0.0,1,-19.93156856932417,777116,0,False,
rpoC,c.1875T>C,rifampicin,"Beta-prime subunit of RNA polymerase. Mutations here compensate for the conformational changes in the RNA polymerase complex caused by rpoB RRDR resistance mutations, restoring transcription efficiency.",Comas et al. 2012 Nat Genet; Muller et al. 2017,0,18,871,969,0.0,0.018237,0.0,1.1632651366829169e-05,9.983995022033956e-05,0.0,1,-19.93156856932417,765244,0,False,
rpoC,c.1434C>T,rifampicin,"Beta-prime subunit of RNA polymerase. Mutations here compensate for the conformational changes in the RNA polymerase complex caused by rpoB RRDR resistance mutations, restoring transcription efficiency.",Comas et al. 2012 Nat Genet; Muller et al. 2017,0,18,871,969,0.0,0.018237,0.0,1.1632651366829169e-05,9.983995022033956e-05,0.0,1,-19.93156856932417,764803,0,False,
rpoC,c.3162G>C,rifampicin,"Beta-prime subunit of RNA polymerase. Mutations here compensate for the conformational changes in the RNA polymerase complex caused by rpoB RRDR resistance mutations, restoring transcription efficiency.",Comas et al. 2012 Nat Genet; Muller et al. 2017,0,18,871,969,0.0,0.018237,0.0,1.1632651366829169e-05,9.983995022033956e-05,0.0,1,-19.93156856932417,766531,0,False,
rpoA,c.144A>T,rifampicin,Compensates transcriptional fitness cost of rpoB RRDR mutations. Mutations in the alpha subunit of RNA polymerase restore the binding geometry disrupted by rpoB resistance mutations.,Comas et al. 2012 Nat Genet; Gagneux et al.,0,18,871,969,0.0,0.018237,0.0,1.1632651366829169e-05,9.983995022033956e-05,0.0,1,-19.93156856932417,3878364,0,False,
kasA,c.588C>T,isoniazid,Beta-ketoacyl ACP synthase involved in mycolic acid synthesis. Mutations here can partially compensate for inhA-mediated INH resistance by altering the flux through the FAS-II fatty acid synthesis pathway.,Mdluli et al. 1998,0,18,871,969,0.0,0.018237,0.0,1.1632651366829169e-05,9.983995022033956e-05,0.0,1,-19.93156856932417,2518702,0,False,
rpoA,c.585C>T,rifampicin,Compensates transcriptional fitness cost of rpoB RRDR mutations. Mutations in the alpha subunit of RNA polymerase restore the binding geometry disrupted by rpoB resistance mutations.,Comas et al. 2012 Nat Genet; Gagneux et al.,0,18,871,969,0.0,0.018237,0.0,1.1632651366829169e-05,9.983995022033956e-05,0.0,1,-19.93156856932417,3877923,0,False,
ahpC,p.Thr105Lys,isoniazid,Alkyl hydroperoxide reductase. Upregulation compensates for the loss of KatG-mediated oxidative defence when katG is inactivated by INH-resistance mutations. Promoter mutations causing ahpC upregulation are the canonical compensatory mechanism for katG LoF.,Sherman et al. 1996; Heym et al. 1997,0,18,871,969,0.0,0.018237,0.0,1.1632651366829169e-05,9.983995022033956e-05,0.0,1,-19.93156856932417,2726506,0,False,
kasA,c.1125A>C,isoniazid,Beta-ketoacyl ACP synthase involved in mycolic acid synthesis. Mutations here can partially compensate for inhA-mediated INH resistance by altering the flux through the FAS-II fatty acid synthesis pathway.,Mdluli et al. 1998,0,18,871,969,0.0,0.018237,0.0,1.1632651366829169e-05,9.983995022033956e-05,0.0,1,-19.93156856932417,2519239,0,False,
kasA,c.1185C>T,isoniazid,Beta-ketoacyl ACP synthase involved in mycolic acid synthesis. Mutations here can partially compensate for inhA-mediated INH resistance by altering the flux through the FAS-II fatty acid synthesis pathway.,Mdluli et al. 1998,0,18,871,969,0.0,0.018237,0.0,1.1632651366829169e-05,9.983995022033956e-05,0.0,1,-19.93156856932417,2519299,0,False,
ndh,p.Asp433Glu,isoniazid,"NADH dehydrogenase. Loss-of-function mutations raise the NADH/NAD+ ratio, which can compensate for INH-mediated inhibition of InhA (InhA requires NADH as cofactor). Not a direct resistance mutation but modulates the INH activation and target environment.",Miesel et al. 1998,0,18,871,969,0.0,0.018237,0.0,1.1632651366829169e-05,9.983995022033956e-05,0.0,1,-19.93156856932417,2101744,0,False,
ahpC,c.348C>G,isoniazid,Alkyl hydroperoxide reductase. Upregulation compensates for the loss of KatG-mediated oxidative defence when katG is inactivated by INH-resistance mutations. Promoter mutations causing ahpC upregulation are the canonical compensatory mechanism for katG LoF.,Sherman et al. 1996; Heym et al. 1997,0,18,871,969,0.0,0.018237,0.0,1.1632651366829169e-05,9.983995022033956e-05,0.0,1,-19.93156856932417,2726540,0,False,
rpoA,c.-410G>A,rifampicin,Compensates transcriptional fitness cost of rpoB RRDR mutations. Mutations in the alpha subunit of RNA polymerase restore the binding geometry disrupted by rpoB resistance mutations.,Comas et al. 2012 Nat Genet; Gagneux et al.,0,18,871,969,0.0,0.018237,0.0,1.1632651366829169e-05,9.983995022033956e-05,0.0,1,-19.93156856932417,3878917,0,False,
ndh,c.141C>G,isoniazid,"NADH dehydrogenase. Loss-of-function mutations raise the NADH/NAD+ ratio, which can compensate for INH-mediated inhibition of InhA (InhA requires NADH as cofactor). Not a direct resistance mutation but modulates the INH activation and target environment.",Miesel et al. 1998,0,18,871,969,0.0,0.018237,0.0,1.1632651366829169e-05,9.983995022033956e-05,0.0,1,-19.93156856932417,2102902,0,False,
mmpL5,p.Val809Leu,bedaquiline/clofazimine,MmpL5 efflux pump structural component. Gain-of-function mutations that increase pump activity may compensate for BDQ/CFZ fitness costs in highly resistant strains. Borderline primary/compensatory — flag for manual review.,Andries et al.; Hartkoorn et al. 2014,0,18,871,969,0.0,0.018237,0.0,1.1632651366829169e-05,9.983995022033956e-05,0.0,1,-19.93156856932417,776056,0,False,
ndh,c.96G>A,isoniazid,"NADH dehydrogenase. Loss-of-function mutations raise the NADH/NAD+ ratio, which can compensate for INH-mediated inhibition of InhA (InhA requires NADH as cofactor). Not a direct resistance mutation but modulates the INH activation and target environment.",Miesel et al. 1998,0,18,871,969,0.0,0.018237,0.0,1.1632651366829169e-05,9.983995022033956e-05,0.0,1,-19.93156856932417,2102947,0,False,
rpoA,c.117T>C,rifampicin,Compensates transcriptional fitness cost of rpoB RRDR mutations. Mutations in the alpha subunit of RNA polymerase restore the binding geometry disrupted by rpoB resistance mutations.,Comas et al. 2012 Nat Genet; Gagneux et al.,0,18,871,969,0.0,0.018237,0.0,1.1632651366829169e-05,9.983995022033956e-05,0.0,1,-19.93156856932417,3878391,0,False,
rpoA,c.339G>C,rifampicin,Compensates transcriptional fitness cost of rpoB RRDR mutations. Mutations in the alpha subunit of RNA polymerase restore the binding geometry disrupted by rpoB resistance mutations.,Comas et al. 2012 Nat Genet; Gagneux et al.,0,18,871,969,0.0,0.018237,0.0,1.1632651366829169e-05,9.983995022033956e-05,0.0,1,-19.93156856932417,3878169,0,False,
ndh,c.123G>A,isoniazid,"NADH dehydrogenase. Loss-of-function mutations raise the NADH/NAD+ ratio, which can compensate for INH-mediated inhibition of InhA (InhA requires NADH as cofactor). Not a direct resistance mutation but modulates the INH activation and target environment.",Miesel et al. 1998,0,18,871,969,0.0,0.018237,0.0,1.1632651366829169e-05,9.983995022033956e-05,0.0,1,-19.93156856932417,2102920,0,False,
rpoC,c.1839T>C,rifampicin,"Beta-prime subunit of RNA polymerase. Mutations here compensate for the conformational changes in the RNA polymerase complex caused by rpoB RRDR resistance mutations, restoring transcription efficiency.",Comas et al. 2012 Nat Genet; Muller et al. 2017,0,18,871,969,0.0,0.018237,0.0,1.1632651366829169e-05,9.983995022033956e-05,0.0,1,-19.93156856932417,765208,0,False,
rpoA,c.309T>C,rifampicin,Compensates transcriptional fitness cost of rpoB RRDR mutations. Mutations in the alpha subunit of RNA polymerase restore the binding geometry disrupted by rpoB resistance mutations.,Comas et al. 2012 Nat Genet; Gagneux et al.,0,18,871,969,0.0,0.018237,0.0,1.1632651366829169e-05,9.983995022033956e-05,0.0,1,-19.93156856932417,3878199,0,False,
rpoC,c.234C>T,rifampicin,"Beta-prime subunit of RNA polymerase. Mutations here compensate for the conformational changes in the RNA polymerase complex caused by rpoB RRDR resistance mutations, restoring transcription efficiency.",Comas et al. 2012 Nat Genet; Muller et al. 2017,0,18,871,969,0.0,0.018237,0.0,1.1632651366829169e-05,9.983995022033956e-05,0.0,1,-19.93156856932417,763603,0,False,
kasA,c.1053T>G,isoniazid,Beta-ketoacyl ACP synthase involved in mycolic acid synthesis. Mutations here can partially compensate for inhA-mediated INH resistance by altering the flux through the FAS-II fatty acid synthesis pathway.,Mdluli et al. 1998,0,18,871,969,0.0,0.018237,0.0,1.1632651366829169e-05,9.983995022033956e-05,0.0,1,-19.93156856932417,2519167,0,False,
ndh,c.357G>C,isoniazid,"NADH dehydrogenase. Loss-of-function mutations raise the NADH/NAD+ ratio, which can compensate for INH-mediated inhibition of InhA (InhA requires NADH as cofactor). Not a direct resistance mutation but modulates the INH activation and target environment.",Miesel et al. 1998,2,25,869,962,0.002296,0.025329,0.0907,1.5515629103376702e-05,0.0001303531374671,0.0885615650172612,1,-3.497175472819083,2102686,0,False,
kasA,c.1008G>C,isoniazid,Beta-ketoacyl ACP synthase involved in mycolic acid synthesis. Mutations here can partially compensate for inhA-mediated INH resistance by altering the flux through the FAS-II fatty acid synthesis pathway.,Mdluli et al. 1998,0,17,871,970,0.0,0.017224,0.0,2.235850396297177e-05,0.000174337877306,0.0,1,-19.93156856932417,2519122,0,False,
mmpL5,c.1263G>A,bedaquiline/clofazimine,MmpL5 efflux pump structural component. Gain-of-function mutations that increase pump activity may compensate for BDQ/CFZ fitness costs in highly resistant strains. Borderline primary/compensatory — flag for manual review.,Andries et al.; Hartkoorn et al. 2014,0,17,871,970,0.0,0.017224,0.0,2.235850396297177e-05,0.000174337877306,0.0,1,-19.93156856932417,777218,0,False,
rpoA,c.-479G>C,rifampicin,Compensates transcriptional fitness cost of rpoB RRDR mutations. Mutations in the alpha subunit of RNA polymerase restore the binding geometry disrupted by rpoB resistance mutations.,Comas et al. 2012 Nat Genet; Gagneux et al.,0,17,871,970,0.0,0.017224,0.0,2.235850396297177e-05,0.000174337877306,0.0,1,-19.93156856932417,3878986,0,False,
mmpL5,c.1380C>G,bedaquiline/clofazimine,MmpL5 efflux pump structural component. Gain-of-function mutations that increase pump activity may compensate for BDQ/CFZ fitness costs in highly resistant strains. Borderline primary/compensatory — flag for manual review.,Andries et al.; Hartkoorn et al. 2014,0,17,871,970,0.0,0.017224,0.0,2.235850396297177e-05,0.000174337877306,0.0,1,-19.93156856932417,777101,0,False,
gyrB,p.Leu595Gln,fluoroquinolones,"DNA gyrase B subunit. gyrB mutations can compensate for the supercoiling defects caused by gyrA QRDR (Quinolone Resistance-Determining Region) primary resistance mutations, restoring adequate DNA replication efficiency.",Avalos Vizcaino et al.; Mayer & Fierer 2014,0,17,871,970,0.0,0.017224,0.0,2.235850396297177e-05,0.000174337877306,0.0,1,-19.93156856932417,7023,0,False,
mmpL5,c.852C>A,bedaquiline/clofazimine,MmpL5 efflux pump structural component. Gain-of-function mutations that increase pump activity may compensate for BDQ/CFZ fitness costs in highly resistant strains. Borderline primary/compensatory — flag for manual review.,Andries et al.; Hartkoorn et al. 2014,0,17,871,970,0.0,0.017224,0.0,2.235850396297177e-05,0.000174337877306,0.0,1,-19.93156856932417,777629,0,False,
mmpL5,c.1290C>G,bedaquiline/clofazimine,MmpL5 efflux pump structural component. Gain-of-function mutations that increase pump activity may compensate for BDQ/CFZ fitness costs in highly resistant strains. Borderline primary/compensatory — flag for manual review.,Andries et al.; Hartkoorn et al. 2014,0,17,871,970,0.0,0.017224,0.0,2.235850396297177e-05,0.000174337877306,0.0,1,-19.93156856932417,777191,0,False,
rpoC,p.Glu141Asp,rifampicin,"Beta-prime subunit of RNA polymerase. Mutations here compensate for the conformational changes in the RNA polymerase complex caused by rpoB RRDR resistance mutations, restoring transcription efficiency.",Comas et al. 2012 Nat Genet; Muller et al. 2017,0,17,871,970,0.0,0.017224,0.0,2.235850396297177e-05,0.000174337877306,0.0,1,-19.93156856932417,763792,0,False,
ndh,c.1104A>G,isoniazid,"NADH dehydrogenase. Loss-of-function mutations raise the NADH/NAD+ ratio, which can compensate for INH-mediated inhibition of InhA (InhA requires NADH as cofactor). Not a direct resistance mutation but modulates the INH activation and target environment.",Miesel et al. 1998,0,17,871,970,0.0,0.017224,0.0,2.235850396297177e-05,0.000174337877306,0.0,1,-19.93156856932417,2101939,0,False,
rpoA,c.915C>T,rifampicin,Compensates transcriptional fitness cost of rpoB RRDR mutations. Mutations in the alpha subunit of RNA polymerase restore the binding geometry disrupted by rpoB resistance mutations.,Comas et al. 2012 Nat Genet; Gagneux et al.,0,17,871,970,0.0,0.017224,0.0,2.235850396297177e-05,0.000174337877306,0.0,1,-19.93156856932417,3877593,0,False,
mmpL5,c.2445G>C,bedaquiline/clofazimine,MmpL5 efflux pump structural component. Gain-of-function mutations that increase pump activity may compensate for BDQ/CFZ fitness costs in highly resistant strains. Borderline primary/compensatory — flag for manual review.,Andries et al.; Hartkoorn et al. 2014,0,17,871,970,0.0,0.017224,0.0,2.235850396297177e-05,0.000174337877306,0.0,1,-19.93156856932417,776036,0,False,
mmpL5,c.1371T>G,bedaquiline/clofazimine,MmpL5 efflux pump structural component. Gain-of-function mutations that increase pump activity may compensate for BDQ/CFZ fitness costs in highly resistant strains. Borderline primary/compensatory — flag for manual review.,Andries et al.; Hartkoorn et al. 2014,0,17,871,970,0.0,0.017224,0.0,2.235850396297177e-05,0.000174337877306,0.0,1,-19.93156856932417,777110,0,False,
rpoA,c.-206G>A,rifampicin,Compensates transcriptional fitness cost of rpoB RRDR mutations. Mutations in the alpha subunit of RNA polymerase restore the binding geometry disrupted by rpoB resistance mutations.,Comas et al. 2012 Nat Genet; Gagneux et al.,0,17,871,970,0.0,0.017224,0.0,2.235850396297177e-05,0.000174337877306,0.0,1,-19.93156856932417,3878713,0,False,
ndh,p.Ile391Phe,isoniazid,"NADH dehydrogenase. Loss-of-function mutations raise the NADH/NAD+ ratio, which can compensate for INH-mediated inhibition of InhA (InhA requires NADH as cofactor). Not a direct resistance mutation but modulates the INH activation and target environment.",Miesel et al. 1998,0,17,871,970,0.0,0.017224,0.0,2.235850396297177e-05,0.000174337877306,0.0,1,-19.93156856932417,2101872,0,False,
kasA,p.Glu49Asp,isoniazid,Beta-ketoacyl ACP synthase involved in mycolic acid synthesis. Mutations here can partially compensate for inhA-mediated INH resistance by altering the flux through the FAS-II fatty acid synthesis pathway.,Mdluli et al. 1998,0,17,871,970,0.0,0.017224,0.0,2.235850396297177e-05,0.000174337877306,0.0,1,-19.93156856932417,2518261,0,False,
kasA,c.1230G>A,isoniazid,Beta-ketoacyl ACP synthase involved in mycolic acid synthesis. Mutations here can partially compensate for inhA-mediated INH resistance by altering the flux through the FAS-II fatty acid synthesis pathway.,Mdluli et al. 1998,0,17,871,970,0.0,0.017224,0.0,2.235850396297177e-05,0.000174337877306,0.0,1,-19.93156856932417,2519344,0,False,
kasA,c.876T>G,isoniazid,Beta-ketoacyl ACP synthase involved in mycolic acid synthesis. Mutations here can partially compensate for inhA-mediated INH resistance by altering the flux through the FAS-II fatty acid synthesis pathway.,Mdluli et al. 1998,0,17,871,970,0.0,0.017224,0.0,2.235850396297177e-05,0.000174337877306,0.0,1,-19.93156856932417,2518990,0,False,
mmpL5,c.655T>C,bedaquiline/clofazimine,MmpL5 efflux pump structural component. Gain-of-function mutations that increase pump activity may compensate for BDQ/CFZ fitness costs in highly resistant strains. Borderline primary/compensatory — flag for manual review.,Andries et al.; Hartkoorn et al. 2014,0,17,871,970,0.0,0.017224,0.0,2.235850396297177e-05,0.000174337877306,0.0,1,-19.93156856932417,777826,0,False,
rpoC,c.2190G>C,rifampicin,"Beta-prime subunit of RNA polymerase. Mutations here compensate for the conformational changes in the RNA polymerase complex caused by rpoB RRDR resistance mutations, restoring transcription efficiency.",Comas et al. 2012 Nat Genet; Muller et al. 2017,0,17,871,970,0.0,0.017224,0.0,2.235850396297177e-05,0.000174337877306,0.0,1,-19.93156856932417,765559,0,False,
gyrB,c.588G>A,fluoroquinolones,"DNA gyrase B subunit. gyrB mutations can compensate for the supercoiling defects caused by gyrA QRDR (Quinolone Resistance-Determining Region) primary resistance mutations, restoring adequate DNA replication efficiency.",Avalos Vizcaino et al.; Mayer & Fierer 2014,0,17,871,970,0.0,0.017224,0.0,2.235850396297177e-05,0.000174337877306,0.0,1,-19.93156856932417,5827,0,False,
kasA,c.453G>C,isoniazid,Beta-ketoacyl ACP synthase involved in mycolic acid synthesis. Mutations here can partially compensate for inhA-mediated INH resistance by altering the flux through the FAS-II fatty acid synthesis pathway.,Mdluli et al. 1998,0,17,871,970,0.0,0.017224,0.0,2.235850396297177e-05,0.000174337877306,0.0,1,-19.93156856932417,2518567,0,False,
rpoC,c.1923G>T,rifampicin,"Beta-prime subunit of RNA polymerase. Mutations here compensate for the conformational changes in the RNA polymerase complex caused by rpoB RRDR resistance mutations, restoring transcription efficiency.",Comas et al. 2012 Nat Genet; Muller et al. 2017,0,17,871,970,0.0,0.017224,0.0,2.235850396297177e-05,0.000174337877306,0.0,1,-19.93156856932417,765292,0,False,
rpoA,c.120C>G,rifampicin,Compensates transcriptional fitness cost of rpoB RRDR mutations. Mutations in the alpha subunit of RNA polymerase restore the binding geometry disrupted by rpoB resistance mutations.,Comas et al. 2012 Nat Genet; Gagneux et al.,0,17,871,970,0.0,0.017224,0.0,2.235850396297177e-05,0.000174337877306,0.0,1,-19.93156856932417,3878388,0,False,
kasA,c.630C>T,isoniazid,Beta-ketoacyl ACP synthase involved in mycolic acid synthesis. Mutations here can partially compensate for inhA-mediated INH resistance by altering the flux through the FAS-II fatty acid synthesis pathway.,Mdluli et al. 1998,0,17,871,970,0.0,0.017224,0.0,2.235850396297177e-05,0.000174337877306,0.0,1,-19.93156856932417,2518744,0,False,
rpoC,c.-180C>T,rifampicin,"Beta-prime subunit of RNA polymerase. Mutations here compensate for the conformational changes in the RNA polymerase complex caused by rpoB RRDR resistance mutations, restoring transcription efficiency.",Comas et al. 2012 Nat Genet; Muller et al. 2017,0,17,871,970,0.0,0.017224,0.0,2.235850396297177e-05,0.000174337877306,0.0,1,-19.93156856932417,763190,0,False,
gyrB,c.396C>G,fluoroquinolones,"DNA gyrase B subunit. gyrB mutations can compensate for the supercoiling defects caused by gyrA QRDR (Quinolone Resistance-Determining Region) primary resistance mutations, restoring adequate DNA replication efficiency.",Avalos Vizcaino et al.; Mayer & Fierer 2014,0,17,871,970,0.0,0.017224,0.0,2.235850396297177e-05,0.000174337877306,0.0,1,-19.93156856932417,5635,0,False,
gyrB,c.552A>G,fluoroquinolones,"DNA gyrase B subunit. gyrB mutations can compensate for the supercoiling defects caused by gyrA QRDR (Quinolone Resistance-Determining Region) primary resistance mutations, restoring adequate DNA replication efficiency.",Avalos Vizcaino et al.; Mayer & Fierer 2014,0,17,871,970,0.0,0.017224,0.0,2.235850396297177e-05,0.000174337877306,0.0,1,-19.93156856932417,5791,0,False,
rpoC,c.3225G>C,rifampicin,"Beta-prime subunit of RNA polymerase. Mutations here compensate for the conformational changes in the RNA polymerase complex caused by rpoB RRDR resistance mutations, restoring transcription efficiency.",Comas et al. 2012 Nat Genet; Muller et al. 2017,2,24,869,963,0.002296,0.024316,0.0944,2.829821593626717e-05,0.0002167561580222,0.0923475258918297,1,-3.436782879692097,766594,0,False,
ahpC,c.501C>G,isoniazid,Alkyl hydroperoxide reductase. Upregulation compensates for the loss of KatG-mediated oxidative defence when katG is inactivated by INH-resistance mutations. Promoter mutations causing ahpC upregulation are the canonical compensatory mechanism for katG LoF.,Sherman et al. 1996; Heym et al. 1997,1,21,870,966,0.001148,0.021277,0.054,3.373580303878289e-05,0.0002469129633452,0.0528735632183908,1,-4.2413096346790775,2726693,0,False,
ahpC,c.489A>C,isoniazid,Alkyl hydroperoxide reductase. Upregulation compensates for the loss of KatG-mediated oxidative defence when katG is inactivated by INH-resistance mutations. Promoter mutations causing ahpC upregulation are the canonical compensatory mechanism for katG LoF.,Sherman et al. 1996; Heym et al. 1997,1,21,870,966,0.001148,0.021277,0.054,3.373580303878289e-05,0.0002469129633452,0.0528735632183908,1,-4.2413096346790775,2726681,0,False,
ahpC,p.Asp159Glu,isoniazid,Alkyl hydroperoxide reductase. Upregulation compensates for the loss of KatG-mediated oxidative defence when katG is inactivated by INH-resistance mutations. Promoter mutations causing ahpC upregulation are the canonical compensatory mechanism for katG LoF.,Sherman et al. 1996; Heym et al. 1997,1,21,870,966,0.001148,0.021277,0.054,3.373580303878289e-05,0.0002469129633452,0.0528735632183908,1,-4.2413096346790775,2726669,0,False,
mmpL5,c.2484T>C,bedaquiline/clofazimine,MmpL5 efflux pump structural component. Gain-of-function mutations that increase pump activity may compensate for BDQ/CFZ fitness costs in highly resistant strains. Borderline primary/compensatory — flag for manual review.,Andries et al.; Hartkoorn et al. 2014,1,21,870,966,0.001148,0.021277,0.054,3.373580303878289e-05,0.0002469129633452,0.0528735632183908,1,-4.2413096346790775,775997,0,False,
rpoC,c.123G>C,rifampicin,"Beta-prime subunit of RNA polymerase. Mutations here compensate for the conformational changes in the RNA polymerase complex caused by rpoB RRDR resistance mutations, restoring transcription efficiency.",Comas et al. 2012 Nat Genet; Muller et al. 2017,1,20,870,967,0.001148,0.020263,0.0567,3.3369924992747835e-05,0.0002469129633452,0.0555747126436781,1,-4.169427606146612,763492,0,False,
mmpL5,c.2442C>G,bedaquiline/clofazimine,MmpL5 efflux pump structural component. Gain-of-function mutations that increase pump activity may compensate for BDQ/CFZ fitness costs in highly resistant strains. Borderline primary/compensatory — flag for manual review.,Andries et al.; Hartkoorn et al. 2014,1,20,870,967,0.001148,0.020263,0.0567,3.3369924992747835e-05,0.0002469129633452,0.0555747126436781,1,-4.169427606146612,776039,0,False,
kasA,c.237C>T,isoniazid,Beta-ketoacyl ACP synthase involved in mycolic acid synthesis. Mutations here can partially compensate for inhA-mediated INH resistance by altering the flux through the FAS-II fatty acid synthesis pathway.,Mdluli et al. 1998,0,16,871,971,0.0,0.016211,0.0,4.30179592736006e-05,0.0002988088815918,0.0,1,-19.93156856932417,2518351,0,False,
mmpL5,c.2358G>C,bedaquiline/clofazimine,MmpL5 efflux pump structural component. Gain-of-function mutations that increase pump activity may compensate for BDQ/CFZ fitness costs in highly resistant strains. Borderline primary/compensatory — flag for manual review.,Andries et al.; Hartkoorn et al. 2014,0,16,871,971,0.0,0.016211,0.0,4.30179592736006e-05,0.0002988088815918,0.0,1,-19.93156856932417,776123,0,False,
rpoA,c.630G>C,rifampicin,Compensates transcriptional fitness cost of rpoB RRDR mutations. Mutations in the alpha subunit of RNA polymerase restore the binding geometry disrupted by rpoB resistance mutations.,Comas et al. 2012 Nat Genet; Gagneux et al.,0,16,871,971,0.0,0.016211,0.0,4.30179592736006e-05,0.0002988088815918,0.0,1,-19.93156856932417,3877878,0,False,
mmpL5,c.1821C>G,bedaquiline/clofazimine,MmpL5 efflux pump structural component. Gain-of-function mutations that increase pump activity may compensate for BDQ/CFZ fitness costs in highly resistant strains. Borderline primary/compensatory — flag for manual review.,Andries et al.; Hartkoorn et al. 2014,0,16,871,971,0.0,0.016211,0.0,4.30179592736006e-05,0.0002988088815918,0.0,1,-19.93156856932417,776660,0,False,
ahpC,c.63T>C,isoniazid,Alkyl hydroperoxide reductase. Upregulation compensates for the loss of KatG-mediated oxidative defence when katG is inactivated by INH-resistance mutations. Promoter mutations causing ahpC upregulation are the canonical compensatory mechanism for katG LoF.,Sherman et al. 1996; Heym et al. 1997,0,16,871,971,0.0,0.016211,0.0,4.30179592736006e-05,0.0002988088815918,0.0,1,-19.93156856932417,2726255,0,False,
rpoC,c.2613C>T,rifampicin,"Beta-prime subunit of RNA polymerase. Mutations here compensate for the conformational changes in the RNA polymerase complex caused by rpoB RRDR resistance mutations, restoring transcription efficiency.",Comas et al. 2012 Nat Genet; Muller et al. 2017,0,16,871,971,0.0,0.016211,0.0,4.30179592736006e-05,0.0002988088815918,0.0,1,-19.93156856932417,765982,0,False,
ahpC,c.66C>T,isoniazid,Alkyl hydroperoxide reductase. Upregulation compensates for the loss of KatG-mediated oxidative defence when katG is inactivated by INH-resistance mutations. Promoter mutations causing ahpC upregulation are the canonical compensatory mechanism for katG LoF.,Sherman et al. 1996; Heym et al. 1997,0,16,871,971,0.0,0.016211,0.0,4.30179592736006e-05,0.0002988088815918,0.0,1,-19.93156856932417,2726258,0,False,
rpoC,c.2610C>G,rifampicin,"Beta-prime subunit of RNA polymerase. Mutations here compensate for the conformational changes in the RNA polymerase complex caused by rpoB RRDR resistance mutations, restoring transcription efficiency.",Comas et al. 2012 Nat Genet; Muller et al. 2017,0,16,871,971,0.0,0.016211,0.0,4.30179592736006e-05,0.0002988088815918,0.0,1,-19.93156856932417,765979,0,False,
mmpL5,c.2565T>C,bedaquiline/clofazimine,MmpL5 efflux pump structural component. Gain-of-function mutations that increase pump activity may compensate for BDQ/CFZ fitness costs in highly resistant strains. Borderline primary/compensatory — flag for manual review.,Andries et al.; Hartkoorn et al. 2014,0,16,871,971,0.0,0.016211,0.0,4.30179592736006e-05,0.0002988088815918,0.0,1,-19.93156856932417,775916,0,False,
kasA,c.525G>C,isoniazid,Beta-ketoacyl ACP synthase involved in mycolic acid synthesis. Mutations here can partially compensate for inhA-mediated INH resistance by altering the flux through the FAS-II fatty acid synthesis pathway.,Mdluli et al. 1998,0,16,871,971,0.0,0.016211,0.0,4.30179592736006e-05,0.0002988088815918,0.0,1,-19.93156856932417,2518639,0,False,
rpoC,c.3919C>T,rifampicin,"Beta-prime subunit of RNA polymerase. Mutations here compensate for the conformational changes in the RNA polymerase complex caused by rpoB RRDR resistance mutations, restoring transcription efficiency.",Comas et al. 2012 Nat Genet; Muller et al. 2017,0,16,871,971,0.0,0.016211,0.0,4.30179592736006e-05,0.0002988088815918,0.0,1,-19.93156856932417,767288,0,False,
mmpL5,p.Ile227Val,bedaquiline/clofazimine,MmpL5 efflux pump structural component. Gain-of-function mutations that increase pump activity may compensate for BDQ/CFZ fitness costs in highly resistant strains. Borderline primary/compensatory — flag for manual review.,Andries et al.; Hartkoorn et al. 2014,0,16,871,971,0.0,0.016211,0.0,4.30179592736006e-05,0.0002988088815918,0.0,1,-19.93156856932417,777802,0,False,
mmpL5,c.1342C>T,bedaquiline/clofazimine,MmpL5 efflux pump structural component. Gain-of-function mutations that increase pump activity may compensate for BDQ/CFZ fitness costs in highly resistant strains. Borderline primary/compensatory — flag for manual review.,Andries et al.; Hartkoorn et al. 2014,0,16,871,971,0.0,0.016211,0.0,4.30179592736006e-05,0.0002988088815918,0.0,1,-19.93156856932417,777139,0,False,
gyrB,c.900G>C,fluoroquinolones,"DNA gyrase B subunit. gyrB mutations can compensate for the supercoiling defects caused by gyrA QRDR (Quinolone Resistance-Determining Region) primary resistance mutations, restoring adequate DNA replication efficiency.",Avalos Vizcaino et al.; Mayer & Fierer 2014,0,16,871,971,0.0,0.016211,0.0,4.30179592736006e-05,0.0002988088815918,0.0,1,-19.93156856932417,6139,0,False,
rpoC,c.1872C>T,rifampicin,"Beta-prime subunit of RNA polymerase. Mutations here compensate for the conformational changes in the RNA polymerase complex caused by rpoB RRDR resistance mutations, restoring transcription efficiency.",Comas et al. 2012 Nat Genet; Muller et al. 2017,0,16,871,971,0.0,0.016211,0.0,4.30179592736006e-05,0.0002988088815918,0.0,1,-19.93156856932417,765241,0,False,
gyrB,c.1524G>C,fluoroquinolones,"DNA gyrase B subunit. gyrB mutations can compensate for the supercoiling defects caused by gyrA QRDR (Quinolone Resistance-Determining Region) primary resistance mutations, restoring adequate DNA replication efficiency.",Avalos Vizcaino et al.; Mayer & Fierer 2014,0,16,871,971,0.0,0.016211,0.0,4.30179592736006e-05,0.0002988088815918,0.0,1,-19.93156856932417,6763,0,False,
kasA,c.-174C>G,isoniazid,Beta-ketoacyl ACP synthase involved in mycolic acid synthesis. Mutations here can partially compensate for inhA-mediated INH resistance by altering the flux through the FAS-II fatty acid synthesis pathway.,Mdluli et al. 1998,0,16,871,971,0.0,0.016211,0.0,4.30179592736006e-05,0.0002988088815918,0.0,1,-19.93156856932417,2517941,0,False,
ndh,c.813G>C,isoniazid,"NADH dehydrogenase. Loss-of-function mutations raise the NADH/NAD+ ratio, which can compensate for INH-mediated inhibition of InhA (InhA requires NADH as cofactor). Not a direct resistance mutation but modulates the INH activation and target environment.",Miesel et al. 1998,0,16,871,971,0.0,0.016211,0.0,4.30179592736006e-05,0.0002988088815918,0.0,1,-19.93156856932417,2102230,0,False,
ahpC,c.51T>G,isoniazid,Alkyl hydroperoxide reductase. Upregulation compensates for the loss of KatG-mediated oxidative defence when katG is inactivated by INH-resistance mutations. Promoter mutations causing ahpC upregulation are the canonical compensatory mechanism for katG LoF.,Sherman et al. 1996; Heym et al. 1997,0,16,871,971,0.0,0.016211,0.0,4.30179592736006e-05,0.0002988088815918,0.0,1,-19.93156856932417,2726243,0,False,
mmpL5,c.2421C>G,bedaquiline/clofazimine,MmpL5 efflux pump structural component. Gain-of-function mutations that increase pump activity may compensate for BDQ/CFZ fitness costs in highly resistant strains. Borderline primary/compensatory — flag for manual review.,Andries et al.; Hartkoorn et al. 2014,0,16,871,971,0.0,0.016211,0.0,4.30179592736006e-05,0.0002988088815918,0.0,1,-19.93156856932417,776060,0,False,
ndh,c.1287G>C,isoniazid,"NADH dehydrogenase. Loss-of-function mutations raise the NADH/NAD+ ratio, which can compensate for INH-mediated inhibition of InhA (InhA requires NADH as cofactor). Not a direct resistance mutation but modulates the INH activation and target environment.",Miesel et al. 1998,0,16,871,971,0.0,0.016211,0.0,4.30179592736006e-05,0.0002988088815918,0.0,1,-19.93156856932417,2101756,0,False,
kasA,c.879C>G,isoniazid,Beta-ketoacyl ACP synthase involved in mycolic acid synthesis. Mutations here can partially compensate for inhA-mediated INH resistance by altering the flux through the FAS-II fatty acid synthesis pathway.,Mdluli et al. 1998,0,16,871,971,0.0,0.016211,0.0,4.30179592736006e-05,0.0002988088815918,0.0,1,-19.93156856932417,2518993,0,False,
kasA,c.840C>G,isoniazid,Beta-ketoacyl ACP synthase involved in mycolic acid synthesis. Mutations here can partially compensate for inhA-mediated INH resistance by altering the flux through the FAS-II fatty acid synthesis pathway.,Mdluli et al. 1998,0,16,871,971,0.0,0.016211,0.0,4.30179592736006e-05,0.0002988088815918,0.0,1,-19.93156856932417,2518954,0,False,
rpoA,c.303T>C,rifampicin,Compensates transcriptional fitness cost of rpoB RRDR mutations. Mutations in the alpha subunit of RNA polymerase restore the binding geometry disrupted by rpoB resistance mutations.,Comas et al. 2012 Nat Genet; Gagneux et al.,0,16,871,971,0.0,0.016211,0.0,4.30179592736006e-05,0.0002988088815918,0.0,1,-19.93156856932417,3878205,0,False,
kasA,p.Ile29Val,isoniazid,Beta-ketoacyl ACP synthase involved in mycolic acid synthesis. Mutations here can partially compensate for inhA-mediated INH resistance by altering the flux through the FAS-II fatty acid synthesis pathway.,Mdluli et al. 1998,0,16,871,971,0.0,0.016211,0.0,4.30179592736006e-05,0.0002988088815918,0.0,1,-19.93156856932417,2518199,0,False,
gyrB,c.567C>G,fluoroquinolones,"DNA gyrase B subunit. gyrB mutations can compensate for the supercoiling defects caused by gyrA QRDR (Quinolone Resistance-Determining Region) primary resistance mutations, restoring adequate DNA replication efficiency.",Avalos Vizcaino et al.; Mayer & Fierer 2014,0,16,871,971,0.0,0.016211,0.0,4.30179592736006e-05,0.0002988088815918,0.0,1,-19.93156856932417,5806,0,False,
rpoC,c.879C>G,rifampicin,"Beta-prime subunit of RNA polymerase. Mutations here compensate for the conformational changes in the RNA polymerase complex caused by rpoB RRDR resistance mutations, restoring transcription efficiency.",Comas et al. 2012 Nat Genet; Muller et al. 2017,0,16,871,971,0.0,0.016211,0.0,4.30179592736006e-05,0.0002988088815918,0.0,1,-19.93156856932417,764248,0,False,
gyrB,c.570C>G,fluoroquinolones,"DNA gyrase B subunit. gyrB mutations can compensate for the supercoiling defects caused by gyrA QRDR (Quinolone Resistance-Determining Region) primary resistance mutations, restoring adequate DNA replication efficiency.",Avalos Vizcaino et al.; Mayer & Fierer 2014,0,16,871,971,0.0,0.016211,0.0,4.30179592736006e-05,0.0002988088815918,0.0,1,-19.93156856932417,5809,0,False,
kasA,c.936C>G,isoniazid,Beta-ketoacyl ACP synthase involved in mycolic acid synthesis. Mutations here can partially compensate for inhA-mediated INH resistance by altering the flux through the FAS-II fatty acid synthesis pathway.,Mdluli et al. 1998,0,16,871,971,0.0,0.016211,0.0,4.30179592736006e-05,0.0002988088815918,0.0,1,-19.93156856932417,2519050,0,False,
whiB7,c.-487C>G,multiple,"WhiB7 is a transcriptional activator of multiple intrinsic resistance mechanisms including eis (aminoglycoside), tap (efflux), and others. Mutations affecting whiB7 activity can modulate broad fitness costs of MDR. Emerging evidence for compensatory role in MDR-TB fitness restoration.",Burian et al. 2012; Larsson et al.,0,16,871,971,0.0,0.016211,0.0,4.30179592736006e-05,0.0002988088815918,0.0,1,-19.93156856932417,3569166,0,False,
rpoC,c.3123T>C,rifampicin,"Beta-prime subunit of RNA polymerase. Mutations here compensate for the conformational changes in the RNA polymerase complex caused by rpoB RRDR resistance mutations, restoring transcription efficiency.",Comas et al. 2012 Nat Genet; Muller et al. 2017,2,23,869,964,0.002296,0.023303,0.0985,5.149848281061068e-05,0.0003500723076527,0.096462700755491,1,-3.3738849866414515,766492,0,False,
gyrB,c.774G>C,fluoroquinolones,"DNA gyrase B subunit. gyrB mutations can compensate for the supercoiling defects caused by gyrA QRDR (Quinolone Resistance-Determining Region) primary resistance mutations, restoring adequate DNA replication efficiency.",Avalos Vizcaino et al.; Mayer & Fierer 2014,2,23,869,964,0.002296,0.023303,0.0985,5.149848281061068e-05,0.0003500723076527,0.096462700755491,1,-3.3738849866414515,6013,0,False,
gyrB,c.1053G>C,fluoroquinolones,"DNA gyrase B subunit. gyrB mutations can compensate for the supercoiling defects caused by gyrA QRDR (Quinolone Resistance-Determining Region) primary resistance mutations, restoring adequate DNA replication efficiency.",Avalos Vizcaino et al.; Mayer & Fierer 2014,2,23,869,964,0.002296,0.023303,0.0985,5.149848281061068e-05,0.0003500723076527,0.096462700755491,1,-3.3738849866414515,6292,0,False,
rpoC,p.Asp754Glu,rifampicin,"Beta-prime subunit of RNA polymerase. Mutations here compensate for the conformational changes in the RNA polymerase complex caused by rpoB RRDR resistance mutations, restoring transcription efficiency.",Comas et al. 2012 Nat Genet; Muller et al. 2017,2,23,869,964,0.002296,0.023303,0.0985,5.149848281061068e-05,0.0003500723076527,0.096462700755491,1,-3.3738849866414515,765631,0,False,
rpoC,c.3765C>A,rifampicin,"Beta-prime subunit of RNA polymerase. Mutations here compensate for the conformational changes in the RNA polymerase complex caused by rpoB RRDR resistance mutations, restoring transcription efficiency.",Comas et al. 2012 Nat Genet; Muller et al. 2017,2,23,869,964,0.002296,0.023303,0.0985,5.149848281061068e-05,0.0003500723076527,0.096462700755491,1,-3.3738849866414515,767134,0,False,
ndh,c.1050A>G,isoniazid,"NADH dehydrogenase. Loss-of-function mutations raise the NADH/NAD+ ratio, which can compensate for INH-mediated inhibition of InhA (InhA requires NADH as cofactor). Not a direct resistance mutation but modulates the INH activation and target environment.",Miesel et al. 1998,1,19,870,968,0.001148,0.01925,0.0596,6.117308282885352e-05,0.0004094220915277,0.0585601935874168,1,-4.093935866905081,2101993,0,False,
ahpC,c.222G>A,isoniazid,Alkyl hydroperoxide reductase. Upregulation compensates for the loss of KatG-mediated oxidative defence when katG is inactivated by INH-resistance mutations. Promoter mutations causing ahpC upregulation are the canonical compensatory mechanism for katG LoF.,Sherman et al. 1996; Heym et al. 1997,1,19,870,968,0.001148,0.01925,0.0596,6.117308282885352e-05,0.0004094220915277,0.0585601935874168,1,-4.093935866905081,2726414,0,False,
gyrB,c.1017G>A,fluoroquinolones,"DNA gyrase B subunit. gyrB mutations can compensate for the supercoiling defects caused by gyrA QRDR (Quinolone Resistance-Determining Region) primary resistance mutations, restoring adequate DNA replication efficiency.",Avalos Vizcaino et al.; Mayer & Fierer 2014,1,19,870,968,0.001148,0.01925,0.0596,6.117308282885352e-05,0.0004094220915277,0.0585601935874168,1,-4.093935866905081,6256,0,False,
gyrB,c.369C>G,fluoroquinolones,"DNA gyrase B subunit. gyrB mutations can compensate for the supercoiling defects caused by gyrA QRDR (Quinolone Resistance-Determining Region) primary resistance mutations, restoring adequate DNA replication efficiency.",Avalos Vizcaino et al.; Mayer & Fierer 2014,0,15,871,972,0.0,0.015198,0.0,8.286413426543201e-05,0.0005148797509305,0.0,1,-19.93156856932417,5608,0,False,
gyrB,c.666G>C,fluoroquinolones,"DNA gyrase B subunit. gyrB mutations can compensate for the supercoiling defects caused by gyrA QRDR (Quinolone Resistance-Determining Region) primary resistance mutations, restoring adequate DNA replication efficiency.",Avalos Vizcaino et al.; Mayer & Fierer 2014,0,15,871,972,0.0,0.015198,0.0,8.286413426543201e-05,0.0005148797509305,0.0,1,-19.93156856932417,5905,0,False,
rpoA,c.717C>G,rifampicin,Compensates transcriptional fitness cost of rpoB RRDR mutations. Mutations in the alpha subunit of RNA polymerase restore the binding geometry disrupted by rpoB resistance mutations.,Comas et al. 2012 Nat Genet; Gagneux et al.,0,15,871,972,0.0,0.015198,0.0,8.286413426543201e-05,0.0005148797509305,0.0,1,-19.93156856932417,3877791,0,False,
rpoC,c.1347G>C,rifampicin,"Beta-prime subunit of RNA polymerase. Mutations here compensate for the conformational changes in the RNA polymerase complex caused by rpoB RRDR resistance mutations, restoring transcription efficiency.",Comas et al. 2012 Nat Genet; Muller et al. 2017,0,15,871,972,0.0,0.015198,0.0,8.286413426543201e-05,0.0005148797509305,0.0,1,-19.93156856932417,764716,0,False,
ndh,c.1032C>G,isoniazid,"NADH dehydrogenase. Loss-of-function mutations raise the NADH/NAD+ ratio, which can compensate for INH-mediated inhibition of InhA (InhA requires NADH as cofactor). Not a direct resistance mutation but modulates the INH activation and target environment.",Miesel et al. 1998,0,15,871,972,0.0,0.015198,0.0,8.286413426543201e-05,0.0005148797509305,0.0,1,-19.93156856932417,2102011,0,False,
rpoC,c.-903C>T,rifampicin,"Beta-prime subunit of RNA polymerase. Mutations here compensate for the conformational changes in the RNA polymerase complex caused by rpoB RRDR resistance mutations, restoring transcription efficiency.",Comas et al. 2012 Nat Genet; Muller et al. 2017,0,15,871,972,0.0,0.015198,0.0,8.286413426543201e-05,0.0005148797509305,0.0,1,-19.93156856932417,762467,0,False,
ahpC,p.Ile137Leu,isoniazid,Alkyl hydroperoxide reductase. Upregulation compensates for the loss of KatG-mediated oxidative defence when katG is inactivated by INH-resistance mutations. Promoter mutations causing ahpC upregulation are the canonical compensatory mechanism for katG LoF.,Sherman et al. 1996; Heym et al. 1997,0,15,871,972,0.0,0.015198,0.0,8.286413426543201e-05,0.0005148797509305,0.0,1,-19.93156856932417,2726601,0,False,
mmpL5,c.1230C>G,bedaquiline/clofazimine,MmpL5 efflux pump structural component. Gain-of-function mutations that increase pump activity may compensate for BDQ/CFZ fitness costs in highly resistant strains. Borderline primary/compensatory — flag for manual review.,Andries et al.; Hartkoorn et al. 2014,0,15,871,972,0.0,0.015198,0.0,8.286413426543201e-05,0.0005148797509305,0.0,1,-19.93156856932417,777251,0,False,
rpoC,c.-951C>G,rifampicin,"Beta-prime subunit of RNA polymerase. Mutations here compensate for the conformational changes in the RNA polymerase complex caused by rpoB RRDR resistance mutations, restoring transcription efficiency.",Comas et al. 2012 Nat Genet; Muller et al. 2017,0,15,871,972,0.0,0.015198,0.0,8.286413426543201e-05,0.0005148797509305,0.0,1,-19.93156856932417,762419,0,False,
rpoC,c.-576C>G,rifampicin,"Beta-prime subunit of RNA polymerase. Mutations here compensate for the conformational changes in the RNA polymerase complex caused by rpoB RRDR resistance mutations, restoring transcription efficiency.",Comas et al. 2012 Nat Genet; Muller et al. 2017,0,15,871,972,0.0,0.015198,0.0,8.286413426543201e-05,0.0005148797509305,0.0,1,-19.93156856932417,762794,0,False,
rpoC,c.33C>G,rifampicin,"Beta-prime subunit of RNA polymerase. Mutations here compensate for the conformational changes in the RNA polymerase complex caused by rpoB RRDR resistance mutations, restoring transcription efficiency.",Comas et al. 2012 Nat Genet; Muller et al. 2017,0,15,871,972,0.0,0.015198,0.0,8.286413426543201e-05,0.0005148797509305,0.0,1,-19.93156856932417,763402,0,False,
whiB7,c.-453C>G,multiple,"WhiB7 is a transcriptional activator of multiple intrinsic resistance mechanisms including eis (aminoglycoside), tap (efflux), and others. Mutations affecting whiB7 activity can modulate broad fitness costs of MDR. Emerging evidence for compensatory role in MDR-TB fitness restoration.",Burian et al. 2012; Larsson et al.,0,15,871,972,0.0,0.015198,0.0,8.286413426543201e-05,0.0005148797509305,0.0,1,-19.93156856932417,3569132,0,False,
gyrB,c.375G>C,fluoroquinolones,"DNA gyrase B subunit. gyrB mutations can compensate for the supercoiling defects caused by gyrA QRDR (Quinolone Resistance-Determining Region) primary resistance mutations, restoring adequate DNA replication efficiency.",Avalos Vizcaino et al.; Mayer & Fierer 2014,0,15,871,972,0.0,0.015198,0.0,8.286413426543201e-05,0.0005148797509305,0.0,1,-19.93156856932417,5614,0,False,
rpoA,p.Glu75Asp,rifampicin,Compensates transcriptional fitness cost of rpoB RRDR mutations. Mutations in the alpha subunit of RNA polymerase restore the binding geometry disrupted by rpoB resistance mutations.,Comas et al. 2012 Nat Genet; Gagneux et al.,0,15,871,972,0.0,0.015198,0.0,8.286413426543201e-05,0.0005148797509305,0.0,1,-19.93156856932417,3878283,0,False,
mmpL5,p.His825Tyr,bedaquiline/clofazimine,MmpL5 efflux pump structural component. Gain-of-function mutations that increase pump activity may compensate for BDQ/CFZ fitness costs in highly resistant strains. Borderline primary/compensatory — flag for manual review.,Andries et al.; Hartkoorn et al. 2014,0,15,871,972,0.0,0.015198,0.0,8.286413426543201e-05,0.0005148797509305,0.0,1,-19.93156856932417,776008,0,False,
ndh,c.195G>A,isoniazid,"NADH dehydrogenase. Loss-of-function mutations raise the NADH/NAD+ ratio, which can compensate for INH-mediated inhibition of InhA (InhA requires NADH as cofactor). Not a direct resistance mutation but modulates the INH activation and target environment.",Miesel et al. 1998,0,15,871,972,0.0,0.015198,0.0,8.286413426543201e-05,0.0005148797509305,0.0,1,-19.93156856932417,2102848,0,False,
rpoC,p.Asp271Gly,rifampicin,"Beta-prime subunit of RNA polymerase. Mutations here compensate for the conformational changes in the RNA polymerase complex caused by rpoB RRDR resistance mutations, restoring transcription efficiency.",Comas et al. 2012 Nat Genet; Muller et al. 2017,0,15,871,972,0.0,0.015198,0.0,8.286413426543201e-05,0.0005148797509305,0.0,1,-19.93156856932417,764181,0,False,
rpoA,p.Pro313Ala,rifampicin,Compensates transcriptional fitness cost of rpoB RRDR mutations. Mutations in the alpha subunit of RNA polymerase restore the binding geometry disrupted by rpoB resistance mutations.,Comas et al. 2012 Nat Genet; Gagneux et al.,0,15,871,972,0.0,0.015198,0.0,8.286413426543201e-05,0.0005148797509305,0.0,1,-19.93156856932417,3877571,0,False,
rpoC,c.-114G>A,rifampicin,"Beta-prime subunit of RNA polymerase. Mutations here compensate for the conformational changes in the RNA polymerase complex caused by rpoB RRDR resistance mutations, restoring transcription efficiency.",Comas et al. 2012 Nat Genet; Muller et al. 2017,0,15,871,972,0.0,0.015198,0.0,8.286413426543201e-05,0.0005148797509305,0.0,1,-19.93156856932417,763256,0,False,
kasA,c.939G>C,isoniazid,Beta-ketoacyl ACP synthase involved in mycolic acid synthesis. Mutations here can partially compensate for inhA-mediated INH resistance by altering the flux through the FAS-II fatty acid synthesis pathway.,Mdluli et al. 1998,0,15,871,972,0.0,0.015198,0.0,8.286413426543201e-05,0.0005148797509305,0.0,1,-19.93156856932417,2519053,0,False,
rpoA,c.138T>C,rifampicin,Compensates transcriptional fitness cost of rpoB RRDR mutations. Mutations in the alpha subunit of RNA polymerase restore the binding geometry disrupted by rpoB resistance mutations.,Comas et al. 2012 Nat Genet; Gagneux et al.,0,15,871,972,0.0,0.015198,0.0,8.286413426543201e-05,0.0005148797509305,0.0,1,-19.93156856932417,3878370,0,False,
kasA,c.861C>G,isoniazid,Beta-ketoacyl ACP synthase involved in mycolic acid synthesis. Mutations here can partially compensate for inhA-mediated INH resistance by altering the flux through the FAS-II fatty acid synthesis pathway.,Mdluli et al. 1998,0,15,871,972,0.0,0.015198,0.0,8.286413426543201e-05,0.0005148797509305,0.0,1,-19.93156856932417,2518975,0,False,
ndh,c.606G>C,isoniazid,"NADH dehydrogenase. Loss-of-function mutations raise the NADH/NAD+ ratio, which can compensate for INH-mediated inhibition of InhA (InhA requires NADH as cofactor). Not a direct resistance mutation but modulates the INH activation and target environment.",Miesel et al. 1998,0,15,871,972,0.0,0.015198,0.0,8.286413426543201e-05,0.0005148797509305,0.0,1,-19.93156856932417,2102437,0,False,
mmpL5,p.Gln440Glu,bedaquiline/clofazimine,MmpL5 efflux pump structural component. Gain-of-function mutations that increase pump activity may compensate for BDQ/CFZ fitness costs in highly resistant strains. Borderline primary/compensatory — flag for manual review.,Andries et al.; Hartkoorn et al. 2014,0,15,871,972,0.0,0.015198,0.0,8.286413426543201e-05,0.0005148797509305,0.0,1,-19.93156856932417,777163,0,False,
rpoA,c.-254G>C,rifampicin,Compensates transcriptional fitness cost of rpoB RRDR mutations. Mutations in the alpha subunit of RNA polymerase restore the binding geometry disrupted by rpoB resistance mutations.,Comas et al. 2012 Nat Genet; Gagneux et al.,0,15,871,972,0.0,0.015198,0.0,8.286413426543201e-05,0.0005148797509305,0.0,1,-19.93156856932417,3878761,0,False,
mmpL5,p.Glu446Asp,bedaquiline/clofazimine,MmpL5 efflux pump structural component. Gain-of-function mutations that increase pump activity may compensate for BDQ/CFZ fitness costs in highly resistant strains. Borderline primary/compensatory — flag for manual review.,Andries et al.; Hartkoorn et al. 2014,0,15,871,972,0.0,0.015198,0.0,8.286413426543201e-05,0.0005148797509305,0.0,1,-19.93156856932417,777143,0,False,
ndh,c.333C>T,isoniazid,"NADH dehydrogenase. Loss-of-function mutations raise the NADH/NAD+ ratio, which can compensate for INH-mediated inhibition of InhA (InhA requires NADH as cofactor). Not a direct resistance mutation but modulates the INH activation and target environment.",Miesel et al. 1998,0,15,871,972,0.0,0.015198,0.0,8.286413426543201e-05,0.0005148797509305,0.0,1,-19.93156856932417,2102710,0,False,
whiB7,c.-105delC,multiple,"WhiB7 is a transcriptional activator of multiple intrinsic resistance mechanisms including eis (aminoglycoside), tap (efflux), and others. Mutations affecting whiB7 activity can modulate broad fitness costs of MDR. Emerging evidence for compensatory role in MDR-TB fitness restoration.",Burian et al. 2012; Larsson et al.,0,15,871,972,0.0,0.015198,0.0,8.286413426543201e-05,0.0005148797509305,0.0,1,-19.93156856932417,3568783,0,False,
mmpL5,c.1266C>G,bedaquiline/clofazimine,MmpL5 efflux pump structural component. Gain-of-function mutations that increase pump activity may compensate for BDQ/CFZ fitness costs in highly resistant strains. Borderline primary/compensatory — flag for manual review.,Andries et al.; Hartkoorn et al. 2014,0,15,871,972,0.0,0.015198,0.0,8.286413426543201e-05,0.0005148797509305,0.0,1,-19.93156856932417,777215,0,False,
ndh,c.90A>C,isoniazid,"NADH dehydrogenase. Loss-of-function mutations raise the NADH/NAD+ ratio, which can compensate for INH-mediated inhibition of InhA (InhA requires NADH as cofactor). Not a direct resistance mutation but modulates the INH activation and target environment.",Miesel et al. 1998,0,15,871,972,0.0,0.015198,0.0,8.286413426543201e-05,0.0005148797509305,0.0,1,-19.93156856932417,2102953,0,False,
ndh,c.837G>C,isoniazid,"NADH dehydrogenase. Loss-of-function mutations raise the NADH/NAD+ ratio, which can compensate for INH-mediated inhibition of InhA (InhA requires NADH as cofactor). Not a direct resistance mutation but modulates the INH activation and target environment.",Miesel et al. 1998,0,15,871,972,0.0,0.015198,0.0,8.286413426543201e-05,0.0005148797509305,0.0,1,-19.93156856932417,2102206,0,False,
ndh,p.Ala352Asp,isoniazid,"NADH dehydrogenase. Loss-of-function mutations raise the NADH/NAD+ ratio, which can compensate for INH-mediated inhibition of InhA (InhA requires NADH as cofactor). Not a direct resistance mutation but modulates the INH activation and target environment.",Miesel et al. 1998,0,15,871,972,0.0,0.015198,0.0,8.286413426543201e-05,0.0005148797509305,0.0,1,-19.93156856932417,2101988,0,False,
ndh,c.825C>A,isoniazid,"NADH dehydrogenase. Loss-of-function mutations raise the NADH/NAD+ ratio, which can compensate for INH-mediated inhibition of InhA (InhA requires NADH as cofactor). Not a direct resistance mutation but modulates the INH activation and target environment.",Miesel et al. 1998,0,15,871,972,0.0,0.015198,0.0,8.286413426543201e-05,0.0005148797509305,0.0,1,-19.93156856932417,2102218,0,False,
ndh,c.738T>C,isoniazid,"NADH dehydrogenase. Loss-of-function mutations raise the NADH/NAD+ ratio, which can compensate for INH-mediated inhibition of InhA (InhA requires NADH as cofactor). Not a direct resistance mutation but modulates the INH activation and target environment.",Miesel et al. 1998,0,15,871,972,0.0,0.015198,0.0,8.286413426543201e-05,0.0005148797509305,0.0,1,-19.93156856932417,2102305,0,False,
mmpL5,c.1806G>A,bedaquiline/clofazimine,MmpL5 efflux pump structural component. Gain-of-function mutations that increase pump activity may compensate for BDQ/CFZ fitness costs in highly resistant strains. Borderline primary/compensatory — flag for manual review.,Andries et al.; Hartkoorn et al. 2014,0,15,871,972,0.0,0.015198,0.0,8.286413426543201e-05,0.0005148797509305,0.0,1,-19.93156856932417,776675,0,False,
mmpL5,p.Ser142Asn,bedaquiline/clofazimine,MmpL5 efflux pump structural component. Gain-of-function mutations that increase pump activity may compensate for BDQ/CFZ fitness costs in highly resistant strains. Borderline primary/compensatory — flag for manual review.,Andries et al.; Hartkoorn et al. 2014,0,15,871,972,0.0,0.015198,0.0,8.286413426543201e-05,0.0005148797509305,0.0,1,-19.93156856932417,778056,0,False,
mmpL5,c.1797G>A,bedaquiline/clofazimine,MmpL5 efflux pump structural component. Gain-of-function mutations that increase pump activity may compensate for BDQ/CFZ fitness costs in highly resistant strains. Borderline primary/compensatory — flag for manual review.,Andries et al.; Hartkoorn et al. 2014,0,15,871,972,0.0,0.015198,0.0,8.286413426543201e-05,0.0005148797509305,0.0,1,-19.93156856932417,776684,0,False,
gyrB,p.Asp216Glu,fluoroquinolones,"DNA gyrase B subunit. gyrB mutations can compensate for the supercoiling defects caused by gyrA QRDR (Quinolone Resistance-Determining Region) primary resistance mutations, restoring adequate DNA replication efficiency.",Avalos Vizcaino et al.; Mayer & Fierer 2014,0,15,871,972,0.0,0.015198,0.0,8.286413426543201e-05,0.0005148797509305,0.0,1,-19.93156856932417,5887,0,False,
kasA,c.456G>C,isoniazid,Beta-ketoacyl ACP synthase involved in mycolic acid synthesis. Mutations here can partially compensate for inhA-mediated INH resistance by altering the flux through the FAS-II fatty acid synthesis pathway.,Mdluli et al. 1998,0,15,871,972,0.0,0.015198,0.0,8.286413426543201e-05,0.0005148797509305,0.0,1,-19.93156856932417,2518570,0,False,
mmpL5,c.661C>T,bedaquiline/clofazimine,MmpL5 efflux pump structural component. Gain-of-function mutations that increase pump activity may compensate for BDQ/CFZ fitness costs in highly resistant strains. Borderline primary/compensatory — flag for manual review.,Andries et al.; Hartkoorn et al. 2014,0,15,871,972,0.0,0.015198,0.0,8.286413426543201e-05,0.0005148797509305,0.0,1,-19.93156856932417,777820,0,False,
kasA,c.1131T>C,isoniazid,Beta-ketoacyl ACP synthase involved in mycolic acid synthesis. Mutations here can partially compensate for inhA-mediated INH resistance by altering the flux through the FAS-II fatty acid synthesis pathway.,Mdluli et al. 1998,0,15,871,972,0.0,0.015198,0.0,8.286413426543201e-05,0.0005148797509305,0.0,1,-19.93156856932417,2519245,0,False,
mmpL5,c.2397C>G,bedaquiline/clofazimine,MmpL5 efflux pump structural component. Gain-of-function mutations that increase pump activity may compensate for BDQ/CFZ fitness costs in highly resistant strains. Borderline primary/compensatory — flag for manual review.,Andries et al.; Hartkoorn et al. 2014,0,15,871,972,0.0,0.015198,0.0,8.286413426543201e-05,0.0005148797509305,0.0,1,-19.93156856932417,776084,0,False,
ahpC,c.294A>G,isoniazid,Alkyl hydroperoxide reductase. Upregulation compensates for the loss of KatG-mediated oxidative defence when katG is inactivated by INH-resistance mutations. Promoter mutations causing ahpC upregulation are the canonical compensatory mechanism for katG LoF.,Sherman et al. 1996; Heym et al. 1997,0,15,871,972,0.0,0.015198,0.0,8.286413426543201e-05,0.0005148797509305,0.0,1,-19.93156856932417,2726486,0,False,
rpoC,c.288G>A,rifampicin,"Beta-prime subunit of RNA polymerase. Mutations here compensate for the conformational changes in the RNA polymerase complex caused by rpoB RRDR resistance mutations, restoring transcription efficiency.",Comas et al. 2012 Nat Genet; Muller et al. 2017,0,15,871,972,0.0,0.015198,0.0,8.286413426543201e-05,0.0005148797509305,0.0,1,-19.93156856932417,763657,0,False,
rpoC,c.-849C>T,rifampicin,"Beta-prime subunit of RNA polymerase. Mutations here compensate for the conformational changes in the RNA polymerase complex caused by rpoB RRDR resistance mutations, restoring transcription efficiency.",Comas et al. 2012 Nat Genet; Muller et al. 2017,0,15,871,972,0.0,0.015198,0.0,8.286413426543201e-05,0.0005148797509305,0.0,1,-19.93156856932417,762521,0,False,
rpoC,c.3213C>G,rifampicin,"Beta-prime subunit of RNA polymerase. Mutations here compensate for the conformational changes in the RNA polymerase complex caused by rpoB RRDR resistance mutations, restoring transcription efficiency.",Comas et al. 2012 Nat Genet; Muller et al. 2017,0,15,871,972,0.0,0.015198,0.0,8.286413426543201e-05,0.0005148797509305,0.0,1,-19.93156856932417,766582,0,False,
kasA,c.24T>C,isoniazid,Beta-ketoacyl ACP synthase involved in mycolic acid synthesis. Mutations here can partially compensate for inhA-mediated INH resistance by altering the flux through the FAS-II fatty acid synthesis pathway.,Mdluli et al. 1998,0,15,871,972,0.0,0.015198,0.0,8.286413426543201e-05,0.0005148797509305,0.0,1,-19.93156856932417,2518138,0,False,
kasA,c.582C>G,isoniazid,Beta-ketoacyl ACP synthase involved in mycolic acid synthesis. Mutations here can partially compensate for inhA-mediated INH resistance by altering the flux through the FAS-II fatty acid synthesis pathway.,Mdluli et al. 1998,0,15,871,972,0.0,0.015198,0.0,8.286413426543201e-05,0.0005148797509305,0.0,1,-19.93156856932417,2518696,0,False,
rpoC,c.3369G>C,rifampicin,"Beta-prime subunit of RNA polymerase. Mutations here compensate for the conformational changes in the RNA polymerase complex caused by rpoB RRDR resistance mutations, restoring transcription efficiency.",Comas et al. 2012 Nat Genet; Muller et al. 2017,2,22,869,965,0.002296,0.02229,0.103,9.34813699078538e-05,0.0005726483917846,0.1009519824249398,1,-3.308258853296255,766738,0,False,
rpoC,c.2958C>A,rifampicin,"Beta-prime subunit of RNA polymerase. Mutations here compensate for the conformational changes in the RNA polymerase complex caused by rpoB RRDR resistance mutations, restoring transcription efficiency.",Comas et al. 2012 Nat Genet; Muller et al. 2017,1,18,870,969,0.001148,0.018237,0.063,0.0001119849182256,0.0006833657669726,0.0618773946360153,1,-4.014443736763322,766327,0,False,
ndh,c.654G>C,isoniazid,"NADH dehydrogenase. Loss-of-function mutations raise the NADH/NAD+ ratio, which can compensate for INH-mediated inhibition of InhA (InhA requires NADH as cofactor). Not a direct resistance mutation but modulates the INH activation and target environment.",Miesel et al. 1998,1,18,870,969,0.001148,0.018237,0.063,0.0001119849182256,0.0006833657669726,0.0618773946360153,1,-4.014443736763322,2102389,0,False,
rpoC,c.-381G>C,rifampicin,"Beta-prime subunit of RNA polymerase. Mutations here compensate for the conformational changes in the RNA polymerase complex caused by rpoB RRDR resistance mutations, restoring transcription efficiency.",Comas et al. 2012 Nat Genet; Muller et al. 2017,3,24,868,963,0.003444,0.024316,0.1416,0.0001192570228461,0.0007258858584464,0.1386808755760368,1,-2.85015924460102,762989,0,False,
whiB7,c.-466A>C,multiple,"WhiB7 is a transcriptional activator of multiple intrinsic resistance mechanisms including eis (aminoglycoside), tap (efflux), and others. Mutations affecting whiB7 activity can modulate broad fitness costs of MDR. Emerging evidence for compensatory role in MDR-TB fitness restoration.",Burian et al. 2012; Larsson et al.,0,14,871,973,0.0,0.014184,0.0,0.0001598320181063,0.0009090803222923,0.0,1,-19.93156856932417,3569145,0,False,
rpoA,c.276G>C,rifampicin,Compensates transcriptional fitness cost of rpoB RRDR mutations. Mutations in the alpha subunit of RNA polymerase restore the binding geometry disrupted by rpoB resistance mutations.,Comas et al. 2012 Nat Genet; Gagneux et al.,0,14,871,973,0.0,0.014184,0.0,0.0001598320181063,0.0009090803222923,0.0,1,-19.93156856932417,3878232,0,False,
rpoA,c.282C>G,rifampicin,Compensates transcriptional fitness cost of rpoB RRDR mutations. Mutations in the alpha subunit of RNA polymerase restore the binding geometry disrupted by rpoB resistance mutations.,Comas et al. 2012 Nat Genet; Gagneux et al.,0,14,871,973,0.0,0.014184,0.0,0.0001598320181063,0.0009090803222923,0.0,1,-19.93156856932417,3878226,0,False,
kasA,p.Phe50Tyr,isoniazid,Beta-ketoacyl ACP synthase involved in mycolic acid synthesis. Mutations here can partially compensate for inhA-mediated INH resistance by altering the flux through the FAS-II fatty acid synthesis pathway.,Mdluli et al. 1998,0,14,871,973,0.0,0.014184,0.0,0.0001598320181063,0.0009090803222923,0.0,1,-19.93156856932417,2518263,0,False,
rpoC,c.1923G>C,rifampicin,"Beta-prime subunit of RNA polymerase. Mutations here compensate for the conformational changes in the RNA polymerase complex caused by rpoB RRDR resistance mutations, restoring transcription efficiency.",Comas et al. 2012 Nat Genet; Muller et al. 2017,0,14,871,973,0.0,0.014184,0.0,0.0001598320181063,0.0009090803222923,0.0,1,-19.93156856932417,765292,0,False,
kasA,c.942G>C,isoniazid,Beta-ketoacyl ACP synthase involved in mycolic acid synthesis. Mutations here can partially compensate for inhA-mediated INH resistance by altering the flux through the FAS-II fatty acid synthesis pathway.,Mdluli et al. 1998,0,14,871,973,0.0,0.014184,0.0,0.0001598320181063,0.0009090803222923,0.0,1,-19.93156856932417,2519056,0,False,
gyrB,c.1050C>T,fluoroquinolones,"DNA gyrase B subunit. gyrB mutations can compensate for the supercoiling defects caused by gyrA QRDR (Quinolone Resistance-Determining Region) primary resistance mutations, restoring adequate DNA replication efficiency.",Avalos Vizcaino et al.; Mayer & Fierer 2014,0,14,871,973,0.0,0.014184,0.0,0.0001598320181063,0.0009090803222923,0.0,1,-19.93156856932417,6289,0,False,
ndh,c.1155T>C,isoniazid,"NADH dehydrogenase. Loss-of-function mutations raise the NADH/NAD+ ratio, which can compensate for INH-mediated inhibition of InhA (InhA requires NADH as cofactor). Not a direct resistance mutation but modulates the INH activation and target environment.",Miesel et al. 1998,0,14,871,973,0.0,0.014184,0.0,0.0001598320181063,0.0009090803222923,0.0,1,-19.93156856932417,2101888,0,False,
gyrB,c.66G>C,fluoroquinolones,"DNA gyrase B subunit. gyrB mutations can compensate for the supercoiling defects caused by gyrA QRDR (Quinolone Resistance-Determining Region) primary resistance mutations, restoring adequate DNA replication efficiency.",Avalos Vizcaino et al.; Mayer & Fierer 2014,0,14,871,973,0.0,0.014184,0.0,0.0001598320181063,0.0009090803222923,0.0,1,-19.93156856932417,5305,0,False,
rpoC,p.Asn935Lys,rifampicin,"Beta-prime subunit of RNA polymerase. Mutations here compensate for the conformational changes in the RNA polymerase complex caused by rpoB RRDR resistance mutations, restoring transcription efficiency.",Comas et al. 2012 Nat Genet; Muller et al. 2017,0,14,871,973,0.0,0.014184,0.0,0.0001598320181063,0.0009090803222923,0.0,1,-19.93156856932417,766174,0,False,
kasA,c.1155C>T,isoniazid,Beta-ketoacyl ACP synthase involved in mycolic acid synthesis. Mutations here can partially compensate for inhA-mediated INH resistance by altering the flux through the FAS-II fatty acid synthesis pathway.,Mdluli et al. 1998,0,14,871,973,0.0,0.014184,0.0,0.0001598320181063,0.0009090803222923,0.0,1,-19.93156856932417,2519269,0,False,
mmpL5,c.2451G>A,bedaquiline/clofazimine,MmpL5 efflux pump structural component. Gain-of-function mutations that increase pump activity may compensate for BDQ/CFZ fitness costs in highly resistant strains. Borderline primary/compensatory — flag for manual review.,Andries et al.; Hartkoorn et al. 2014,0,14,871,973,0.0,0.014184,0.0,0.0001598320181063,0.0009090803222923,0.0,1,-19.93156856932417,776030,0,False,
ndh,c.207T>C,isoniazid,"NADH dehydrogenase. Loss-of-function mutations raise the NADH/NAD+ ratio, which can compensate for INH-mediated inhibition of InhA (InhA requires NADH as cofactor). Not a direct resistance mutation but modulates the INH activation and target environment.",Miesel et al. 1998,0,14,871,973,0.0,0.014184,0.0,0.0001598320181063,0.0009090803222923,0.0,1,-19.93156856932417,2102836,0,False,
kasA,p.Val103Leu,isoniazid,Beta-ketoacyl ACP synthase involved in mycolic acid synthesis. Mutations here can partially compensate for inhA-mediated INH resistance by altering the flux through the FAS-II fatty acid synthesis pathway.,Mdluli et al. 1998,0,14,871,973,0.0,0.014184,0.0,0.0001598320181063,0.0009090803222923,0.0,1,-19.93156856932417,2518421,0,False,
kasA,p.Ser100Asn,isoniazid,Beta-ketoacyl ACP synthase involved in mycolic acid synthesis. Mutations here can partially compensate for inhA-mediated INH resistance by altering the flux through the FAS-II fatty acid synthesis pathway.,Mdluli et al. 1998,0,14,871,973,0.0,0.014184,0.0,0.0001598320181063,0.0009090803222923,0.0,1,-19.93156856932417,2518413,0,False,
mmpL5,p.Ile826Leu,bedaquiline/clofazimine,MmpL5 efflux pump structural component. Gain-of-function mutations that increase pump activity may compensate for BDQ/CFZ fitness costs in highly resistant strains. Borderline primary/compensatory — flag for manual review.,Andries et al.; Hartkoorn et al. 2014,0,14,871,973,0.0,0.014184,0.0,0.0001598320181063,0.0009090803222923,0.0,1,-19.93156856932417,776005,0,False,
ndh,c.213G>C,isoniazid,"NADH dehydrogenase. Loss-of-function mutations raise the NADH/NAD+ ratio, which can compensate for INH-mediated inhibition of InhA (InhA requires NADH as cofactor). Not a direct resistance mutation but modulates the INH activation and target environment.",Miesel et al. 1998,0,14,871,973,0.0,0.014184,0.0,0.0001598320181063,0.0009090803222923,0.0,1,-19.93156856932417,2102830,0,False,
ndh,c.1317A>C,isoniazid,"NADH dehydrogenase. Loss-of-function mutations raise the NADH/NAD+ ratio, which can compensate for INH-mediated inhibition of InhA (InhA requires NADH as cofactor). Not a direct resistance mutation but modulates the INH activation and target environment.",Miesel et al. 1998,0,14,871,973,0.0,0.014184,0.0,0.0001598320181063,0.0009090803222923,0.0,1,-19.93156856932417,2101726,0,False,
kasA,c.1101C>T,isoniazid,Beta-ketoacyl ACP synthase involved in mycolic acid synthesis. Mutations here can partially compensate for inhA-mediated INH resistance by altering the flux through the FAS-II fatty acid synthesis pathway.,Mdluli et al. 1998,0,14,871,973,0.0,0.014184,0.0,0.0001598320181063,0.0009090803222923,0.0,1,-19.93156856932417,2519215,0,False,
gyrB,c.114T>C,fluoroquinolones,"DNA gyrase B subunit. gyrB mutations can compensate for the supercoiling defects caused by gyrA QRDR (Quinolone Resistance-Determining Region) primary resistance mutations, restoring adequate DNA replication efficiency.",Avalos Vizcaino et al.; Mayer & Fierer 2014,0,14,871,973,0.0,0.014184,0.0,0.0001598320181063,0.0009090803222923,0.0,1,-19.93156856932417,5353,0,False,
ndh,c.1029C>G,isoniazid,"NADH dehydrogenase. Loss-of-function mutations raise the NADH/NAD+ ratio, which can compensate for INH-mediated inhibition of InhA (InhA requires NADH as cofactor). Not a direct resistance mutation but modulates the INH activation and target environment.",Miesel et al. 1998,0,14,871,973,0.0,0.014184,0.0,0.0001598320181063,0.0009090803222923,0.0,1,-19.93156856932417,2102014,0,False,
rpoC,p.Ala622Ser,rifampicin,"Beta-prime subunit of RNA polymerase. Mutations here compensate for the conformational changes in the RNA polymerase complex caused by rpoB RRDR resistance mutations, restoring transcription efficiency.",Comas et al. 2012 Nat Genet; Muller et al. 2017,0,14,871,973,0.0,0.014184,0.0,0.0001598320181063,0.0009090803222923,0.0,1,-19.93156856932417,765233,0,False,
kasA,c.426T>C,isoniazid,Beta-ketoacyl ACP synthase involved in mycolic acid synthesis. Mutations here can partially compensate for inhA-mediated INH resistance by altering the flux through the FAS-II fatty acid synthesis pathway.,Mdluli et al. 1998,0,14,871,973,0.0,0.014184,0.0,0.0001598320181063,0.0009090803222923,0.0,1,-19.93156856932417,2518540,0,False,
kasA,c.543G>C,isoniazid,Beta-ketoacyl ACP synthase involved in mycolic acid synthesis. Mutations here can partially compensate for inhA-mediated INH resistance by altering the flux through the FAS-II fatty acid synthesis pathway.,Mdluli et al. 1998,0,14,871,973,0.0,0.014184,0.0,0.0001598320181063,0.0009090803222923,0.0,1,-19.93156856932417,2518657,0,False,
rpoA,c.618C>T,rifampicin,Compensates transcriptional fitness cost of rpoB RRDR mutations. Mutations in the alpha subunit of RNA polymerase restore the binding geometry disrupted by rpoB resistance mutations.,Comas et al. 2012 Nat Genet; Gagneux et al.,0,14,871,973,0.0,0.014184,0.0,0.0001598320181063,0.0009090803222923,0.0,1,-19.93156856932417,3877890,0,False,
rpoC,c.1182G>C,rifampicin,"Beta-prime subunit of RNA polymerase. Mutations here compensate for the conformational changes in the RNA polymerase complex caused by rpoB RRDR resistance mutations, restoring transcription efficiency.",Comas et al. 2012 Nat Genet; Muller et al. 2017,0,14,871,973,0.0,0.014184,0.0,0.0001598320181063,0.0009090803222923,0.0,1,-19.93156856932417,764551,0,False,
ndh,c.1308A>G,isoniazid,"NADH dehydrogenase. Loss-of-function mutations raise the NADH/NAD+ ratio, which can compensate for INH-mediated inhibition of InhA (InhA requires NADH as cofactor). Not a direct resistance mutation but modulates the INH activation and target environment.",Miesel et al. 1998,0,14,871,973,0.0,0.014184,0.0,0.0001598320181063,0.0009090803222923,0.0,1,-19.93156856932417,2101735,0,False,
rpoA,c.450G>T,rifampicin,Compensates transcriptional fitness cost of rpoB RRDR mutations. Mutations in the alpha subunit of RNA polymerase restore the binding geometry disrupted by rpoB resistance mutations.,Comas et al. 2012 Nat Genet; Gagneux et al.,0,14,871,973,0.0,0.014184,0.0,0.0001598320181063,0.0009090803222923,0.0,1,-19.93156856932417,3878058,0,False,
ndh,c.816C>T,isoniazid,"NADH dehydrogenase. Loss-of-function mutations raise the NADH/NAD+ ratio, which can compensate for INH-mediated inhibition of InhA (InhA requires NADH as cofactor). Not a direct resistance mutation but modulates the INH activation and target environment.",Miesel et al. 1998,0,14,871,973,0.0,0.014184,0.0,0.0001598320181063,0.0009090803222923,0.0,1,-19.93156856932417,2102227,0,False,
mmpR5,c.-962C>G,bedaquiline/clofazimine,"Transcriptional repressor of the MmpS5-MmpL5 efflux pump. Loss-of-function mutations in mmpR5 upregulate MmpL5-mediated drug efflux. Classified here as compensatory in the context of pre-existing BDQ resistance conferring fitness loss, though some literature treats this as a primary low-level resistance mechanism. Flag for manual review.",Andries et al.; Hartkoorn et al. 2014,0,14,871,973,0.0,0.014184,0.0,0.0001598320181063,0.0009090803222923,0.0,1,-19.93156856932417,778028,0,False,
rpoC,c.1263T>C,rifampicin,"Beta-prime subunit of RNA polymerase. Mutations here compensate for the conformational changes in the RNA polymerase complex caused by rpoB RRDR resistance mutations, restoring transcription efficiency.",Comas et al. 2012 Nat Genet; Muller et al. 2017,0,14,871,973,0.0,0.014184,0.0,0.0001598320181063,0.0009090803222923,0.0,1,-19.93156856932417,764632,0,False,
ndh,c.1275C>A,isoniazid,"NADH dehydrogenase. Loss-of-function mutations raise the NADH/NAD+ ratio, which can compensate for INH-mediated inhibition of InhA (InhA requires NADH as cofactor). Not a direct resistance mutation but modulates the INH activation and target environment.",Miesel et al. 1998,0,14,871,973,0.0,0.014184,0.0,0.0001598320181063,0.0009090803222923,0.0,1,-19.93156856932417,2101768,0,False,
ndh,c.348C>T,isoniazid,"NADH dehydrogenase. Loss-of-function mutations raise the NADH/NAD+ ratio, which can compensate for INH-mediated inhibition of InhA (InhA requires NADH as cofactor). Not a direct resistance mutation but modulates the INH activation and target environment.",Miesel et al. 1998,0,14,871,973,0.0,0.014184,0.0,0.0001598320181063,0.0009090803222923,0.0,1,-19.93156856932417,2102695,0,False,
ndh,c.1272T>G,isoniazid,"NADH dehydrogenase. Loss-of-function mutations raise the NADH/NAD+ ratio, which can compensate for INH-mediated inhibition of InhA (InhA requires NADH as cofactor). Not a direct resistance mutation but modulates the INH activation and target environment.",Miesel et al. 1998,0,14,871,973,0.0,0.014184,0.0,0.0001598320181063,0.0009090803222923,0.0,1,-19.93156856932417,2101771,0,False,
kasA,c.837G>C,isoniazid,Beta-ketoacyl ACP synthase involved in mycolic acid synthesis. Mutations here can partially compensate for inhA-mediated INH resistance by altering the flux through the FAS-II fatty acid synthesis pathway.,Mdluli et al. 1998,0,14,871,973,0.0,0.014184,0.0,0.0001598320181063,0.0009090803222923,0.0,1,-19.93156856932417,2518951,0,False,
kasA,c.1209G>C,isoniazid,Beta-ketoacyl ACP synthase involved in mycolic acid synthesis. Mutations here can partially compensate for inhA-mediated INH resistance by altering the flux through the FAS-II fatty acid synthesis pathway.,Mdluli et al. 1998,0,14,871,973,0.0,0.014184,0.0,0.0001598320181063,0.0009090803222923,0.0,1,-19.93156856932417,2519323,0,False,
ndh,c.729C>T,isoniazid,"NADH dehydrogenase. Loss-of-function mutations raise the NADH/NAD+ ratio, which can compensate for INH-mediated inhibition of InhA (InhA requires NADH as cofactor). Not a direct resistance mutation but modulates the INH activation and target environment.",Miesel et al. 1998,0,14,871,973,0.0,0.014184,0.0,0.0001598320181063,0.0009090803222923,0.0,1,-19.93156856932417,2102314,0,False,
ndh,p.Glu67Asp,isoniazid,"NADH dehydrogenase. Loss-of-function mutations raise the NADH/NAD+ ratio, which can compensate for INH-mediated inhibition of InhA (InhA requires NADH as cofactor). Not a direct resistance mutation but modulates the INH activation and target environment.",Miesel et al. 1998,0,14,871,973,0.0,0.014184,0.0,0.0001598320181063,0.0009090803222923,0.0,1,-19.93156856932417,2102842,0,False,
mmpL5,c.2409C>G,bedaquiline/clofazimine,MmpL5 efflux pump structural component. Gain-of-function mutations that increase pump activity may compensate for BDQ/CFZ fitness costs in highly resistant strains. Borderline primary/compensatory — flag for manual review.,Andries et al.; Hartkoorn et al. 2014,0,14,871,973,0.0,0.014184,0.0,0.0001598320181063,0.0009090803222923,0.0,1,-19.93156856932417,776072,0,False,
rpoC,c.3645G>C,rifampicin,"Beta-prime subunit of RNA polymerase. Mutations here compensate for the conformational changes in the RNA polymerase complex caused by rpoB RRDR resistance mutations, restoring transcription efficiency.",Comas et al. 2012 Nat Genet; Muller et al. 2017,0,14,871,973,0.0,0.014184,0.0,0.0001598320181063,0.0009090803222923,0.0,1,-19.93156856932417,767014,0,False,
mmpL5,c.642G>C,bedaquiline/clofazimine,MmpL5 efflux pump structural component. Gain-of-function mutations that increase pump activity may compensate for BDQ/CFZ fitness costs in highly resistant strains. Borderline primary/compensatory — flag for manual review.,Andries et al.; Hartkoorn et al. 2014,0,14,871,973,0.0,0.014184,0.0,0.0001598320181063,0.0009090803222923,0.0,1,-19.93156856932417,777839,0,False,
ahpC,c.555A>C,isoniazid,Alkyl hydroperoxide reductase. Upregulation compensates for the loss of KatG-mediated oxidative defence when katG is inactivated by INH-resistance mutations. Promoter mutations causing ahpC upregulation are the canonical compensatory mechanism for katG LoF.,Sherman et al. 1996; Heym et al. 1997,0,14,871,973,0.0,0.014184,0.0,0.0001598320181063,0.0009090803222923,0.0,1,-19.93156856932417,2726747,0,False,
mmpL5,p.Phe578Leu,bedaquiline/clofazimine,MmpL5 efflux pump structural component. Gain-of-function mutations that increase pump activity may compensate for BDQ/CFZ fitness costs in highly resistant strains. Borderline primary/compensatory — flag for manual review.,Andries et al.; Hartkoorn et al. 2014,0,14,871,973,0.0,0.014184,0.0,0.0001598320181063,0.0009090803222923,0.0,1,-19.93156856932417,776749,0,False,
ndh,c.87G>T,isoniazid,"NADH dehydrogenase. Loss-of-function mutations raise the NADH/NAD+ ratio, which can compensate for INH-mediated inhibition of InhA (InhA requires NADH as cofactor). Not a direct resistance mutation but modulates the INH activation and target environment.",Miesel et al. 1998,0,14,871,973,0.0,0.014184,0.0,0.0001598320181063,0.0009090803222923,0.0,1,-19.93156856932417,2102956,0,False,
rpoC,c.867G>A,rifampicin,"Beta-prime subunit of RNA polymerase. Mutations here compensate for the conformational changes in the RNA polymerase complex caused by rpoB RRDR resistance mutations, restoring transcription efficiency.",Comas et al. 2012 Nat Genet; Muller et al. 2017,0,14,871,973,0.0,0.014184,0.0,0.0001598320181063,0.0009090803222923,0.0,1,-19.93156856932417,764236,0,False,
mmpL5,c.1809G>C,bedaquiline/clofazimine,MmpL5 efflux pump structural component. Gain-of-function mutations that increase pump activity may compensate for BDQ/CFZ fitness costs in highly resistant strains. Borderline primary/compensatory — flag for manual review.,Andries et al.; Hartkoorn et al. 2014,0,14,871,973,0.0,0.014184,0.0,0.0001598320181063,0.0009090803222923,0.0,1,-19.93156856932417,776672,0,False,
mmpL5,p.Val217Ala,bedaquiline/clofazimine,MmpL5 efflux pump structural component. Gain-of-function mutations that increase pump activity may compensate for BDQ/CFZ fitness costs in highly resistant strains. Borderline primary/compensatory — flag for manual review.,Andries et al.; Hartkoorn et al. 2014,0,14,871,973,0.0,0.014184,0.0,0.0001598320181063,0.0009090803222923,0.0,1,-19.93156856932417,777831,0,False,
rpoC,c.984G>C,rifampicin,"Beta-prime subunit of RNA polymerase. Mutations here compensate for the conformational changes in the RNA polymerase complex caused by rpoB RRDR resistance mutations, restoring transcription efficiency.",Comas et al. 2012 Nat Genet; Muller et al. 2017,0,14,871,973,0.0,0.014184,0.0,0.0001598320181063,0.0009090803222923,0.0,1,-19.93156856932417,764353,0,False,
rpoA,c.771G>C,rifampicin,Compensates transcriptional fitness cost of rpoB RRDR mutations. Mutations in the alpha subunit of RNA polymerase restore the binding geometry disrupted by rpoB resistance mutations.,Comas et al. 2012 Nat Genet; Gagneux et al.,0,14,871,973,0.0,0.014184,0.0,0.0001598320181063,0.0009090803222923,0.0,1,-19.93156856932417,3877737,0,False,
rpoC,c.-357C>G,rifampicin,"Beta-prime subunit of RNA polymerase. Mutations here compensate for the conformational changes in the RNA polymerase complex caused by rpoB RRDR resistance mutations, restoring transcription efficiency.",Comas et al. 2012 Nat Genet; Muller et al. 2017,0,14,871,973,0.0,0.014184,0.0,0.0001598320181063,0.0009090803222923,0.0,1,-19.93156856932417,763013,0,False,
rpoC,c.747C>T,rifampicin,"Beta-prime subunit of RNA polymerase. Mutations here compensate for the conformational changes in the RNA polymerase complex caused by rpoB RRDR resistance mutations, restoring transcription efficiency.",Comas et al. 2012 Nat Genet; Muller et al. 2017,2,21,869,966,0.002296,0.021277,0.1079,0.0001691911525153,0.00094651838195,0.1058688147295742,1,-3.239650410757388,764116,0,False,
rpoA,c.-402A>G,rifampicin,Compensates transcriptional fitness cost of rpoB RRDR mutations. Mutations in the alpha subunit of RNA polymerase restore the binding geometry disrupted by rpoB resistance mutations.,Comas et al. 2012 Nat Genet; Gagneux et al.,2,21,869,966,0.002296,0.021277,0.1079,0.0001691911525153,0.00094651838195,0.1058688147295742,1,-3.239650410757388,3878909,0,False,
rpoC,c.99G>C,rifampicin,"Beta-prime subunit of RNA polymerase. Mutations here compensate for the conformational changes in the RNA polymerase complex caused by rpoB RRDR resistance mutations, restoring transcription efficiency.",Comas et al. 2012 Nat Genet; Muller et al. 2017,1,17,870,970,0.001148,0.017224,0.0667,0.0002046979980973,0.0011345166630903,0.0655848546315077,1,-3.93049349491194,763468,0,False,
rpoC,c.1179G>A,rifampicin,"Beta-prime subunit of RNA polymerase. Mutations here compensate for the conformational changes in the RNA polymerase complex caused by rpoB RRDR resistance mutations, restoring transcription efficiency.",Comas et al. 2012 Nat Genet; Muller et al. 2017,1,17,870,970,0.001148,0.017224,0.0667,0.0002046979980973,0.0011345166630903,0.0655848546315077,1,-3.93049349491194,764548,0,False,
gyrB,c.1821T>C,fluoroquinolones,"DNA gyrase B subunit. gyrB mutations can compensate for the supercoiling defects caused by gyrA QRDR (Quinolone Resistance-Determining Region) primary resistance mutations, restoring adequate DNA replication efficiency.",Avalos Vizcaino et al.; Mayer & Fierer 2014,1,17,870,970,0.001148,0.017224,0.0667,0.0002046979980973,0.0011345166630903,0.0655848546315077,1,-3.93049349491194,7060,0,False,
rpoA,c.828G>C,rifampicin,Compensates transcriptional fitness cost of rpoB RRDR mutations. Mutations in the alpha subunit of RNA polymerase restore the binding geometry disrupted by rpoB resistance mutations.,Comas et al. 2012 Nat Genet; Gagneux et al.,1,17,870,970,0.001148,0.017224,0.0667,0.0002046979980973,0.0011345166630903,0.0655848546315077,1,-3.93049349491194,3877680,0,False,
kasA,c.1149C>T,isoniazid,Beta-ketoacyl ACP synthase involved in mycolic acid synthesis. Mutations here can partially compensate for inhA-mediated INH resistance by altering the flux through the FAS-II fatty acid synthesis pathway.,Mdluli et al. 1998,1,17,870,970,0.001148,0.017224,0.0667,0.0002046979980973,0.0011345166630903,0.0655848546315077,1,-3.93049349491194,2519263,0,False,
ahpC,p.Gln14Glu,isoniazid,Alkyl hydroperoxide reductase. Upregulation compensates for the loss of KatG-mediated oxidative defence when katG is inactivated by INH-resistance mutations. Promoter mutations causing ahpC upregulation are the canonical compensatory mechanism for katG LoF.,Sherman et al. 1996; Heym et al. 1997,0,13,871,974,0.0,0.013171,0.0,0.0003087561255719,0.0016208847428265,0.0,1,-19.93156856932417,2726232,0,False,
rpoC,c.885G>C,rifampicin,"Beta-prime subunit of RNA polymerase. Mutations here compensate for the conformational changes in the RNA polymerase complex caused by rpoB RRDR resistance mutations, restoring transcription efficiency.",Comas et al. 2012 Nat Genet; Muller et al. 2017,0,13,871,974,0.0,0.013171,0.0,0.0003087561255719,0.0016208847428265,0.0,1,-19.93156856932417,764254,0,False,
kasA,c.1104G>A,isoniazid,Beta-ketoacyl ACP synthase involved in mycolic acid synthesis. Mutations here can partially compensate for inhA-mediated INH resistance by altering the flux through the FAS-II fatty acid synthesis pathway.,Mdluli et al. 1998,0,13,871,974,0.0,0.013171,0.0,0.0003087561255719,0.0016208847428265,0.0,1,-19.93156856932417,2519218,0,False,
mmpL5,c.1776C>T,bedaquiline/clofazimine,MmpL5 efflux pump structural component. Gain-of-function mutations that increase pump activity may compensate for BDQ/CFZ fitness costs in highly resistant strains. Borderline primary/compensatory — flag for manual review.,Andries et al.; Hartkoorn et al. 2014,0,13,871,974,0.0,0.013171,0.0,0.0003087561255719,0.0016208847428265,0.0,1,-19.93156856932417,776705,0,False,
mmpL5,c.2076T>G,bedaquiline/clofazimine,MmpL5 efflux pump structural component. Gain-of-function mutations that increase pump activity may compensate for BDQ/CFZ fitness costs in highly resistant strains. Borderline primary/compensatory — flag for manual review.,Andries et al.; Hartkoorn et al. 2014,0,13,871,974,0.0,0.013171,0.0,0.0003087561255719,0.0016208847428265,0.0,1,-19.93156856932417,776405,0,False,
rpoA,c.951C>G,rifampicin,Compensates transcriptional fitness cost of rpoB RRDR mutations. Mutations in the alpha subunit of RNA polymerase restore the binding geometry disrupted by rpoB resistance mutations.,Comas et al. 2012 Nat Genet; Gagneux et al.,0,13,871,974,0.0,0.013171,0.0,0.0003087561255719,0.0016208847428265,0.0,1,-19.93156856932417,3877557,0,False,
mmpL5,c.2352C>G,bedaquiline/clofazimine,MmpL5 efflux pump structural component. Gain-of-function mutations that increase pump activity may compensate for BDQ/CFZ fitness costs in highly resistant strains. Borderline primary/compensatory — flag for manual review.,Andries et al.; Hartkoorn et al. 2014,0,13,871,974,0.0,0.013171,0.0,0.0003087561255719,0.0016208847428265,0.0,1,-19.93156856932417,776129,0,False,
kasA,c.1116C>T,isoniazid,Beta-ketoacyl ACP synthase involved in mycolic acid synthesis. Mutations here can partially compensate for inhA-mediated INH resistance by altering the flux through the FAS-II fatty acid synthesis pathway.,Mdluli et al. 1998,0,13,871,974,0.0,0.013171,0.0,0.0003087561255719,0.0016208847428265,0.0,1,-19.93156856932417,2519230,0,False,
rpoC,p.Tyr248Phe,rifampicin,"Beta-prime subunit of RNA polymerase. Mutations here compensate for the conformational changes in the RNA polymerase complex caused by rpoB RRDR resistance mutations, restoring transcription efficiency.",Comas et al. 2012 Nat Genet; Muller et al. 2017,2,20,869,967,0.002296,0.020263,0.1133,0.0003051779735552,0.0016208847428265,0.111277330264672,1,-3.167768382224921,764112,0,False,
rpoC,c.1977C>G,rifampicin,"Beta-prime subunit of RNA polymerase. Mutations here compensate for the conformational changes in the RNA polymerase complex caused by rpoB RRDR resistance mutations, restoring transcription efficiency.",Comas et al. 2012 Nat Genet; Muller et al. 2017,0,13,871,974,0.0,0.013171,0.0,0.0003087561255719,0.0016208847428265,0.0,1,-19.93156856932417,765346,0,False,
ndh,c.531G>C,isoniazid,"NADH dehydrogenase. Loss-of-function mutations raise the NADH/NAD+ ratio, which can compensate for INH-mediated inhibition of InhA (InhA requires NADH as cofactor). Not a direct resistance mutation but modulates the INH activation and target environment.",Miesel et al. 1998,0,13,871,974,0.0,0.013171,0.0,0.0003087561255719,0.0016208847428265,0.0,1,-19.93156856932417,2102512,0,False,
ndh,c.630G>C,isoniazid,"NADH dehydrogenase. Loss-of-function mutations raise the NADH/NAD+ ratio, which can compensate for INH-mediated inhibition of InhA (InhA requires NADH as cofactor). Not a direct resistance mutation but modulates the INH activation and target environment.",Miesel et al. 1998,0,13,871,974,0.0,0.013171,0.0,0.0003087561255719,0.0016208847428265,0.0,1,-19.93156856932417,2102413,0,False,
ndh,c.495A>G,isoniazid,"NADH dehydrogenase. Loss-of-function mutations raise the NADH/NAD+ ratio, which can compensate for INH-mediated inhibition of InhA (InhA requires NADH as cofactor). Not a direct resistance mutation but modulates the INH activation and target environment.",Miesel et al. 1998,0,13,871,974,0.0,0.013171,0.0,0.0003087561255719,0.0016208847428265,0.0,1,-19.93156856932417,2102548,0,False,
mmpR5,c.-956A>G,bedaquiline/clofazimine,"Transcriptional repressor of the MmpS5-MmpL5 efflux pump. Loss-of-function mutations in mmpR5 upregulate MmpL5-mediated drug efflux. Classified here as compensatory in the context of pre-existing BDQ resistance conferring fitness loss, though some literature treats this as a primary low-level resistance mechanism. Flag for manual review.",Andries et al.; Hartkoorn et al. 2014,2,20,869,967,0.002296,0.020263,0.1133,0.0003051779735552,0.0016208847428265,0.111277330264672,1,-3.167768382224921,778034,0,False,
rpoA,c.483C>T,rifampicin,Compensates transcriptional fitness cost of rpoB RRDR mutations. Mutations in the alpha subunit of RNA polymerase restore the binding geometry disrupted by rpoB resistance mutations.,Comas et al. 2012 Nat Genet; Gagneux et al.,0,13,871,974,0.0,0.013171,0.0,0.0003087561255719,0.0016208847428265,0.0,1,-19.93156856932417,3878025,0,False,
gyrB,c.180T>C,fluoroquinolones,"DNA gyrase B subunit. gyrB mutations can compensate for the supercoiling defects caused by gyrA QRDR (Quinolone Resistance-Determining Region) primary resistance mutations, restoring adequate DNA replication efficiency.",Avalos Vizcaino et al.; Mayer & Fierer 2014,0,13,871,974,0.0,0.013171,0.0,0.0003087561255719,0.0016208847428265,0.0,1,-19.93156856932417,5419,0,False,
rpoC,c.3915C>G,rifampicin,"Beta-prime subunit of RNA polymerase. Mutations here compensate for the conformational changes in the RNA polymerase complex caused by rpoB RRDR resistance mutations, restoring transcription efficiency.",Comas et al. 2012 Nat Genet; Muller et al. 2017,0,13,871,974,0.0,0.013171,0.0,0.0003087561255719,0.0016208847428265,0.0,1,-19.93156856932417,767284,0,False,
rpoA,c.-566A>G,rifampicin,Compensates transcriptional fitness cost of rpoB RRDR mutations. Mutations in the alpha subunit of RNA polymerase restore the binding geometry disrupted by rpoB resistance mutations.,Comas et al. 2012 Nat Genet; Gagneux et al.,0,13,871,974,0.0,0.013171,0.0,0.0003087561255719,0.0016208847428265,0.0,1,-19.93156856932417,3879073,0,False,
ndh,c.300C>G,isoniazid,"NADH dehydrogenase. Loss-of-function mutations raise the NADH/NAD+ ratio, which can compensate for INH-mediated inhibition of InhA (InhA requires NADH as cofactor). Not a direct resistance mutation but modulates the INH activation and target environment.",Miesel et al. 1998,0,13,871,974,0.0,0.013171,0.0,0.0003087561255719,0.0016208847428265,0.0,1,-19.93156856932417,2102743,0,False,
rpoC,c.2919C>G,rifampicin,"Beta-prime subunit of RNA polymerase. Mutations here compensate for the conformational changes in the RNA polymerase complex caused by rpoB RRDR resistance mutations, restoring transcription efficiency.",Comas et al. 2012 Nat Genet; Muller et al. 2017,0,13,871,974,0.0,0.013171,0.0,0.0003087561255719,0.0016208847428265,0.0,1,-19.93156856932417,766288,0,False,
mmpR5,c.-926G>C,bedaquiline/clofazimine,"Transcriptional repressor of the MmpS5-MmpL5 efflux pump. Loss-of-function mutations in mmpR5 upregulate MmpL5-mediated drug efflux. Classified here as compensatory in the context of pre-existing BDQ resistance conferring fitness loss, though some literature treats this as a primary low-level resistance mechanism. Flag for manual review.",Andries et al.; Hartkoorn et al. 2014,0,13,871,974,0.0,0.013171,0.0,0.0003087561255719,0.0016208847428265,0.0,1,-19.93156856932417,778064,0,False,
ahpC,c.138G>A,isoniazid,Alkyl hydroperoxide reductase. Upregulation compensates for the loss of KatG-mediated oxidative defence when katG is inactivated by INH-resistance mutations. Promoter mutations causing ahpC upregulation are the canonical compensatory mechanism for katG LoF.,Sherman et al. 1996; Heym et al. 1997,0,13,871,974,0.0,0.013171,0.0,0.0003087561255719,0.0016208847428265,0.0,1,-19.93156856932417,2726330,0,False,
ndh,c.618G>C,isoniazid,"NADH dehydrogenase. Loss-of-function mutations raise the NADH/NAD+ ratio, which can compensate for INH-mediated inhibition of InhA (InhA requires NADH as cofactor). Not a direct resistance mutation but modulates the INH activation and target environment.",Miesel et al. 1998,0,13,871,974,0.0,0.013171,0.0,0.0003087561255719,0.0016208847428265,0.0,1,-19.93156856932417,2102425,0,False,
ndh,c.516A>C,isoniazid,"NADH dehydrogenase. Loss-of-function mutations raise the NADH/NAD+ ratio, which can compensate for INH-mediated inhibition of InhA (InhA requires NADH as cofactor). Not a direct resistance mutation but modulates the INH activation and target environment.",Miesel et al. 1998,0,13,871,974,0.0,0.013171,0.0,0.0003087561255719,0.0016208847428265,0.0,1,-19.93156856932417,2102527,0,False,
rpoC,p.Val836Ile,rifampicin,"Beta-prime subunit of RNA polymerase. Mutations here compensate for the conformational changes in the RNA polymerase complex caused by rpoB RRDR resistance mutations, restoring transcription efficiency.",Comas et al. 2012 Nat Genet; Muller et al. 2017,0,13,871,974,0.0,0.013171,0.0,0.0003087561255719,0.0016208847428265,0.0,1,-19.93156856932417,765875,0,False,
mmpL5,c.1485C>G,bedaquiline/clofazimine,MmpL5 efflux pump structural component. Gain-of-function mutations that increase pump activity may compensate for BDQ/CFZ fitness costs in highly resistant strains. Borderline primary/compensatory — flag for manual review.,Andries et al.; Hartkoorn et al. 2014,0,13,871,974,0.0,0.013171,0.0,0.0003087561255719,0.0016208847428265,0.0,1,-19.93156856932417,776996,0,False,
ahpC,c.27A>G,isoniazid,Alkyl hydroperoxide reductase. Upregulation compensates for the loss of KatG-mediated oxidative defence when katG is inactivated by INH-resistance mutations. Promoter mutations causing ahpC upregulation are the canonical compensatory mechanism for katG LoF.,Sherman et al. 1996; Heym et al. 1997,0,13,871,974,0.0,0.013171,0.0,0.0003087561255719,0.0016208847428265,0.0,1,-19.93156856932417,2726219,0,False,
rpoC,c.3633G>C,rifampicin,"Beta-prime subunit of RNA polymerase. Mutations here compensate for the conformational changes in the RNA polymerase complex caused by rpoB RRDR resistance mutations, restoring transcription efficiency.",Comas et al. 2012 Nat Genet; Muller et al. 2017,0,13,871,974,0.0,0.013171,0.0,0.0003087561255719,0.0016208847428265,0.0,1,-19.93156856932417,767002,0,False,
ndh,c.180C>G,isoniazid,"NADH dehydrogenase. Loss-of-function mutations raise the NADH/NAD+ ratio, which can compensate for INH-mediated inhibition of InhA (InhA requires NADH as cofactor). Not a direct resistance mutation but modulates the INH activation and target environment.",Miesel et al. 1998,0,13,871,974,0.0,0.013171,0.0,0.0003087561255719,0.0016208847428265,0.0,1,-19.93156856932417,2102863,0,False,
gyrB,c.843G>A,fluoroquinolones,"DNA gyrase B subunit. gyrB mutations can compensate for the supercoiling defects caused by gyrA QRDR (Quinolone Resistance-Determining Region) primary resistance mutations, restoring adequate DNA replication efficiency.",Avalos Vizcaino et al.; Mayer & Fierer 2014,0,13,871,974,0.0,0.013171,0.0,0.0003087561255719,0.0016208847428265,0.0,1,-19.93156856932417,6082,0,False,
ndh,c.906G>C,isoniazid,"NADH dehydrogenase. Loss-of-function mutations raise the NADH/NAD+ ratio, which can compensate for INH-mediated inhibition of InhA (InhA requires NADH as cofactor). Not a direct resistance mutation but modulates the INH activation and target environment.",Miesel et al. 1998,0,13,871,974,0.0,0.013171,0.0,0.0003087561255719,0.0016208847428265,0.0,1,-19.93156856932417,2102137,0,False,
rpoC,c.2946C>G,rifampicin,"Beta-prime subunit of RNA polymerase. Mutations here compensate for the conformational changes in the RNA polymerase complex caused by rpoB RRDR resistance mutations, restoring transcription efficiency.",Comas et al. 2012 Nat Genet; Muller et al. 2017,0,13,871,974,0.0,0.013171,0.0,0.0003087561255719,0.0016208847428265,0.0,1,-19.93156856932417,766315,0,False,
gyrB,c.69G>C,fluoroquinolones,"DNA gyrase B subunit. gyrB mutations can compensate for the supercoiling defects caused by gyrA QRDR (Quinolone Resistance-Determining Region) primary resistance mutations, restoring adequate DNA replication efficiency.",Avalos Vizcaino et al.; Mayer & Fierer 2014,0,13,871,974,0.0,0.013171,0.0,0.0003087561255719,0.0016208847428265,0.0,1,-19.93156856932417,5308,0,False,
rpoA,c.324C>T,rifampicin,Compensates transcriptional fitness cost of rpoB RRDR mutations. Mutations in the alpha subunit of RNA polymerase restore the binding geometry disrupted by rpoB resistance mutations.,Comas et al. 2012 Nat Genet; Gagneux et al.,0,13,871,974,0.0,0.013171,0.0,0.0003087561255719,0.0016208847428265,0.0,1,-19.93156856932417,3878184,0,False,
mmpL5,c.2560C>T,bedaquiline/clofazimine,MmpL5 efflux pump structural component. Gain-of-function mutations that increase pump activity may compensate for BDQ/CFZ fitness costs in highly resistant strains. Borderline primary/compensatory — flag for manual review.,Andries et al.; Hartkoorn et al. 2014,0,13,871,974,0.0,0.013171,0.0,0.0003087561255719,0.0016208847428265,0.0,1,-19.93156856932417,775921,0,False,
rpoA,c.381G>C,rifampicin,Compensates transcriptional fitness cost of rpoB RRDR mutations. Mutations in the alpha subunit of RNA polymerase restore the binding geometry disrupted by rpoB resistance mutations.,Comas et al. 2012 Nat Genet; Gagneux et al.,0,13,871,974,0.0,0.013171,0.0,0.0003087561255719,0.0016208847428265,0.0,1,-19.93156856932417,3878127,0,False,
rpoC,c.3249G>T,rifampicin,"Beta-prime subunit of RNA polymerase. Mutations here compensate for the conformational changes in the RNA polymerase complex caused by rpoB RRDR resistance mutations, restoring transcription efficiency.",Comas et al. 2012 Nat Genet; Muller et al. 2017,0,13,871,974,0.0,0.013171,0.0,0.0003087561255719,0.0016208847428265,0.0,1,-19.93156856932417,766618,0,False,
ndh,c.253C>T,isoniazid,"NADH dehydrogenase. Loss-of-function mutations raise the NADH/NAD+ ratio, which can compensate for INH-mediated inhibition of InhA (InhA requires NADH as cofactor). Not a direct resistance mutation but modulates the INH activation and target environment.",Miesel et al. 1998,0,13,871,974,0.0,0.013171,0.0,0.0003087561255719,0.0016208847428265,0.0,1,-19.93156856932417,2102790,0,False,
kasA,c.360G>A,isoniazid,Beta-ketoacyl ACP synthase involved in mycolic acid synthesis. Mutations here can partially compensate for inhA-mediated INH resistance by altering the flux through the FAS-II fatty acid synthesis pathway.,Mdluli et al. 1998,1,16,870,971,0.001148,0.016211,0.0708,0.0003735692442436,0.0019440266450717,0.0697557471264367,1,-3.841544105316898,2518474,0,False,
kasA,c.528A>G,isoniazid,Beta-ketoacyl ACP synthase involved in mycolic acid synthesis. Mutations here can partially compensate for inhA-mediated INH resistance by altering the flux through the FAS-II fatty acid synthesis pathway.,Mdluli et al. 1998,1,16,870,971,0.001148,0.016211,0.0708,0.0003735692442436,0.0019440266450717,0.0697557471264367,1,-3.841544105316898,2518642,0,False,
rpoC,c.3042C>G,rifampicin,"Beta-prime subunit of RNA polymerase. Mutations here compensate for the conformational changes in the RNA polymerase complex caused by rpoB RRDR resistance mutations, restoring transcription efficiency.",Comas et al. 2012 Nat Genet; Muller et al. 2017,1,16,870,971,0.001148,0.016211,0.0708,0.0003735692442436,0.0019440266450717,0.0697557471264367,1,-3.841544105316898,766411,0,False,
rpoC,c.345G>C,rifampicin,"Beta-prime subunit of RNA polymerase. Mutations here compensate for the conformational changes in the RNA polymerase complex caused by rpoB RRDR resistance mutations, restoring transcription efficiency.",Comas et al. 2012 Nat Genet; Muller et al. 2017,1,16,870,971,0.001148,0.016211,0.0708,0.0003735692442436,0.0019440266450717,0.0697557471264367,1,-3.841544105316898,763714,0,False,
rpoA,c.462T>C,rifampicin,Compensates transcriptional fitness cost of rpoB RRDR mutations. Mutations in the alpha subunit of RNA polymerase restore the binding geometry disrupted by rpoB resistance mutations.,Comas et al. 2012 Nat Genet; Gagneux et al.,1,16,870,971,0.001148,0.016211,0.0708,0.0003735692442436,0.0019440266450717,0.0697557471264367,1,-3.841544105316898,3878046,0,False,
rpoC,p.Glu1033Ala,rifampicin,"Beta-prime subunit of RNA polymerase. Mutations here compensate for the conformational changes in the RNA polymerase complex caused by rpoB RRDR resistance mutations, restoring transcription efficiency.",Comas et al. 2012 Nat Genet; Muller et al. 2017,10,0,861,987,0.011481,0.0,11481.0563,0.0004985871957989,0.0025861501069049,999.0,1,9.964340867792416,766467,0,False,
rpoC,p.Pro1040Arg,rifampicin,"Beta-prime subunit of RNA polymerase. Mutations here compensate for the conformational changes in the RNA polymerase complex caused by rpoB RRDR resistance mutations, restoring transcription efficiency.",Comas et al. 2012 Nat Genet; Muller et al. 2017,10,0,861,987,0.011481,0.0,11481.0563,0.0004985871957989,0.0025861501069049,999.0,1,9.964340867792416,766488,0,False,
rpoC,c.39T>C,rifampicin,"Beta-prime subunit of RNA polymerase. Mutations here compensate for the conformational changes in the RNA polymerase complex caused by rpoB RRDR resistance mutations, restoring transcription efficiency.",Comas et al. 2012 Nat Genet; Muller et al. 2017,2,19,869,968,0.002296,0.01925,0.1193,0.0005483067631698,0.0028134622299427,0.1172551632245169,1,-3.092276642983391,763408,0,False,
rpoA,c.-191A>G,rifampicin,Compensates transcriptional fitness cost of rpoB RRDR mutations. Mutations in the alpha subunit of RNA polymerase restore the binding geometry disrupted by rpoB resistance mutations.,Comas et al. 2012 Nat Genet; Gagneux et al.,2,19,869,968,0.002296,0.01925,0.1193,0.0005483067631698,0.0028134622299427,0.1172551632245169,1,-3.092276642983391,3878698,0,False,
rpoC,c.1120C>T,rifampicin,"Beta-prime subunit of RNA polymerase. Mutations here compensate for the conformational changes in the RNA polymerase complex caused by rpoB RRDR resistance mutations, restoring transcription efficiency.",Comas et al. 2012 Nat Genet; Muller et al. 2017,2,19,869,968,0.002296,0.01925,0.1193,0.0005483067631698,0.0028134622299427,0.1172551632245169,1,-3.092276642983391,764489,0,False,
rpoC,c.3153C>G,rifampicin,"Beta-prime subunit of RNA polymerase. Mutations here compensate for the conformational changes in the RNA polymerase complex caused by rpoB RRDR resistance mutations, restoring transcription efficiency.",Comas et al. 2012 Nat Genet; Muller et al. 2017,2,19,869,968,0.002296,0.01925,0.1193,0.0005483067631698,0.0028134622299427,0.1172551632245169,1,-3.092276642983391,766522,0,False,
rpoC,p.Leu679Val,rifampicin,"Beta-prime subunit of RNA polymerase. Mutations here compensate for the conformational changes in the RNA polymerase complex caused by rpoB RRDR resistance mutations, restoring transcription efficiency.",Comas et al. 2012 Nat Genet; Muller et al. 2017,2,19,869,968,0.002296,0.01925,0.1193,0.0005483067631698,0.0028134622299427,0.1172551632245169,1,-3.092276642983391,765404,0,False,
ndh,c.468G>A,isoniazid,"NADH dehydrogenase. Loss-of-function mutations raise the NADH/NAD+ ratio, which can compensate for INH-mediated inhibition of InhA (InhA requires NADH as cofactor). Not a direct resistance mutation but modulates the INH activation and target environment.",Miesel et al. 1998,0,12,871,975,0.0,0.012158,0.0,0.0005974467439184,0.0029667178584587,0.0,1,-19.93156856932417,2102575,0,False,
rpoC,c.-996G>C,rifampicin,"Beta-prime subunit of RNA polymerase. Mutations here compensate for the conformational changes in the RNA polymerase complex caused by rpoB RRDR resistance mutations, restoring transcription efficiency.",Comas et al. 2012 Nat Genet; Muller et al. 2017,0,12,871,975,0.0,0.012158,0.0,0.0005974467439184,0.0029667178584587,0.0,1,-19.93156856932417,762374,0,False,
ndh,c.375T>C,isoniazid,"NADH dehydrogenase. Loss-of-function mutations raise the NADH/NAD+ ratio, which can compensate for INH-mediated inhibition of InhA (InhA requires NADH as cofactor). Not a direct resistance mutation but modulates the INH activation and target environment.",Miesel et al. 1998,0,12,871,975,0.0,0.012158,0.0,0.0005974467439184,0.0029667178584587,0.0,1,-19.93156856932417,2102668,0,False,
kasA,c.531G>C,isoniazid,Beta-ketoacyl ACP synthase involved in mycolic acid synthesis. Mutations here can partially compensate for inhA-mediated INH resistance by altering the flux through the FAS-II fatty acid synthesis pathway.,Mdluli et al. 1998,0,12,871,975,0.0,0.012158,0.0,0.0005974467439184,0.0029667178584587,0.0,1,-19.93156856932417,2518645,0,False,
rpoC,c.2043T>C,rifampicin,"Beta-prime subunit of RNA polymerase. Mutations here compensate for the conformational changes in the RNA polymerase complex caused by rpoB RRDR resistance mutations, restoring transcription efficiency.",Comas et al. 2012 Nat Genet; Muller et al. 2017,0,12,871,975,0.0,0.012158,0.0,0.0005974467439184,0.0029667178584587,0.0,1,-19.93156856932417,765412,0,False,
mmpL5,p.Val210Ala,bedaquiline/clofazimine,MmpL5 efflux pump structural component. Gain-of-function mutations that increase pump activity may compensate for BDQ/CFZ fitness costs in highly resistant strains. Borderline primary/compensatory — flag for manual review.,Andries et al.; Hartkoorn et al. 2014,0,12,871,975,0.0,0.012158,0.0,0.0005974467439184,0.0029667178584587,0.0,1,-19.93156856932417,777852,0,False,
gyrB,p.Thr214Ser,fluoroquinolones,"DNA gyrase B subunit. gyrB mutations can compensate for the supercoiling defects caused by gyrA QRDR (Quinolone Resistance-Determining Region) primary resistance mutations, restoring adequate DNA replication efficiency.",Avalos Vizcaino et al.; Mayer & Fierer 2014,0,12,871,975,0.0,0.012158,0.0,0.0005974467439184,0.0029667178584587,0.0,1,-19.93156856932417,5880,0,False,
ahpC,c.12A>G,isoniazid,Alkyl hydroperoxide reductase. Upregulation compensates for the loss of KatG-mediated oxidative defence when katG is inactivated by INH-resistance mutations. Promoter mutations causing ahpC upregulation are the canonical compensatory mechanism for katG LoF.,Sherman et al. 1996; Heym et al. 1997,0,12,871,975,0.0,0.012158,0.0,0.0005974467439184,0.0029667178584587,0.0,1,-19.93156856932417,2726204,0,False,
ndh,c.307T>C,isoniazid,"NADH dehydrogenase. Loss-of-function mutations raise the NADH/NAD+ ratio, which can compensate for INH-mediated inhibition of InhA (InhA requires NADH as cofactor). Not a direct resistance mutation but modulates the INH activation and target environment.",Miesel et al. 1998,0,12,871,975,0.0,0.012158,0.0,0.0005974467439184,0.0029667178584587,0.0,1,-19.93156856932417,2102736,0,False,
mmpL5,c.2755C>T,bedaquiline/clofazimine,MmpL5 efflux pump structural component. Gain-of-function mutations that increase pump activity may compensate for BDQ/CFZ fitness costs in highly resistant strains. Borderline primary/compensatory — flag for manual review.,Andries et al.; Hartkoorn et al. 2014,0,12,871,975,0.0,0.012158,0.0,0.0005974467439184,0.0029667178584587,0.0,1,-19.93156856932417,775726,0,False,
rpoC,c.1131C>G,rifampicin,"Beta-prime subunit of RNA polymerase. Mutations here compensate for the conformational changes in the RNA polymerase complex caused by rpoB RRDR resistance mutations, restoring transcription efficiency.",Comas et al. 2012 Nat Genet; Muller et al. 2017,0,12,871,975,0.0,0.012158,0.0,0.0005974467439184,0.0029667178584587,0.0,1,-19.93156856932417,764500,0,False,
rpoC,c.1422C>G,rifampicin,"Beta-prime subunit of RNA polymerase. Mutations here compensate for the conformational changes in the RNA polymerase complex caused by rpoB RRDR resistance mutations, restoring transcription efficiency.",Comas et al. 2012 Nat Genet; Muller et al. 2017,0,12,871,975,0.0,0.012158,0.0,0.0005974467439184,0.0029667178584587,0.0,1,-19.93156856932417,764791,0,False,
ndh,c.1314G>C,isoniazid,"NADH dehydrogenase. Loss-of-function mutations raise the NADH/NAD+ ratio, which can compensate for INH-mediated inhibition of InhA (InhA requires NADH as cofactor). Not a direct resistance mutation but modulates the INH activation and target environment.",Miesel et al. 1998,0,12,871,975,0.0,0.012158,0.0,0.0005974467439184,0.0029667178584587,0.0,1,-19.93156856932417,2101729,0,False,
rpoC,c.1455T>C,rifampicin,"Beta-prime subunit of RNA polymerase. Mutations here compensate for the conformational changes in the RNA polymerase complex caused by rpoB RRDR resistance mutations, restoring transcription efficiency.",Comas et al. 2012 Nat Genet; Muller et al. 2017,0,12,871,975,0.0,0.012158,0.0,0.0005974467439184,0.0029667178584587,0.0,1,-19.93156856932417,764824,0,False,
rpoC,c.3282T>C,rifampicin,"Beta-prime subunit of RNA polymerase. Mutations here compensate for the conformational changes in the RNA polymerase complex caused by rpoB RRDR resistance mutations, restoring transcription efficiency.",Comas et al. 2012 Nat Genet; Muller et al. 2017,0,12,871,975,0.0,0.012158,0.0,0.0005974467439184,0.0029667178584587,0.0,1,-19.93156856932417,766651,0,False,
kasA,c.-84G>T,isoniazid,Beta-ketoacyl ACP synthase involved in mycolic acid synthesis. Mutations here can partially compensate for inhA-mediated INH resistance by altering the flux through the FAS-II fatty acid synthesis pathway.,Mdluli et al. 1998,0,12,871,975,0.0,0.012158,0.0,0.0005974467439184,0.0029667178584587,0.0,1,-19.93156856932417,2518031,0,False,
kasA,c.246C>T,isoniazid,Beta-ketoacyl ACP synthase involved in mycolic acid synthesis. Mutations here can partially compensate for inhA-mediated INH resistance by altering the flux through the FAS-II fatty acid synthesis pathway.,Mdluli et al. 1998,0,12,871,975,0.0,0.012158,0.0,0.0005974467439184,0.0029667178584587,0.0,1,-19.93156856932417,2518360,0,False,
ndh,p.Glu102Asp,isoniazid,"NADH dehydrogenase. Loss-of-function mutations raise the NADH/NAD+ ratio, which can compensate for INH-mediated inhibition of InhA (InhA requires NADH as cofactor). Not a direct resistance mutation but modulates the INH activation and target environment.",Miesel et al. 1998,0,12,871,975,0.0,0.012158,0.0,0.0005974467439184,0.0029667178584587,0.0,1,-19.93156856932417,2102737,0,False,
rpoC,c.1995G>A,rifampicin,"Beta-prime subunit of RNA polymerase. Mutations here compensate for the conformational changes in the RNA polymerase complex caused by rpoB RRDR resistance mutations, restoring transcription efficiency.",Comas et al. 2012 Nat Genet; Muller et al. 2017,0,12,871,975,0.0,0.012158,0.0,0.0005974467439184,0.0029667178584587,0.0,1,-19.93156856932417,765364,0,False,
ahpC,c.24T>C,isoniazid,Alkyl hydroperoxide reductase. Upregulation compensates for the loss of KatG-mediated oxidative defence when katG is inactivated by INH-resistance mutations. Promoter mutations causing ahpC upregulation are the canonical compensatory mechanism for katG LoF.,Sherman et al. 1996; Heym et al. 1997,0,12,871,975,0.0,0.012158,0.0,0.0005974467439184,0.0029667178584587,0.0,1,-19.93156856932417,2726216,0,False,
ndh,p.Cys98Phe,isoniazid,"NADH dehydrogenase. Loss-of-function mutations raise the NADH/NAD+ ratio, which can compensate for INH-mediated inhibition of InhA (InhA requires NADH as cofactor). Not a direct resistance mutation but modulates the INH activation and target environment.",Miesel et al. 1998,0,12,871,975,0.0,0.012158,0.0,0.0005974467439184,0.0029667178584587,0.0,1,-19.93156856932417,2102750,0,False,
mmpL5,p.Glu615Asp,bedaquiline/clofazimine,MmpL5 efflux pump structural component. Gain-of-function mutations that increase pump activity may compensate for BDQ/CFZ fitness costs in highly resistant strains. Borderline primary/compensatory — flag for manual review.,Andries et al.; Hartkoorn et al. 2014,0,12,871,975,0.0,0.012158,0.0,0.0005974467439184,0.0029667178584587,0.0,1,-19.93156856932417,776636,0,False,
ndh,c.1158G>A,isoniazid,"NADH dehydrogenase. Loss-of-function mutations raise the NADH/NAD+ ratio, which can compensate for INH-mediated inhibition of InhA (InhA requires NADH as cofactor). Not a direct resistance mutation but modulates the INH activation and target environment.",Miesel et al. 1998,0,12,871,975,0.0,0.012158,0.0,0.0005974467439184,0.0029667178584587,0.0,1,-19.93156856932417,2101885,0,False,
ndh,p.Gln97Lys,isoniazid,"NADH dehydrogenase. Loss-of-function mutations raise the NADH/NAD+ ratio, which can compensate for INH-mediated inhibition of InhA (InhA requires NADH as cofactor). Not a direct resistance mutation but modulates the INH activation and target environment.",Miesel et al. 1998,0,12,871,975,0.0,0.012158,0.0,0.0005974467439184,0.0029667178584587,0.0,1,-19.93156856932417,2102754,0,False,
ahpC,c.477T>C,isoniazid,Alkyl hydroperoxide reductase. Upregulation compensates for the loss of KatG-mediated oxidative defence when katG is inactivated by INH-resistance mutations. Promoter mutations causing ahpC upregulation are the canonical compensatory mechanism for katG LoF.,Sherman et al. 1996; Heym et al. 1997,0,12,871,975,0.0,0.012158,0.0,0.0005974467439184,0.0029667178584587,0.0,1,-19.93156856932417,2726669,0,False,
mmpL5,c.2580G>A,bedaquiline/clofazimine,MmpL5 efflux pump structural component. Gain-of-function mutations that increase pump activity may compensate for BDQ/CFZ fitness costs in highly resistant strains. Borderline primary/compensatory — flag for manual review.,Andries et al.; Hartkoorn et al. 2014,1,15,870,972,0.001148,0.015198,0.0755,0.0006805567591429,0.0033549760894937,0.0744827586206896,1,-3.746949682738829,775901,0,False,
rpoA,c.804G>T,rifampicin,Compensates transcriptional fitness cost of rpoB RRDR mutations. Mutations in the alpha subunit of RNA polymerase restore the binding geometry disrupted by rpoB resistance mutations.,Comas et al. 2012 Nat Genet; Gagneux et al.,1,15,870,972,0.001148,0.015198,0.0755,0.0006805567591429,0.0033549760894937,0.0744827586206896,1,-3.746949682738829,3877704,0,False,
rpoA,c.-455G>C,rifampicin,Compensates transcriptional fitness cost of rpoB RRDR mutations. Mutations in the alpha subunit of RNA polymerase restore the binding geometry disrupted by rpoB resistance mutations.,Comas et al. 2012 Nat Genet; Gagneux et al.,1,15,870,972,0.001148,0.015198,0.0755,0.0006805567591429,0.0033549760894937,0.0744827586206896,1,-3.746949682738829,3878962,0,False,
rpoA,c.-290G>C,rifampicin,Compensates transcriptional fitness cost of rpoB RRDR mutations. Mutations in the alpha subunit of RNA polymerase restore the binding geometry disrupted by rpoB resistance mutations.,Comas et al. 2012 Nat Genet; Gagneux et al.,1,15,870,972,0.001148,0.015198,0.0755,0.0006805567591429,0.0033549760894937,0.0744827586206896,1,-3.746949682738829,3878797,0,False,
mmpL5,c.2565T>G,bedaquiline/clofazimine,MmpL5 efflux pump structural component. Gain-of-function mutations that increase pump activity may compensate for BDQ/CFZ fitness costs in highly resistant strains. Borderline primary/compensatory — flag for manual review.,Andries et al.; Hartkoorn et al. 2014,1,15,870,972,0.001148,0.015198,0.0755,0.0006805567591429,0.0033549760894937,0.0744827586206896,1,-3.746949682738829,775916,0,False,
ndh,c.498G>A,isoniazid,"NADH dehydrogenase. Loss-of-function mutations raise the NADH/NAD+ ratio, which can compensate for INH-mediated inhibition of InhA (InhA requires NADH as cofactor). Not a direct resistance mutation but modulates the INH activation and target environment.",Miesel et al. 1998,1,15,870,972,0.001148,0.015198,0.0755,0.0006805567591429,0.0033549760894937,0.0744827586206896,1,-3.746949682738829,2102545,0,False,
rpoC,p.Val245Ile,rifampicin,"Beta-prime subunit of RNA polymerase. Mutations here compensate for the conformational changes in the RNA polymerase complex caused by rpoB RRDR resistance mutations, restoring transcription efficiency.",Comas et al. 2012 Nat Genet; Muller et al. 2017,2,18,869,969,0.002296,0.018237,0.1259,0.0009806806293263,0.0048047309683217,0.1238971998465669,1,-3.0127845128416317,764102,0,False,
rpoC,c.-201A>G,rifampicin,"Beta-prime subunit of RNA polymerase. Mutations here compensate for the conformational changes in the RNA polymerase complex caused by rpoB RRDR resistance mutations, restoring transcription efficiency.",Comas et al. 2012 Nat Genet; Muller et al. 2017,2,18,869,969,0.002296,0.018237,0.1259,0.0009806806293263,0.0048047309683217,0.1238971998465669,1,-3.0127845128416317,763169,0,False,
kasA,c.993T>C,isoniazid,Beta-ketoacyl ACP synthase involved in mycolic acid synthesis. Mutations here can partially compensate for inhA-mediated INH resistance by altering the flux through the FAS-II fatty acid synthesis pathway.,Mdluli et al. 1998,2,18,869,969,0.002296,0.018237,0.1259,0.0009806806293263,0.0048047309683217,0.1238971998465669,1,-3.0127845128416317,2519107,0,False,
kasA,c.382C>T,isoniazid,Beta-ketoacyl ACP synthase involved in mycolic acid synthesis. Mutations here can partially compensate for inhA-mediated INH resistance by altering the flux through the FAS-II fatty acid synthesis pathway.,Mdluli et al. 1998,9,0,862,987,0.010333,0.0,10332.9506,0.0010694753190629,0.0052290330149265,999.0,1,9.964340867792416,2518496,0,False,
mmpL5,c.1758C>T,bedaquiline/clofazimine,MmpL5 efflux pump structural component. Gain-of-function mutations that increase pump activity may compensate for BDQ/CFZ fitness costs in highly resistant strains. Borderline primary/compensatory — flag for manual review.,Andries et al.; Hartkoorn et al. 2014,0,11,871,976,0.0,0.011145,0.0,0.0011582279791443,0.0054831983298381,0.0,1,-19.93156856932417,776723,0,False,
kasA,p.Gly87Ala,isoniazid,Beta-ketoacyl ACP synthase involved in mycolic acid synthesis. Mutations here can partially compensate for inhA-mediated INH resistance by altering the flux through the FAS-II fatty acid synthesis pathway.,Mdluli et al. 1998,0,11,871,976,0.0,0.011145,0.0,0.0011582279791443,0.0054831983298381,0.0,1,-19.93156856932417,2518374,0,False,
kasA,c.654C>G,isoniazid,Beta-ketoacyl ACP synthase involved in mycolic acid synthesis. Mutations here can partially compensate for inhA-mediated INH resistance by altering the flux through the FAS-II fatty acid synthesis pathway.,Mdluli et al. 1998,0,11,871,976,0.0,0.011145,0.0,0.0011582279791443,0.0054831983298381,0.0,1,-19.93156856932417,2518768,0,False,
rpoC,c.-990T>C,rifampicin,"Beta-prime subunit of RNA polymerase. Mutations here compensate for the conformational changes in the RNA polymerase complex caused by rpoB RRDR resistance mutations, restoring transcription efficiency.",Comas et al. 2012 Nat Genet; Muller et al. 2017,0,11,871,976,0.0,0.011145,0.0,0.0011582279791443,0.0054831983298381,0.0,1,-19.93156856932417,762380,0,False,
ndh,c.573G>A,isoniazid,"NADH dehydrogenase. Loss-of-function mutations raise the NADH/NAD+ ratio, which can compensate for INH-mediated inhibition of InhA (InhA requires NADH as cofactor). Not a direct resistance mutation but modulates the INH activation and target environment.",Miesel et al. 1998,0,11,871,976,0.0,0.011145,0.0,0.0011582279791443,0.0054831983298381,0.0,1,-19.93156856932417,2102470,0,False,
rpoC,c.2325G>C,rifampicin,"Beta-prime subunit of RNA polymerase. Mutations here compensate for the conformational changes in the RNA polymerase complex caused by rpoB RRDR resistance mutations, restoring transcription efficiency.",Comas et al. 2012 Nat Genet; Muller et al. 2017,0,11,871,976,0.0,0.011145,0.0,0.0011582279791443,0.0054831983298381,0.0,1,-19.93156856932417,765694,0,False,
rpoC,c.975C>T,rifampicin,"Beta-prime subunit of RNA polymerase. Mutations here compensate for the conformational changes in the RNA polymerase complex caused by rpoB RRDR resistance mutations, restoring transcription efficiency.",Comas et al. 2012 Nat Genet; Muller et al. 2017,0,11,871,976,0.0,0.011145,0.0,0.0011582279791443,0.0054831983298381,0.0,1,-19.93156856932417,764344,0,False,
rpoA,p.Asp179Glu,rifampicin,Compensates transcriptional fitness cost of rpoB RRDR mutations. Mutations in the alpha subunit of RNA polymerase restore the binding geometry disrupted by rpoB resistance mutations.,Comas et al. 2012 Nat Genet; Gagneux et al.,0,11,871,976,0.0,0.011145,0.0,0.0011582279791443,0.0054831983298381,0.0,1,-19.93156856932417,3877971,0,False,
gyrB,c.1014G>C,fluoroquinolones,"DNA gyrase B subunit. gyrB mutations can compensate for the supercoiling defects caused by gyrA QRDR (Quinolone Resistance-Determining Region) primary resistance mutations, restoring adequate DNA replication efficiency.",Avalos Vizcaino et al.; Mayer & Fierer 2014,0,11,871,976,0.0,0.011145,0.0,0.0011582279791443,0.0054831983298381,0.0,1,-19.93156856932417,6253,0,False,
ndh,c.360T>C,isoniazid,"NADH dehydrogenase. Loss-of-function mutations raise the NADH/NAD+ ratio, which can compensate for INH-mediated inhibition of InhA (InhA requires NADH as cofactor). Not a direct resistance mutation but modulates the INH activation and target environment.",Miesel et al. 1998,0,11,871,976,0.0,0.011145,0.0,0.0011582279791443,0.0054831983298381,0.0,1,-19.93156856932417,2102683,0,False,
whiB7,c.69T>C,multiple,"WhiB7 is a transcriptional activator of multiple intrinsic resistance mechanisms including eis (aminoglycoside), tap (efflux), and others. Mutations affecting whiB7 activity can modulate broad fitness costs of MDR. Emerging evidence for compensatory role in MDR-TB fitness restoration.",Burian et al. 2012; Larsson et al.,0,11,871,976,0.0,0.011145,0.0,0.0011582279791443,0.0054831983298381,0.0,1,-19.93156856932417,3568611,0,False,
mmpL5,c.1491C>T,bedaquiline/clofazimine,MmpL5 efflux pump structural component. Gain-of-function mutations that increase pump activity may compensate for BDQ/CFZ fitness costs in highly resistant strains. Borderline primary/compensatory — flag for manual review.,Andries et al.; Hartkoorn et al. 2014,0,11,871,976,0.0,0.011145,0.0,0.0011582279791443,0.0054831983298381,0.0,1,-19.93156856932417,776990,0,False,
mmpL5,c.1494G>C,bedaquiline/clofazimine,MmpL5 efflux pump structural component. Gain-of-function mutations that increase pump activity may compensate for BDQ/CFZ fitness costs in highly resistant strains. Borderline primary/compensatory — flag for manual review.,Andries et al.; Hartkoorn et al. 2014,0,11,871,976,0.0,0.011145,0.0,0.0011582279791443,0.0054831983298381,0.0,1,-19.93156856932417,776987,0,False,
rpoC,c.591T>G,rifampicin,"Beta-prime subunit of RNA polymerase. Mutations here compensate for the conformational changes in the RNA polymerase complex caused by rpoB RRDR resistance mutations, restoring transcription efficiency.",Comas et al. 2012 Nat Genet; Muller et al. 2017,0,11,871,976,0.0,0.011145,0.0,0.0011582279791443,0.0054831983298381,0.0,1,-19.93156856932417,763960,0,False,
rpoA,c.633T>C,rifampicin,Compensates transcriptional fitness cost of rpoB RRDR mutations. Mutations in the alpha subunit of RNA polymerase restore the binding geometry disrupted by rpoB resistance mutations.,Comas et al. 2012 Nat Genet; Gagneux et al.,0,11,871,976,0.0,0.011145,0.0,0.0011582279791443,0.0054831983298381,0.0,1,-19.93156856932417,3877875,0,False,
mmpL5,c.2085T>G,bedaquiline/clofazimine,MmpL5 efflux pump structural component. Gain-of-function mutations that increase pump activity may compensate for BDQ/CFZ fitness costs in highly resistant strains. Borderline primary/compensatory — flag for manual review.,Andries et al.; Hartkoorn et al. 2014,0,11,871,976,0.0,0.011145,0.0,0.0011582279791443,0.0054831983298381,0.0,1,-19.93156856932417,776396,0,False,
rpoC,p.Tyr587Phe,rifampicin,"Beta-prime subunit of RNA polymerase. Mutations here compensate for the conformational changes in the RNA polymerase complex caused by rpoB RRDR resistance mutations, restoring transcription efficiency.",Comas et al. 2012 Nat Genet; Muller et al. 2017,0,11,871,976,0.0,0.011145,0.0,0.0011582279791443,0.0054831983298381,0.0,1,-19.93156856932417,765129,0,False,
ndh,c.574C>T,isoniazid,"NADH dehydrogenase. Loss-of-function mutations raise the NADH/NAD+ ratio, which can compensate for INH-mediated inhibition of InhA (InhA requires NADH as cofactor). Not a direct resistance mutation but modulates the INH activation and target environment.",Miesel et al. 1998,0,11,871,976,0.0,0.011145,0.0,0.0011582279791443,0.0054831983298381,0.0,1,-19.93156856932417,2102469,0,False,
ndh,c.903C>G,isoniazid,"NADH dehydrogenase. Loss-of-function mutations raise the NADH/NAD+ ratio, which can compensate for INH-mediated inhibition of InhA (InhA requires NADH as cofactor). Not a direct resistance mutation but modulates the INH activation and target environment.",Miesel et al. 1998,0,11,871,976,0.0,0.011145,0.0,0.0011582279791443,0.0054831983298381,0.0,1,-19.93156856932417,2102140,0,False,
mmpL5,c.2491C>T,bedaquiline/clofazimine,MmpL5 efflux pump structural component. Gain-of-function mutations that increase pump activity may compensate for BDQ/CFZ fitness costs in highly resistant strains. Borderline primary/compensatory — flag for manual review.,Andries et al.; Hartkoorn et al. 2014,0,11,871,976,0.0,0.011145,0.0,0.0011582279791443,0.0054831983298381,0.0,1,-19.93156856932417,775990,0,False,
ndh,c.1260T>A,isoniazid,"NADH dehydrogenase. Loss-of-function mutations raise the NADH/NAD+ ratio, which can compensate for INH-mediated inhibition of InhA (InhA requires NADH as cofactor). Not a direct resistance mutation but modulates the INH activation and target environment.",Miesel et al. 1998,0,11,871,976,0.0,0.011145,0.0,0.0011582279791443,0.0054831983298381,0.0,1,-19.93156856932417,2101783,0,False,
rpoC,c.2640G>C,rifampicin,"Beta-prime subunit of RNA polymerase. Mutations here compensate for the conformational changes in the RNA polymerase complex caused by rpoB RRDR resistance mutations, restoring transcription efficiency.",Comas et al. 2012 Nat Genet; Muller et al. 2017,0,11,871,976,0.0,0.011145,0.0,0.0011582279791443,0.0054831983298381,0.0,1,-19.93156856932417,766009,0,False,
rpoC,c.2559C>G,rifampicin,"Beta-prime subunit of RNA polymerase. Mutations here compensate for the conformational changes in the RNA polymerase complex caused by rpoB RRDR resistance mutations, restoring transcription efficiency.",Comas et al. 2012 Nat Genet; Muller et al. 2017,0,11,871,976,0.0,0.011145,0.0,0.0011582279791443,0.0054831983298381,0.0,1,-19.93156856932417,765928,0,False,
rpoC,c.2577C>T,rifampicin,"Beta-prime subunit of RNA polymerase. Mutations here compensate for the conformational changes in the RNA polymerase complex caused by rpoB RRDR resistance mutations, restoring transcription efficiency.",Comas et al. 2012 Nat Genet; Muller et al. 2017,0,11,871,976,0.0,0.011145,0.0,0.0011582279791443,0.0054831983298381,0.0,1,-19.93156856932417,765946,0,False,
gyrB,p.Asp657Glu,fluoroquinolones,"DNA gyrase B subunit. gyrB mutations can compensate for the supercoiling defects caused by gyrA QRDR (Quinolone Resistance-Determining Region) primary resistance mutations, restoring adequate DNA replication efficiency.",Avalos Vizcaino et al.; Mayer & Fierer 2014,0,11,871,976,0.0,0.011145,0.0,0.0011582279791443,0.0054831983298381,0.0,1,-19.93156856932417,7210,0,False,
mmpL5,c.2527C>T,bedaquiline/clofazimine,MmpL5 efflux pump structural component. Gain-of-function mutations that increase pump activity may compensate for BDQ/CFZ fitness costs in highly resistant strains. Borderline primary/compensatory — flag for manual review.,Andries et al.; Hartkoorn et al. 2014,0,11,871,976,0.0,0.011145,0.0,0.0011582279791443,0.0054831983298381,0.0,1,-19.93156856932417,775954,0,False,
mmpL5,c.2530C>T,bedaquiline/clofazimine,MmpL5 efflux pump structural component. Gain-of-function mutations that increase pump activity may compensate for BDQ/CFZ fitness costs in highly resistant strains. Borderline primary/compensatory — flag for manual review.,Andries et al.; Hartkoorn et al. 2014,0,11,871,976,0.0,0.011145,0.0,0.0011582279791443,0.0054831983298381,0.0,1,-19.93156856932417,775951,0,False,
rpoC,c.1299C>T,rifampicin,"Beta-prime subunit of RNA polymerase. Mutations here compensate for the conformational changes in the RNA polymerase complex caused by rpoB RRDR resistance mutations, restoring transcription efficiency.",Comas et al. 2012 Nat Genet; Muller et al. 2017,1,14,870,973,0.001148,0.014184,0.0809,0.0012373823918785,0.005817525885758,0.0798850574712643,1,-3.645930518012584,764668,0,False,
rpoA,c.-515G>C,rifampicin,Compensates transcriptional fitness cost of rpoB RRDR mutations. Mutations in the alpha subunit of RNA polymerase restore the binding geometry disrupted by rpoB resistance mutations.,Comas et al. 2012 Nat Genet; Gagneux et al.,1,14,870,973,0.001148,0.014184,0.0809,0.0012373823918785,0.005817525885758,0.0798850574712643,1,-3.645930518012584,3879022,0,False,
mmpL5,c.2616T>G,bedaquiline/clofazimine,MmpL5 efflux pump structural component. Gain-of-function mutations that increase pump activity may compensate for BDQ/CFZ fitness costs in highly resistant strains. Borderline primary/compensatory — flag for manual review.,Andries et al.; Hartkoorn et al. 2014,1,14,870,973,0.001148,0.014184,0.0809,0.0012373823918785,0.005817525885758,0.0798850574712643,1,-3.645930518012584,775865,0,False,
kasA,c.420G>C,isoniazid,Beta-ketoacyl ACP synthase involved in mycolic acid synthesis. Mutations here can partially compensate for inhA-mediated INH resistance by altering the flux through the FAS-II fatty acid synthesis pathway.,Mdluli et al. 1998,1,14,870,973,0.001148,0.014184,0.0809,0.0012373823918785,0.005817525885758,0.0798850574712643,1,-3.645930518012584,2518534,0,False,
mmpL5,c.2595A>C,bedaquiline/clofazimine,MmpL5 efflux pump structural component. Gain-of-function mutations that increase pump activity may compensate for BDQ/CFZ fitness costs in highly resistant strains. Borderline primary/compensatory — flag for manual review.,Andries et al.; Hartkoorn et al. 2014,1,14,870,973,0.001148,0.014184,0.0809,0.0012373823918785,0.005817525885758,0.0798850574712643,1,-3.645930518012584,775886,0,False,
kasA,c.-141T>C,isoniazid,Beta-ketoacyl ACP synthase involved in mycolic acid synthesis. Mutations here can partially compensate for inhA-mediated INH resistance by altering the flux through the FAS-II fatty acid synthesis pathway.,Mdluli et al. 1998,1,14,870,973,0.001148,0.014184,0.0809,0.0012373823918785,0.005817525885758,0.0798850574712643,1,-3.645930518012584,2517974,0,False,
rpoA,c.426T>C,rifampicin,Compensates transcriptional fitness cost of rpoB RRDR mutations. Mutations in the alpha subunit of RNA polymerase restore the binding geometry disrupted by rpoB resistance mutations.,Comas et al. 2012 Nat Genet; Gagneux et al.,2,16,869,971,0.002296,0.016211,0.1416,0.0017245392134137,0.008068138359226,0.1396720368239355,1,-2.839884881395208,3878082,0,False,
rpoC,c.2613C>G,rifampicin,"Beta-prime subunit of RNA polymerase. Mutations here compensate for the conformational changes in the RNA polymerase complex caused by rpoB RRDR resistance mutations, restoring transcription efficiency.",Comas et al. 2012 Nat Genet; Muller et al. 2017,2,16,869,971,0.002296,0.016211,0.1416,0.0017245392134137,0.008068138359226,0.1396720368239355,1,-2.839884881395208,765982,0,False,
rpoC,c.2193G>C,rifampicin,"Beta-prime subunit of RNA polymerase. Mutations here compensate for the conformational changes in the RNA polymerase complex caused by rpoB RRDR resistance mutations, restoring transcription efficiency.",Comas et al. 2012 Nat Genet; Muller et al. 2017,2,16,869,971,0.002296,0.016211,0.1416,0.0017245392134137,0.008068138359226,0.1396720368239355,1,-2.839884881395208,765562,0,False,
kasA,p.Val51Ile,isoniazid,Beta-ketoacyl ACP synthase involved in mycolic acid synthesis. Mutations here can partially compensate for inhA-mediated INH resistance by altering the flux through the FAS-II fatty acid synthesis pathway.,Mdluli et al. 1998,2,16,869,971,0.002296,0.016211,0.1416,0.0017245392134137,0.008068138359226,0.1396720368239355,1,-2.839884881395208,2518265,0,False,
rpoA,c.144A>C,rifampicin,Compensates transcriptional fitness cost of rpoB RRDR mutations. Mutations in the alpha subunit of RNA polymerase restore the binding geometry disrupted by rpoB resistance mutations.,Comas et al. 2012 Nat Genet; Gagneux et al.,2,17,869,970,0.002296,0.017224,0.1333,0.0017448796639116,0.0081314118712759,0.1313206525417992,1,-2.928834270990249,3878364,0,False,
ndh,c.343C>T,isoniazid,"NADH dehydrogenase. Loss-of-function mutations raise the NADH/NAD+ ratio, which can compensate for INH-mediated inhibition of InhA (InhA requires NADH as cofactor). Not a direct resistance mutation but modulates the INH activation and target environment.",Miesel et al. 1998,2,17,869,970,0.002296,0.017224,0.1333,0.0017448796639116,0.0081314118712759,0.1313206525417992,1,-2.928834270990249,2102700,0,False,
kasA,c.654C>T,isoniazid,Beta-ketoacyl ACP synthase involved in mycolic acid synthesis. Mutations here can partially compensate for inhA-mediated INH resistance by altering the flux through the FAS-II fatty acid synthesis pathway.,Mdluli et al. 1998,2,17,869,970,0.002296,0.017224,0.1333,0.0017448796639116,0.0081314118712759,0.1313206525417992,1,-2.928834270990249,2518768,0,False,
rpoC,c.3432C>G,rifampicin,"Beta-prime subunit of RNA polymerase. Mutations here compensate for the conformational changes in the RNA polymerase complex caused by rpoB RRDR resistance mutations, restoring transcription efficiency.",Comas et al. 2012 Nat Genet; Muller et al. 2017,2,17,869,970,0.002296,0.017224,0.1333,0.0017448796639116,0.0081314118712759,0.1313206525417992,1,-2.928834270990249,766801,0,False,
rpoC,c.1141C>T,rifampicin,"Beta-prime subunit of RNA polymerase. Mutations here compensate for the conformational changes in the RNA polymerase complex caused by rpoB RRDR resistance mutations, restoring transcription efficiency.",Comas et al. 2012 Nat Genet; Muller et al. 2017,3,19,868,968,0.003444,0.01925,0.1789,0.0018691248039793,0.0087019156727701,0.1760853747271404,1,-2.505653007892314,764510,0,False,
gyrB,c.1861T>C,fluoroquinolones,"DNA gyrase B subunit. gyrB mutations can compensate for the supercoiling defects caused by gyrA QRDR (Quinolone Resistance-Determining Region) primary resistance mutations, restoring adequate DNA replication efficiency.",Avalos Vizcaino et al.; Mayer & Fierer 2014,0,10,871,977,0.0,0.010132,0.0,0.0022499912181898,0.0100251709553705,0.0,1,-19.93156856932417,7100,0,False,
rpoA,c.-488A>G,rifampicin,Compensates transcriptional fitness cost of rpoB RRDR mutations. Mutations in the alpha subunit of RNA polymerase restore the binding geometry disrupted by rpoB resistance mutations.,Comas et al. 2012 Nat Genet; Gagneux et al.,0,10,871,977,0.0,0.010132,0.0,0.0022499912181898,0.0100251709553705,0.0,1,-19.93156856932417,3878995,0,False,
mmpL5,c.2541C>G,bedaquiline/clofazimine,MmpL5 efflux pump structural component. Gain-of-function mutations that increase pump activity may compensate for BDQ/CFZ fitness costs in highly resistant strains. Borderline primary/compensatory — flag for manual review.,Andries et al.; Hartkoorn et al. 2014,0,10,871,977,0.0,0.010132,0.0,0.0022499912181898,0.0100251709553705,0.0,1,-19.93156856932417,775940,0,False,
gid,c.-228G>C,streptomycin,"Glucose-inhibited division protein A. Mutations in gid reduce streptomycin binding through 16S rRNA methylation changes, compensating for the ribosomal fitness defects caused by primary rpsL and rrs resistance mutations.",Nair et al. 1993; Spies et al.,0,10,871,977,0.0,0.010132,0.0,0.0022499912181898,0.0100251709553705,0.0,1,-19.93156856932417,4408430,0,False,
whiB7,c.60C>T,multiple,"WhiB7 is a transcriptional activator of multiple intrinsic resistance mechanisms including eis (aminoglycoside), tap (efflux), and others. Mutations affecting whiB7 activity can modulate broad fitness costs of MDR. Emerging evidence for compensatory role in MDR-TB fitness restoration.",Burian et al. 2012; Larsson et al.,1,13,870,974,0.001148,0.013171,0.0872,0.0022447695226251,0.0100251709553705,0.0861184792219275,1,-3.5375333467948407,3568620,0,False,
rpoA,c.780C>G,rifampicin,Compensates transcriptional fitness cost of rpoB RRDR mutations. Mutations in the alpha subunit of RNA polymerase restore the binding geometry disrupted by rpoB resistance mutations.,Comas et al. 2012 Nat Genet; Gagneux et al.,0,10,871,977,0.0,0.010132,0.0,0.0022499912181898,0.0100251709553705,0.0,1,-19.93156856932417,3877728,0,False,
rpoA,c.-470C>G,rifampicin,Compensates transcriptional fitness cost of rpoB RRDR mutations. Mutations in the alpha subunit of RNA polymerase restore the binding geometry disrupted by rpoB resistance mutations.,Comas et al. 2012 Nat Genet; Gagneux et al.,0,10,871,977,0.0,0.010132,0.0,0.0022499912181898,0.0100251709553705,0.0,1,-19.93156856932417,3878977,0,False,
ndh,c.501G>C,isoniazid,"NADH dehydrogenase. Loss-of-function mutations raise the NADH/NAD+ ratio, which can compensate for INH-mediated inhibition of InhA (InhA requires NADH as cofactor). Not a direct resistance mutation but modulates the INH activation and target environment.",Miesel et al. 1998,0,10,871,977,0.0,0.010132,0.0,0.0022499912181898,0.0100251709553705,0.0,1,-19.93156856932417,2102542,0,False,
rpoA,c.-455G>A,rifampicin,Compensates transcriptional fitness cost of rpoB RRDR mutations. Mutations in the alpha subunit of RNA polymerase restore the binding geometry disrupted by rpoB resistance mutations.,Comas et al. 2012 Nat Genet; Gagneux et al.,0,10,871,977,0.0,0.010132,0.0,0.0022499912181898,0.0100251709553705,0.0,1,-19.93156856932417,3878962,0,False,
whiB7,c.81G>C,multiple,"WhiB7 is a transcriptional activator of multiple intrinsic resistance mechanisms including eis (aminoglycoside), tap (efflux), and others. Mutations affecting whiB7 activity can modulate broad fitness costs of MDR. Emerging evidence for compensatory role in MDR-TB fitness restoration.",Burian et al. 2012; Larsson et al.,0,10,871,977,0.0,0.010132,0.0,0.0022499912181898,0.0100251709553705,0.0,1,-19.93156856932417,3568599,0,False,
kasA,c.361A>C,isoniazid,Beta-ketoacyl ACP synthase involved in mycolic acid synthesis. Mutations here can partially compensate for inhA-mediated INH resistance by altering the flux through the FAS-II fatty acid synthesis pathway.,Mdluli et al. 1998,0,10,871,977,0.0,0.010132,0.0,0.0022499912181898,0.0100251709553705,0.0,1,-19.93156856932417,2518475,0,False,
mmpL5,p.Gln702Lys,bedaquiline/clofazimine,MmpL5 efflux pump structural component. Gain-of-function mutations that increase pump activity may compensate for BDQ/CFZ fitness costs in highly resistant strains. Borderline primary/compensatory — flag for manual review.,Andries et al.; Hartkoorn et al. 2014,0,10,871,977,0.0,0.010132,0.0,0.0022499912181898,0.0100251709553705,0.0,1,-19.93156856932417,776377,0,False,
rpoC,c.984G>T,rifampicin,"Beta-prime subunit of RNA polymerase. Mutations here compensate for the conformational changes in the RNA polymerase complex caused by rpoB RRDR resistance mutations, restoring transcription efficiency.",Comas et al. 2012 Nat Genet; Muller et al. 2017,0,10,871,977,0.0,0.010132,0.0,0.0022499912181898,0.0100251709553705,0.0,1,-19.93156856932417,764353,0,False,
rpoC,c.2901G>C,rifampicin,"Beta-prime subunit of RNA polymerase. Mutations here compensate for the conformational changes in the RNA polymerase complex caused by rpoB RRDR resistance mutations, restoring transcription efficiency.",Comas et al. 2012 Nat Genet; Muller et al. 2017,1,13,870,974,0.001148,0.013171,0.0872,0.0022447695226251,0.0100251709553705,0.0861184792219275,1,-3.5375333467948407,766270,0,False,
rpoA,c.465G>A,rifampicin,Compensates transcriptional fitness cost of rpoB RRDR mutations. Mutations in the alpha subunit of RNA polymerase restore the binding geometry disrupted by rpoB resistance mutations.,Comas et al. 2012 Nat Genet; Gagneux et al.,0,10,871,977,0.0,0.010132,0.0,0.0022499912181898,0.0100251709553705,0.0,1,-19.93156856932417,3878043,0,False,
rpoA,c.327C>T,rifampicin,Compensates transcriptional fitness cost of rpoB RRDR mutations. Mutations in the alpha subunit of RNA polymerase restore the binding geometry disrupted by rpoB resistance mutations.,Comas et al. 2012 Nat Genet; Gagneux et al.,0,10,871,977,0.0,0.010132,0.0,0.0022499912181898,0.0100251709553705,0.0,1,-19.93156856932417,3878181,0,False,
kasA,c.492G>C,isoniazid,Beta-ketoacyl ACP synthase involved in mycolic acid synthesis. Mutations here can partially compensate for inhA-mediated INH resistance by altering the flux through the FAS-II fatty acid synthesis pathway.,Mdluli et al. 1998,1,13,870,974,0.001148,0.013171,0.0872,0.0022447695226251,0.0100251709553705,0.0861184792219275,1,-3.5375333467948407,2518606,0,False,
mmpL5,c.2506T>C,bedaquiline/clofazimine,MmpL5 efflux pump structural component. Gain-of-function mutations that increase pump activity may compensate for BDQ/CFZ fitness costs in highly resistant strains. Borderline primary/compensatory — flag for manual review.,Andries et al.; Hartkoorn et al. 2014,1,13,870,974,0.001148,0.013171,0.0872,0.0022447695226251,0.0100251709553705,0.0861184792219275,1,-3.5375333467948407,775975,0,False,
rpoC,c.-303C>G,rifampicin,"Beta-prime subunit of RNA polymerase. Mutations here compensate for the conformational changes in the RNA polymerase complex caused by rpoB RRDR resistance mutations, restoring transcription efficiency.",Comas et al. 2012 Nat Genet; Muller et al. 2017,0,10,871,977,0.0,0.010132,0.0,0.0022499912181898,0.0100251709553705,0.0,1,-19.93156856932417,763067,0,False,
kasA,c.885G>C,isoniazid,Beta-ketoacyl ACP synthase involved in mycolic acid synthesis. Mutations here can partially compensate for inhA-mediated INH resistance by altering the flux through the FAS-II fatty acid synthesis pathway.,Mdluli et al. 1998,0,10,871,977,0.0,0.010132,0.0,0.0022499912181898,0.0100251709553705,0.0,1,-19.93156856932417,2518999,0,False,
mmpL5,p.Ala837Pro,bedaquiline/clofazimine,MmpL5 efflux pump structural component. Gain-of-function mutations that increase pump activity may compensate for BDQ/CFZ fitness costs in highly resistant strains. Borderline primary/compensatory — flag for manual review.,Andries et al.; Hartkoorn et al. 2014,0,10,871,977,0.0,0.010132,0.0,0.0022499912181898,0.0100251709553705,0.0,1,-19.93156856932417,775972,0,False,
mmpL5,p.Ala802Val,bedaquiline/clofazimine,MmpL5 efflux pump structural component. Gain-of-function mutations that increase pump activity may compensate for BDQ/CFZ fitness costs in highly resistant strains. Borderline primary/compensatory — flag for manual review.,Andries et al.; Hartkoorn et al. 2014,0,10,871,977,0.0,0.010132,0.0,0.0022499912181898,0.0100251709553705,0.0,1,-19.93156856932417,776076,0,False,
gyrB,c.1431G>A,fluoroquinolones,"DNA gyrase B subunit. gyrB mutations can compensate for the supercoiling defects caused by gyrA QRDR (Quinolone Resistance-Determining Region) primary resistance mutations, restoring adequate DNA replication efficiency.",Avalos Vizcaino et al.; Mayer & Fierer 2014,0,10,871,977,0.0,0.010132,0.0,0.0022499912181898,0.0100251709553705,0.0,1,-19.93156856932417,6670,0,False,
gyrB,p.Asp577Glu,fluoroquinolones,"DNA gyrase B subunit. gyrB mutations can compensate for the supercoiling defects caused by gyrA QRDR (Quinolone Resistance-Determining Region) primary resistance mutations, restoring adequate DNA replication efficiency.",Avalos Vizcaino et al.; Mayer & Fierer 2014,0,10,871,977,0.0,0.010132,0.0,0.0022499912181898,0.0100251709553705,0.0,1,-19.93156856932417,6970,0,False,
ahpC,c.6A>T,isoniazid,Alkyl hydroperoxide reductase. Upregulation compensates for the loss of KatG-mediated oxidative defence when katG is inactivated by INH-resistance mutations. Promoter mutations causing ahpC upregulation are the canonical compensatory mechanism for katG LoF.,Sherman et al. 1996; Heym et al. 1997,0,10,871,977,0.0,0.010132,0.0,0.0022499912181898,0.0100251709553705,0.0,1,-19.93156856932417,2726198,0,False,
ndh,c.168C>T,isoniazid,"NADH dehydrogenase. Loss-of-function mutations raise the NADH/NAD+ ratio, which can compensate for INH-mediated inhibition of InhA (InhA requires NADH as cofactor). Not a direct resistance mutation but modulates the INH activation and target environment.",Miesel et al. 1998,0,10,871,977,0.0,0.010132,0.0,0.0022499912181898,0.0100251709553705,0.0,1,-19.93156856932417,2102875,0,False,
ahpC,p.Gly20Ala,isoniazid,Alkyl hydroperoxide reductase. Upregulation compensates for the loss of KatG-mediated oxidative defence when katG is inactivated by INH-resistance mutations. Promoter mutations causing ahpC upregulation are the canonical compensatory mechanism for katG LoF.,Sherman et al. 1996; Heym et al. 1997,0,10,871,977,0.0,0.010132,0.0,0.0022499912181898,0.0100251709553705,0.0,1,-19.93156856932417,2726251,0,False,
rpoC,c.1716T>C,rifampicin,"Beta-prime subunit of RNA polymerase. Mutations here compensate for the conformational changes in the RNA polymerase complex caused by rpoB RRDR resistance mutations, restoring transcription efficiency.",Comas et al. 2012 Nat Genet; Muller et al. 2017,0,10,871,977,0.0,0.010132,0.0,0.0022499912181898,0.0100251709553705,0.0,1,-19.93156856932417,765085,0,False,
rpoC,c.2289C>T,rifampicin,"Beta-prime subunit of RNA polymerase. Mutations here compensate for the conformational changes in the RNA polymerase complex caused by rpoB RRDR resistance mutations, restoring transcription efficiency.",Comas et al. 2012 Nat Genet; Muller et al. 2017,1,13,870,974,0.001148,0.013171,0.0872,0.0022447695226251,0.0100251709553705,0.0861184792219275,1,-3.5375333467948407,765658,0,False,
rpoC,c.2997C>G,rifampicin,"Beta-prime subunit of RNA polymerase. Mutations here compensate for the conformational changes in the RNA polymerase complex caused by rpoB RRDR resistance mutations, restoring transcription efficiency.",Comas et al. 2012 Nat Genet; Muller et al. 2017,1,13,870,974,0.001148,0.013171,0.0872,0.0022447695226251,0.0100251709553705,0.0861184792219275,1,-3.5375333467948407,766366,0,False,
rpoC,c.1377G>T,rifampicin,"Beta-prime subunit of RNA polymerase. Mutations here compensate for the conformational changes in the RNA polymerase complex caused by rpoB RRDR resistance mutations, restoring transcription efficiency.",Comas et al. 2012 Nat Genet; Muller et al. 2017,0,10,871,977,0.0,0.010132,0.0,0.0022499912181898,0.0100251709553705,0.0,1,-19.93156856932417,764746,0,False,
kasA,p.Val192Phe,isoniazid,Beta-ketoacyl ACP synthase involved in mycolic acid synthesis. Mutations here can partially compensate for inhA-mediated INH resistance by altering the flux through the FAS-II fatty acid synthesis pathway.,Mdluli et al. 1998,1,13,870,974,0.001148,0.013171,0.0872,0.0022447695226251,0.0100251709553705,0.0861184792219275,1,-3.5375333467948407,2518688,0,False,
rpoA,c.426T>G,rifampicin,Compensates transcriptional fitness cost of rpoB RRDR mutations. Mutations in the alpha subunit of RNA polymerase restore the binding geometry disrupted by rpoB resistance mutations.,Comas et al. 2012 Nat Genet; Gagneux et al.,0,10,871,977,0.0,0.010132,0.0,0.0022499912181898,0.0100251709553705,0.0,1,-19.93156856932417,3878082,0,False,
rpoC,c.1647C>G,rifampicin,"Beta-prime subunit of RNA polymerase. Mutations here compensate for the conformational changes in the RNA polymerase complex caused by rpoB RRDR resistance mutations, restoring transcription efficiency.",Comas et al. 2012 Nat Genet; Muller et al. 2017,0,10,871,977,0.0,0.010132,0.0,0.0022499912181898,0.0100251709553705,0.0,1,-19.93156856932417,765016,0,False,
rpoA,c.-431T>A,rifampicin,Compensates transcriptional fitness cost of rpoB RRDR mutations. Mutations in the alpha subunit of RNA polymerase restore the binding geometry disrupted by rpoB resistance mutations.,Comas et al. 2012 Nat Genet; Gagneux et al.,0,10,871,977,0.0,0.010132,0.0,0.0022499912181898,0.0100251709553705,0.0,1,-19.93156856932417,3878938,0,False,
rpoA,c.-731C>T,rifampicin,Compensates transcriptional fitness cost of rpoB RRDR mutations. Mutations in the alpha subunit of RNA polymerase restore the binding geometry disrupted by rpoB resistance mutations.,Comas et al. 2012 Nat Genet; Gagneux et al.,0,10,871,977,0.0,0.010132,0.0,0.0022499912181898,0.0100251709553705,0.0,1,-19.93156856932417,3879238,0,False,
rpoC,c.3213C>T,rifampicin,"Beta-prime subunit of RNA polymerase. Mutations here compensate for the conformational changes in the RNA polymerase complex caused by rpoB RRDR resistance mutations, restoring transcription efficiency.",Comas et al. 2012 Nat Genet; Muller et al. 2017,0,10,871,977,0.0,0.010132,0.0,0.0022499912181898,0.0100251709553705,0.0,1,-19.93156856932417,766582,0,False,
rpoA,c.168C>T,rifampicin,Compensates transcriptional fitness cost of rpoB RRDR mutations. Mutations in the alpha subunit of RNA polymerase restore the binding geometry disrupted by rpoB resistance mutations.,Comas et al. 2012 Nat Genet; Gagneux et al.,0,10,871,977,0.0,0.010132,0.0,0.0022499912181898,0.0100251709553705,0.0,1,-19.93156856932417,3878340,0,False,
rpoA,c.615C>T,rifampicin,Compensates transcriptional fitness cost of rpoB RRDR mutations. Mutations in the alpha subunit of RNA polymerase restore the binding geometry disrupted by rpoB resistance mutations.,Comas et al. 2012 Nat Genet; Gagneux et al.,0,10,871,977,0.0,0.010132,0.0,0.0022499912181898,0.0100251709553705,0.0,1,-19.93156856932417,3877893,0,False,
rpoC,c.-627G>T,rifampicin,"Beta-prime subunit of RNA polymerase. Mutations here compensate for the conformational changes in the RNA polymerase complex caused by rpoB RRDR resistance mutations, restoring transcription efficiency.",Comas et al. 2012 Nat Genet; Muller et al. 2017,0,10,871,977,0.0,0.010132,0.0,0.0022499912181898,0.0100251709553705,0.0,1,-19.93156856932417,762743,0,False,
ndh,c.537C>A,isoniazid,"NADH dehydrogenase. Loss-of-function mutations raise the NADH/NAD+ ratio, which can compensate for INH-mediated inhibition of InhA (InhA requires NADH as cofactor). Not a direct resistance mutation but modulates the INH activation and target environment.",Miesel et al. 1998,0,10,871,977,0.0,0.010132,0.0,0.0022499912181898,0.0100251709553705,0.0,1,-19.93156856932417,2102506,0,False,
whiB7,p.Val22Ala,multiple,"WhiB7 is a transcriptional activator of multiple intrinsic resistance mechanisms including eis (aminoglycoside), tap (efflux), and others. Mutations affecting whiB7 activity can modulate broad fitness costs of MDR. Emerging evidence for compensatory role in MDR-TB fitness restoration.",Burian et al. 2012; Larsson et al.,0,10,871,977,0.0,0.010132,0.0,0.0022499912181898,0.0100251709553705,0.0,1,-19.93156856932417,3568615,0,False,
rpoC,p.Asn826Lys,rifampicin,"Beta-prime subunit of RNA polymerase. Mutations here compensate for the conformational changes in the RNA polymerase complex caused by rpoB RRDR resistance mutations, restoring transcription efficiency.",Comas et al. 2012 Nat Genet; Muller et al. 2017,8,0,863,987,0.009185,0.0,9184.845,0.0022926180072611,0.0102055719502335,999.0,1,9.964340867792416,765847,0,False,
rpoC,c.1566T>C,rifampicin,"Beta-prime subunit of RNA polymerase. Mutations here compensate for the conformational changes in the RNA polymerase complex caused by rpoB RRDR resistance mutations, restoring transcription efficiency.",Comas et al. 2012 Nat Genet; Muller et al. 2017,2,15,869,972,0.002296,0.015198,0.1511,0.0029829631208872,0.0132415814073244,0.1491369390103567,1,-2.745290458817138,764935,0,False,
rpoC,c.3549C>T,rifampicin,"Beta-prime subunit of RNA polymerase. Mutations here compensate for the conformational changes in the RNA polymerase complex caused by rpoB RRDR resistance mutations, restoring transcription efficiency.",Comas et al. 2012 Nat Genet; Muller et al. 2017,2,15,869,972,0.002296,0.015198,0.1511,0.0029829631208872,0.0132415814073244,0.1491369390103567,1,-2.745290458817138,766918,0,False,
rpoA,c.-683C>G,rifampicin,Compensates transcriptional fitness cost of rpoB RRDR mutations. Mutations in the alpha subunit of RNA polymerase restore the binding geometry disrupted by rpoB resistance mutations.,Comas et al. 2012 Nat Genet; Gagneux et al.,2,15,869,972,0.002296,0.015198,0.1511,0.0029829631208872,0.0132415814073244,0.1491369390103567,1,-2.745290458817138,3879190,0,False,
rpoC,c.93G>A,rifampicin,"Beta-prime subunit of RNA polymerase. Mutations here compensate for the conformational changes in the RNA polymerase complex caused by rpoB RRDR resistance mutations, restoring transcription efficiency.",Comas et al. 2012 Nat Genet; Muller et al. 2017,16,4,855,983,0.01837,0.004053,4.5316,0.0029928789955952,0.0132732514563017,4.598830409356725,1,2.20126699656732,763462,0,False,
rpoC,c.264T>C,rifampicin,"Beta-prime subunit of RNA polymerase. Mutations here compensate for the conformational changes in the RNA polymerase complex caused by rpoB RRDR resistance mutations, restoring transcription efficiency.",Comas et al. 2012 Nat Genet; Muller et al. 2017,3,18,868,969,0.003444,0.018237,0.1889,0.0031894982606849,0.014132112999061,0.1860599078341014,1,-2.4261608777505543,763633,0,False,
rpoA,c.-428C>T,rifampicin,Compensates transcriptional fitness cost of rpoB RRDR mutations. Mutations in the alpha subunit of RNA polymerase restore the binding geometry disrupted by rpoB resistance mutations.,Comas et al. 2012 Nat Genet; Gagneux et al.,1,12,870,975,0.001148,0.012158,0.0944,0.0040617341640767,0.017913674150623,0.0933908045977011,1,-3.420575682820274,3878935,0,False,
ndh,c.1128T>C,isoniazid,"NADH dehydrogenase. Loss-of-function mutations raise the NADH/NAD+ ratio, which can compensate for INH-mediated inhibition of InhA (InhA requires NADH as cofactor). Not a direct resistance mutation but modulates the INH activation and target environment.",Miesel et al. 1998,1,12,870,975,0.001148,0.012158,0.0944,0.0040617341640767,0.017913674150623,0.0933908045977011,1,-3.420575682820274,2101915,0,False,
gyrB,c.1914G>C,fluoroquinolones,"DNA gyrase B subunit. gyrB mutations can compensate for the supercoiling defects caused by gyrA QRDR (Quinolone Resistance-Determining Region) primary resistance mutations, restoring adequate DNA replication efficiency.",Avalos Vizcaino et al.; Mayer & Fierer 2014,1,12,870,975,0.001148,0.012158,0.0944,0.0040617341640767,0.017913674150623,0.0933908045977011,1,-3.420575682820274,7153,0,False,
rpoA,c.-509A>G,rifampicin,Compensates transcriptional fitness cost of rpoB RRDR mutations. Mutations in the alpha subunit of RNA polymerase restore the binding geometry disrupted by rpoB resistance mutations.,Comas et al. 2012 Nat Genet; Gagneux et al.,1,12,870,975,0.001148,0.012158,0.0944,0.0040617341640767,0.017913674150623,0.0933908045977011,1,-3.420575682820274,3879016,0,False,
rpoC,p.Ala193Val,rifampicin,"Beta-prime subunit of RNA polymerase. Mutations here compensate for the conformational changes in the RNA polymerase complex caused by rpoB RRDR resistance mutations, restoring transcription efficiency.",Comas et al. 2012 Nat Genet; Muller et al. 2017,0,9,871,978,0.0,0.009119,0.0,0.0043806675863438,0.0185488426992305,0.0,1,-19.93156856932417,763947,0,False,
rpoC,c.1518G>C,rifampicin,"Beta-prime subunit of RNA polymerase. Mutations here compensate for the conformational changes in the RNA polymerase complex caused by rpoB RRDR resistance mutations, restoring transcription efficiency.",Comas et al. 2012 Nat Genet; Muller et al. 2017,0,9,871,978,0.0,0.009119,0.0,0.0043806675863438,0.0185488426992305,0.0,1,-19.93156856932417,764887,0,False,
rpoA,c.252G>C,rifampicin,Compensates transcriptional fitness cost of rpoB RRDR mutations. Mutations in the alpha subunit of RNA polymerase restore the binding geometry disrupted by rpoB resistance mutations.,Comas et al. 2012 Nat Genet; Gagneux et al.,0,9,871,978,0.0,0.009119,0.0,0.0043806675863438,0.0185488426992305,0.0,1,-19.93156856932417,3878256,0,False,
ndh,c.405A>G,isoniazid,"NADH dehydrogenase. Loss-of-function mutations raise the NADH/NAD+ ratio, which can compensate for INH-mediated inhibition of InhA (InhA requires NADH as cofactor). Not a direct resistance mutation but modulates the INH activation and target environment.",Miesel et al. 1998,0,9,871,978,0.0,0.009119,0.0,0.0043806675863438,0.0185488426992305,0.0,1,-19.93156856932417,2102638,0,False,
kasA,c.225C>G,isoniazid,Beta-ketoacyl ACP synthase involved in mycolic acid synthesis. Mutations here can partially compensate for inhA-mediated INH resistance by altering the flux through the FAS-II fatty acid synthesis pathway.,Mdluli et al. 1998,0,9,871,978,0.0,0.009119,0.0,0.0043806675863438,0.0185488426992305,0.0,1,-19.93156856932417,2518339,0,False,
rpoA,c.774G>C,rifampicin,Compensates transcriptional fitness cost of rpoB RRDR mutations. Mutations in the alpha subunit of RNA polymerase restore the binding geometry disrupted by rpoB resistance mutations.,Comas et al. 2012 Nat Genet; Gagneux et al.,0,9,871,978,0.0,0.009119,0.0,0.0043806675863438,0.0185488426992305,0.0,1,-19.93156856932417,3877734,0,False,
mmpL5,c.2541C>A,bedaquiline/clofazimine,MmpL5 efflux pump structural component. Gain-of-function mutations that increase pump activity may compensate for BDQ/CFZ fitness costs in highly resistant strains. Borderline primary/compensatory — flag for manual review.,Andries et al.; Hartkoorn et al. 2014,0,9,871,978,0.0,0.009119,0.0,0.0043806675863438,0.0185488426992305,0.0,1,-19.93156856932417,775940,0,False,
rpoC,c.948C>G,rifampicin,"Beta-prime subunit of RNA polymerase. Mutations here compensate for the conformational changes in the RNA polymerase complex caused by rpoB RRDR resistance mutations, restoring transcription efficiency.",Comas et al. 2012 Nat Genet; Muller et al. 2017,0,9,871,978,0.0,0.009119,0.0,0.0043806675863438,0.0185488426992305,0.0,1,-19.93156856932417,764317,0,False,
kasA,c.642G>C,isoniazid,Beta-ketoacyl ACP synthase involved in mycolic acid synthesis. Mutations here can partially compensate for inhA-mediated INH resistance by altering the flux through the FAS-II fatty acid synthesis pathway.,Mdluli et al. 1998,0,9,871,978,0.0,0.009119,0.0,0.0043806675863438,0.0185488426992305,0.0,1,-19.93156856932417,2518756,0,False,
rpoC,c.924G>C,rifampicin,"Beta-prime subunit of RNA polymerase. Mutations here compensate for the conformational changes in the RNA polymerase complex caused by rpoB RRDR resistance mutations, restoring transcription efficiency.",Comas et al. 2012 Nat Genet; Muller et al. 2017,0,9,871,978,0.0,0.009119,0.0,0.0043806675863438,0.0185488426992305,0.0,1,-19.93156856932417,764293,0,False,
rpoA,c.963G>C,rifampicin,Compensates transcriptional fitness cost of rpoB RRDR mutations. Mutations in the alpha subunit of RNA polymerase restore the binding geometry disrupted by rpoB resistance mutations.,Comas et al. 2012 Nat Genet; Gagneux et al.,0,9,871,978,0.0,0.009119,0.0,0.0043806675863438,0.0185488426992305,0.0,1,-19.93156856932417,3877545,0,False,
rpoA,c.831G>C,rifampicin,Compensates transcriptional fitness cost of rpoB RRDR mutations. Mutations in the alpha subunit of RNA polymerase restore the binding geometry disrupted by rpoB resistance mutations.,Comas et al. 2012 Nat Genet; Gagneux et al.,0,9,871,978,0.0,0.009119,0.0,0.0043806675863438,0.0185488426992305,0.0,1,-19.93156856932417,3877677,0,False,
kasA,c.105T>C,isoniazid,Beta-ketoacyl ACP synthase involved in mycolic acid synthesis. Mutations here can partially compensate for inhA-mediated INH resistance by altering the flux through the FAS-II fatty acid synthesis pathway.,Mdluli et al. 1998,0,9,871,978,0.0,0.009119,0.0,0.0043806675863438,0.0185488426992305,0.0,1,-19.93156856932417,2518219,0,False,
mmpL5,c.1752C>T,bedaquiline/clofazimine,MmpL5 efflux pump structural component. Gain-of-function mutations that increase pump activity may compensate for BDQ/CFZ fitness costs in highly resistant strains. Borderline primary/compensatory — flag for manual review.,Andries et al.; Hartkoorn et al. 2014,0,9,871,978,0.0,0.009119,0.0,0.0043806675863438,0.0185488426992305,0.0,1,-19.93156856932417,776729,0,False,
gyrB,c.1248C>G,fluoroquinolones,"DNA gyrase B subunit. gyrB mutations can compensate for the supercoiling defects caused by gyrA QRDR (Quinolone Resistance-Determining Region) primary resistance mutations, restoring adequate DNA replication efficiency.",Avalos Vizcaino et al.; Mayer & Fierer 2014,0,9,871,978,0.0,0.009119,0.0,0.0043806675863438,0.0185488426992305,0.0,1,-19.93156856932417,6487,0,False,
gyrB,c.768C>T,fluoroquinolones,"DNA gyrase B subunit. gyrB mutations can compensate for the supercoiling defects caused by gyrA QRDR (Quinolone Resistance-Determining Region) primary resistance mutations, restoring adequate DNA replication efficiency.",Avalos Vizcaino et al.; Mayer & Fierer 2014,0,9,871,978,0.0,0.009119,0.0,0.0043806675863438,0.0185488426992305,0.0,1,-19.93156856932417,6007,0,False,
gyrB,c.72G>A,fluoroquinolones,"DNA gyrase B subunit. gyrB mutations can compensate for the supercoiling defects caused by gyrA QRDR (Quinolone Resistance-Determining Region) primary resistance mutations, restoring adequate DNA replication efficiency.",Avalos Vizcaino et al.; Mayer & Fierer 2014,0,9,871,978,0.0,0.009119,0.0,0.0043806675863438,0.0185488426992305,0.0,1,-19.93156856932417,5311,0,False,
rpoC,c.-108C>G,rifampicin,"Beta-prime subunit of RNA polymerase. Mutations here compensate for the conformational changes in the RNA polymerase complex caused by rpoB RRDR resistance mutations, restoring transcription efficiency.",Comas et al. 2012 Nat Genet; Muller et al. 2017,0,9,871,978,0.0,0.009119,0.0,0.0043806675863438,0.0185488426992305,0.0,1,-19.93156856932417,763262,0,False,
rpoC,c.-111G>C,rifampicin,"Beta-prime subunit of RNA polymerase. Mutations here compensate for the conformational changes in the RNA polymerase complex caused by rpoB RRDR resistance mutations, restoring transcription efficiency.",Comas et al. 2012 Nat Genet; Muller et al. 2017,0,9,871,978,0.0,0.009119,0.0,0.0043806675863438,0.0185488426992305,0.0,1,-19.93156856932417,763259,0,False,
rpoC,c.3498C>G,rifampicin,"Beta-prime subunit of RNA polymerase. Mutations here compensate for the conformational changes in the RNA polymerase complex caused by rpoB RRDR resistance mutations, restoring transcription efficiency.",Comas et al. 2012 Nat Genet; Muller et al. 2017,0,9,871,978,0.0,0.009119,0.0,0.0043806675863438,0.0185488426992305,0.0,1,-19.93156856932417,766867,0,False,
kasA,p.Gly91Ser,isoniazid,Beta-ketoacyl ACP synthase involved in mycolic acid synthesis. Mutations here can partially compensate for inhA-mediated INH resistance by altering the flux through the FAS-II fatty acid synthesis pathway.,Mdluli et al. 1998,0,9,871,978,0.0,0.009119,0.0,0.0043806675863438,0.0185488426992305,0.0,1,-19.93156856932417,2518385,0,False,
rpoC,c.2736C>T,rifampicin,"Beta-prime subunit of RNA polymerase. Mutations here compensate for the conformational changes in the RNA polymerase complex caused by rpoB RRDR resistance mutations, restoring transcription efficiency.",Comas et al. 2012 Nat Genet; Muller et al. 2017,0,9,871,978,0.0,0.009119,0.0,0.0043806675863438,0.0185488426992305,0.0,1,-19.93156856932417,766105,0,False,
embR,c.-419T>G,ethambutol,Transcriptional activator of the emb operon. Mutations in embR can modulate embB/embA/embC expression levels and partially compensate for the arabinogalactan synthesis disruption caused by primary embB resistance mutations.,Sharma et al. 2006,0,9,871,978,0.0,0.009119,0.0,0.0043806675863438,0.0185488426992305,0.0,1,-19.93156856932417,1417766,0,False,
rpoC,c.1023C>T,rifampicin,"Beta-prime subunit of RNA polymerase. Mutations here compensate for the conformational changes in the RNA polymerase complex caused by rpoB RRDR resistance mutations, restoring transcription efficiency.",Comas et al. 2012 Nat Genet; Muller et al. 2017,0,9,871,978,0.0,0.009119,0.0,0.0043806675863438,0.0185488426992305,0.0,1,-19.93156856932417,764392,0,False,
rpoC,c.2025G>A,rifampicin,"Beta-prime subunit of RNA polymerase. Mutations here compensate for the conformational changes in the RNA polymerase complex caused by rpoB RRDR resistance mutations, restoring transcription efficiency.",Comas et al. 2012 Nat Genet; Muller et al. 2017,0,9,871,978,0.0,0.009119,0.0,0.0043806675863438,0.0185488426992305,0.0,1,-19.93156856932417,765394,0,False,
ndh,c.696G>C,isoniazid,"NADH dehydrogenase. Loss-of-function mutations raise the NADH/NAD+ ratio, which can compensate for INH-mediated inhibition of InhA (InhA requires NADH as cofactor). Not a direct resistance mutation but modulates the INH activation and target environment.",Miesel et al. 1998,0,9,871,978,0.0,0.009119,0.0,0.0043806675863438,0.0185488426992305,0.0,1,-19.93156856932417,2102347,0,False,
rpoA,c.-353C>T,rifampicin,Compensates transcriptional fitness cost of rpoB RRDR mutations. Mutations in the alpha subunit of RNA polymerase restore the binding geometry disrupted by rpoB resistance mutations.,Comas et al. 2012 Nat Genet; Gagneux et al.,0,9,871,978,0.0,0.009119,0.0,0.0043806675863438,0.0185488426992305,0.0,1,-19.93156856932417,3878860,0,False,
rpoC,c.2409C>G,rifampicin,"Beta-prime subunit of RNA polymerase. Mutations here compensate for the conformational changes in the RNA polymerase complex caused by rpoB RRDR resistance mutations, restoring transcription efficiency.",Comas et al. 2012 Nat Genet; Muller et al. 2017,0,9,871,978,0.0,0.009119,0.0,0.0043806675863438,0.0185488426992305,0.0,1,-19.93156856932417,765778,0,False,
mmpL5,c.2340A>C,bedaquiline/clofazimine,MmpL5 efflux pump structural component. Gain-of-function mutations that increase pump activity may compensate for BDQ/CFZ fitness costs in highly resistant strains. Borderline primary/compensatory — flag for manual review.,Andries et al.; Hartkoorn et al. 2014,0,9,871,978,0.0,0.009119,0.0,0.0043806675863438,0.0185488426992305,0.0,1,-19.93156856932417,776141,0,False,
mmpL5,c.1387T>C,bedaquiline/clofazimine,MmpL5 efflux pump structural component. Gain-of-function mutations that increase pump activity may compensate for BDQ/CFZ fitness costs in highly resistant strains. Borderline primary/compensatory — flag for manual review.,Andries et al.; Hartkoorn et al. 2014,0,9,871,978,0.0,0.009119,0.0,0.0043806675863438,0.0185488426992305,0.0,1,-19.93156856932417,777094,0,False,
rpoC,c.378G>A,rifampicin,"Beta-prime subunit of RNA polymerase. Mutations here compensate for the conformational changes in the RNA polymerase complex caused by rpoB RRDR resistance mutations, restoring transcription efficiency.",Comas et al. 2012 Nat Genet; Muller et al. 2017,0,9,871,978,0.0,0.009119,0.0,0.0043806675863438,0.0185488426992305,0.0,1,-19.93156856932417,763747,0,False,
rpoC,c.3165C>G,rifampicin,"Beta-prime subunit of RNA polymerase. Mutations here compensate for the conformational changes in the RNA polymerase complex caused by rpoB RRDR resistance mutations, restoring transcription efficiency.",Comas et al. 2012 Nat Genet; Muller et al. 2017,0,9,871,978,0.0,0.009119,0.0,0.0043806675863438,0.0185488426992305,0.0,1,-19.93156856932417,766534,0,False,
rpoC,c.3144C>T,rifampicin,"Beta-prime subunit of RNA polymerase. Mutations here compensate for the conformational changes in the RNA polymerase complex caused by rpoB RRDR resistance mutations, restoring transcription efficiency.",Comas et al. 2012 Nat Genet; Muller et al. 2017,0,9,871,978,0.0,0.009119,0.0,0.0043806675863438,0.0185488426992305,0.0,1,-19.93156856932417,766513,0,False,
mmpL5,c.2577G>A,bedaquiline/clofazimine,MmpL5 efflux pump structural component. Gain-of-function mutations that increase pump activity may compensate for BDQ/CFZ fitness costs in highly resistant strains. Borderline primary/compensatory — flag for manual review.,Andries et al.; Hartkoorn et al. 2014,0,9,871,978,0.0,0.009119,0.0,0.0043806675863438,0.0185488426992305,0.0,1,-19.93156856932417,775904,0,False,
rpoC,c.66A>G,rifampicin,"Beta-prime subunit of RNA polymerase. Mutations here compensate for the conformational changes in the RNA polymerase complex caused by rpoB RRDR resistance mutations, restoring transcription efficiency.",Comas et al. 2012 Nat Genet; Muller et al. 2017,0,9,871,978,0.0,0.009119,0.0,0.0043806675863438,0.0185488426992305,0.0,1,-19.93156856932417,763435,0,False,
mmpL5,c.2448C>T,bedaquiline/clofazimine,MmpL5 efflux pump structural component. Gain-of-function mutations that increase pump activity may compensate for BDQ/CFZ fitness costs in highly resistant strains. Borderline primary/compensatory — flag for manual review.,Andries et al.; Hartkoorn et al. 2014,0,9,871,978,0.0,0.009119,0.0,0.0043806675863438,0.0185488426992305,0.0,1,-19.93156856932417,776033,0,False,
kasA,c.579C>G,isoniazid,Beta-ketoacyl ACP synthase involved in mycolic acid synthesis. Mutations here can partially compensate for inhA-mediated INH resistance by altering the flux through the FAS-II fatty acid synthesis pathway.,Mdluli et al. 1998,0,9,871,978,0.0,0.009119,0.0,0.0043806675863438,0.0185488426992305,0.0,1,-19.93156856932417,2518693,0,False,
ndh,c.687T>C,isoniazid,"NADH dehydrogenase. Loss-of-function mutations raise the NADH/NAD+ ratio, which can compensate for INH-mediated inhibition of InhA (InhA requires NADH as cofactor). Not a direct resistance mutation but modulates the INH activation and target environment.",Miesel et al. 1998,0,9,871,978,0.0,0.009119,0.0,0.0043806675863438,0.0185488426992305,0.0,1,-19.93156856932417,2102356,0,False,
gyrB,c.975G>C,fluoroquinolones,"DNA gyrase B subunit. gyrB mutations can compensate for the supercoiling defects caused by gyrA QRDR (Quinolone Resistance-Determining Region) primary resistance mutations, restoring adequate DNA replication efficiency.",Avalos Vizcaino et al.; Mayer & Fierer 2014,0,9,871,978,0.0,0.009119,0.0,0.0043806675863438,0.0185488426992305,0.0,1,-19.93156856932417,6214,0,False,
ndh,c.657G>C,isoniazid,"NADH dehydrogenase. Loss-of-function mutations raise the NADH/NAD+ ratio, which can compensate for INH-mediated inhibition of InhA (InhA requires NADH as cofactor). Not a direct resistance mutation but modulates the INH activation and target environment.",Miesel et al. 1998,0,9,871,978,0.0,0.009119,0.0,0.0043806675863438,0.0185488426992305,0.0,1,-19.93156856932417,2102386,0,False,
embR,c.-437T>C,ethambutol,Transcriptional activator of the emb operon. Mutations in embR can modulate embB/embA/embC expression levels and partially compensate for the arabinogalactan synthesis disruption caused by primary embB resistance mutations.,Sharma et al. 2006,0,9,871,978,0.0,0.009119,0.0,0.0043806675863438,0.0185488426992305,0.0,1,-19.93156856932417,1417784,0,False,
ndh,c.511C>T,isoniazid,"NADH dehydrogenase. Loss-of-function mutations raise the NADH/NAD+ ratio, which can compensate for INH-mediated inhibition of InhA (InhA requires NADH as cofactor). Not a direct resistance mutation but modulates the INH activation and target environment.",Miesel et al. 1998,0,9,871,978,0.0,0.009119,0.0,0.0043806675863438,0.0185488426992305,0.0,1,-19.93156856932417,2102532,0,False,
mmpL5,c.2550C>T,bedaquiline/clofazimine,MmpL5 efflux pump structural component. Gain-of-function mutations that increase pump activity may compensate for BDQ/CFZ fitness costs in highly resistant strains. Borderline primary/compensatory — flag for manual review.,Andries et al.; Hartkoorn et al. 2014,0,9,871,978,0.0,0.009119,0.0,0.0043806675863438,0.0185488426992305,0.0,1,-19.93156856932417,775931,0,False,
rpoC,c.114G>A,rifampicin,"Beta-prime subunit of RNA polymerase. Mutations here compensate for the conformational changes in the RNA polymerase complex caused by rpoB RRDR resistance mutations, restoring transcription efficiency.",Comas et al. 2012 Nat Genet; Muller et al. 2017,17,5,854,982,0.019518,0.005066,3.8521,0.0045915679007363,0.0194074065742372,3.9096018735363,1,1.96702170105718,763483,0,False,
rpoC,c.120G>A,rifampicin,"Beta-prime subunit of RNA polymerase. Mutations here compensate for the conformational changes in the RNA polymerase complex caused by rpoB RRDR resistance mutations, restoring transcription efficiency.",Comas et al. 2012 Nat Genet; Muller et al. 2017,17,5,854,982,0.019518,0.005066,3.8521,0.0045915679007363,0.0194074065742372,3.9096018735363,1,1.96702170105718,763489,0,False,
rpoC,p.Asn698Lys,rifampicin,"Beta-prime subunit of RNA polymerase. Mutations here compensate for the conformational changes in the RNA polymerase complex caused by rpoB RRDR resistance mutations, restoring transcription efficiency.",Comas et al. 2012 Nat Genet; Muller et al. 2017,7,0,864,987,0.008037,0.0,8036.7394,0.0049116156613894,0.0207417964036728,999.0,1,9.964340867792416,765463,0,False,
kasA,p.Leu247Ile,isoniazid,Beta-ketoacyl ACP synthase involved in mycolic acid synthesis. Mutations here can partially compensate for inhA-mediated INH resistance by altering the flux through the FAS-II fatty acid synthesis pathway.,Mdluli et al. 1998,2,14,869,973,0.002296,0.014184,0.1619,0.005135161821028,0.0215903015065602,0.1599539700805523,1,-2.644271294090893,2518853,0,False,
gyrB,c.984G>C,fluoroquinolones,"DNA gyrase B subunit. gyrB mutations can compensate for the supercoiling defects caused by gyrA QRDR (Quinolone Resistance-Determining Region) primary resistance mutations, restoring adequate DNA replication efficiency.",Avalos Vizcaino et al.; Mayer & Fierer 2014,2,14,869,973,0.002296,0.014184,0.1619,0.005135161821028,0.0215903015065602,0.1599539700805523,1,-2.644271294090893,6223,0,False,
rpoC,c.1257C>T,rifampicin,"Beta-prime subunit of RNA polymerase. Mutations here compensate for the conformational changes in the RNA polymerase complex caused by rpoB RRDR resistance mutations, restoring transcription efficiency.",Comas et al. 2012 Nat Genet; Muller et al. 2017,2,14,869,973,0.002296,0.014184,0.1619,0.005135161821028,0.0215903015065602,0.1599539700805523,1,-2.644271294090893,764626,0,False,
kasA,c.963G>C,isoniazid,Beta-ketoacyl ACP synthase involved in mycolic acid synthesis. Mutations here can partially compensate for inhA-mediated INH resistance by altering the flux through the FAS-II fatty acid synthesis pathway.,Mdluli et al. 1998,2,14,869,973,0.002296,0.014184,0.1619,0.005135161821028,0.0215903015065602,0.1599539700805523,1,-2.644271294090893,2519077,0,False,
rpoC,c.1389C>G,rifampicin,"Beta-prime subunit of RNA polymerase. Mutations here compensate for the conformational changes in the RNA polymerase complex caused by rpoB RRDR resistance mutations, restoring transcription efficiency.",Comas et al. 2012 Nat Genet; Muller et al. 2017,2,14,869,973,0.002296,0.014184,0.1619,0.005135161821028,0.0215903015065602,0.1599539700805523,1,-2.644271294090893,764758,0,False,
mmpL5,c.1773C>T,bedaquiline/clofazimine,MmpL5 efflux pump structural component. Gain-of-function mutations that increase pump activity may compensate for BDQ/CFZ fitness costs in highly resistant strains. Borderline primary/compensatory — flag for manual review.,Andries et al.; Hartkoorn et al. 2014,1,11,870,976,0.001148,0.011145,0.103,0.0073268215666292,0.0306429382260778,0.1019853709508882,1,-3.2935658718105016,776708,0,False,
mmpL5,c.2568C>G,bedaquiline/clofazimine,MmpL5 efflux pump structural component. Gain-of-function mutations that increase pump activity may compensate for BDQ/CFZ fitness costs in highly resistant strains. Borderline primary/compensatory — flag for manual review.,Andries et al.; Hartkoorn et al. 2014,1,11,870,976,0.001148,0.011145,0.103,0.0073268215666292,0.0306429382260778,0.1019853709508882,1,-3.2935658718105016,775913,0,False,
ndh,c.1260T>G,isoniazid,"NADH dehydrogenase. Loss-of-function mutations raise the NADH/NAD+ ratio, which can compensate for INH-mediated inhibition of InhA (InhA requires NADH as cofactor). Not a direct resistance mutation but modulates the INH activation and target environment.",Miesel et al. 1998,1,11,870,976,0.001148,0.011145,0.103,0.0073268215666292,0.0306429382260778,0.1019853709508882,1,-3.2935658718105016,2101783,0,False,
ndh,c.1104A>C,isoniazid,"NADH dehydrogenase. Loss-of-function mutations raise the NADH/NAD+ ratio, which can compensate for INH-mediated inhibition of InhA (InhA requires NADH as cofactor). Not a direct resistance mutation but modulates the INH activation and target environment.",Miesel et al. 1998,1,11,870,976,0.001148,0.011145,0.103,0.0073268215666292,0.0306429382260778,0.1019853709508882,1,-3.2935658718105016,2101939,0,False,
ahpC,c.459G>C,isoniazid,Alkyl hydroperoxide reductase. Upregulation compensates for the loss of KatG-mediated oxidative defence when katG is inactivated by INH-resistance mutations. Promoter mutations causing ahpC upregulation are the canonical compensatory mechanism for katG LoF.,Sherman et al. 1996; Heym et al. 1997,1,11,870,976,0.001148,0.011145,0.103,0.0073268215666292,0.0306429382260778,0.1019853709508882,1,-3.2935658718105016,2726651,0,False,
mmpR5,p.Met139Ile,bedaquiline/clofazimine,"Transcriptional repressor of the MmpS5-MmpL5 efflux pump. Loss-of-function mutations in mmpR5 upregulate MmpL5-mediated drug efflux. Classified here as compensatory in the context of pre-existing BDQ resistance conferring fitness loss, though some literature treats this as a primary low-level resistance mechanism. Flag for manual review.",Andries et al.; Hartkoorn et al. 2014,9,1,862,986,0.010333,0.001013,10.1886,0.0079588724508296,0.0332572148295614,10.294663573085847,1,3.363824778731126,779406,0,False,
rpoC,c.1863G>C,rifampicin,"Beta-prime subunit of RNA polymerase. Mutations here compensate for the conformational changes in the RNA polymerase complex caused by rpoB RRDR resistance mutations, restoring transcription efficiency.",Comas et al. 2012 Nat Genet; Muller et al. 2017,0,8,871,979,0.0,0.008105,0.0,0.0085497229045744,0.0340277545459794,0.0,1,-19.93156856932417,765232,0,False,
rpoC,c.1500C>T,rifampicin,"Beta-prime subunit of RNA polymerase. Mutations here compensate for the conformational changes in the RNA polymerase complex caused by rpoB RRDR resistance mutations, restoring transcription efficiency.",Comas et al. 2012 Nat Genet; Muller et al. 2017,0,8,871,979,0.0,0.008105,0.0,0.0085497229045744,0.0340277545459794,0.0,1,-19.93156856932417,764869,0,False,
rpoA,c.735G>C,rifampicin,Compensates transcriptional fitness cost of rpoB RRDR mutations. Mutations in the alpha subunit of RNA polymerase restore the binding geometry disrupted by rpoB resistance mutations.,Comas et al. 2012 Nat Genet; Gagneux et al.,0,8,871,979,0.0,0.008105,0.0,0.0085497229045744,0.0340277545459794,0.0,1,-19.93156856932417,3877773,0,False,
kasA,c.378C>T,isoniazid,Beta-ketoacyl ACP synthase involved in mycolic acid synthesis. Mutations here can partially compensate for inhA-mediated INH resistance by altering the flux through the FAS-II fatty acid synthesis pathway.,Mdluli et al. 1998,0,8,871,979,0.0,0.008105,0.0,0.0085497229045744,0.0340277545459794,0.0,1,-19.93156856932417,2518492,0,False,
kasA,c.930G>C,isoniazid,Beta-ketoacyl ACP synthase involved in mycolic acid synthesis. Mutations here can partially compensate for inhA-mediated INH resistance by altering the flux through the FAS-II fatty acid synthesis pathway.,Mdluli et al. 1998,0,8,871,979,0.0,0.008105,0.0,0.0085497229045744,0.0340277545459794,0.0,1,-19.93156856932417,2519044,0,False,
ndh,c.201A>G,isoniazid,"NADH dehydrogenase. Loss-of-function mutations raise the NADH/NAD+ ratio, which can compensate for INH-mediated inhibition of InhA (InhA requires NADH as cofactor). Not a direct resistance mutation but modulates the INH activation and target environment.",Miesel et al. 1998,0,8,871,979,0.0,0.008105,0.0,0.0085497229045744,0.0340277545459794,0.0,1,-19.93156856932417,2102842,0,False,
kasA,c.315A>G,isoniazid,Beta-ketoacyl ACP synthase involved in mycolic acid synthesis. Mutations here can partially compensate for inhA-mediated INH resistance by altering the flux through the FAS-II fatty acid synthesis pathway.,Mdluli et al. 1998,0,8,871,979,0.0,0.008105,0.0,0.0085497229045744,0.0340277545459794,0.0,1,-19.93156856932417,2518429,0,False,
rpoA,c.813C>G,rifampicin,Compensates transcriptional fitness cost of rpoB RRDR mutations. Mutations in the alpha subunit of RNA polymerase restore the binding geometry disrupted by rpoB resistance mutations.,Comas et al. 2012 Nat Genet; Gagneux et al.,0,8,871,979,0.0,0.008105,0.0,0.0085497229045744,0.0340277545459794,0.0,1,-19.93156856932417,3877695,0,False,
kasA,c.1188C>T,isoniazid,Beta-ketoacyl ACP synthase involved in mycolic acid synthesis. Mutations here can partially compensate for inhA-mediated INH resistance by altering the flux through the FAS-II fatty acid synthesis pathway.,Mdluli et al. 1998,0,8,871,979,0.0,0.008105,0.0,0.0085497229045744,0.0340277545459794,0.0,1,-19.93156856932417,2519302,0,False,
rpoA,c.474A>G,rifampicin,Compensates transcriptional fitness cost of rpoB RRDR mutations. Mutations in the alpha subunit of RNA polymerase restore the binding geometry disrupted by rpoB resistance mutations.,Comas et al. 2012 Nat Genet; Gagneux et al.,0,8,871,979,0.0,0.008105,0.0,0.0085497229045744,0.0340277545459794,0.0,1,-19.93156856932417,3878034,0,False,
gyrB,c.303A>C,fluoroquinolones,"DNA gyrase B subunit. gyrB mutations can compensate for the supercoiling defects caused by gyrA QRDR (Quinolone Resistance-Determining Region) primary resistance mutations, restoring adequate DNA replication efficiency.",Avalos Vizcaino et al.; Mayer & Fierer 2014,0,8,871,979,0.0,0.008105,0.0,0.0085497229045744,0.0340277545459794,0.0,1,-19.93156856932417,5542,0,False,
rpoC,c.3474T>G,rifampicin,"Beta-prime subunit of RNA polymerase. Mutations here compensate for the conformational changes in the RNA polymerase complex caused by rpoB RRDR resistance mutations, restoring transcription efficiency.",Comas et al. 2012 Nat Genet; Muller et al. 2017,0,8,871,979,0.0,0.008105,0.0,0.0085497229045744,0.0340277545459794,0.0,1,-19.93156856932417,766843,0,False,
mmpL5,p.Asp697Asn,bedaquiline/clofazimine,MmpL5 efflux pump structural component. Gain-of-function mutations that increase pump activity may compensate for BDQ/CFZ fitness costs in highly resistant strains. Borderline primary/compensatory — flag for manual review.,Andries et al.; Hartkoorn et al. 2014,0,8,871,979,0.0,0.008105,0.0,0.0085497229045744,0.0340277545459794,0.0,1,-19.93156856932417,776392,0,False,
gyrB,c.1059C>G,fluoroquinolones,"DNA gyrase B subunit. gyrB mutations can compensate for the supercoiling defects caused by gyrA QRDR (Quinolone Resistance-Determining Region) primary resistance mutations, restoring adequate DNA replication efficiency.",Avalos Vizcaino et al.; Mayer & Fierer 2014,0,8,871,979,0.0,0.008105,0.0,0.0085497229045744,0.0340277545459794,0.0,1,-19.93156856932417,6298,0,False,
rpoC,c.3798C>T,rifampicin,"Beta-prime subunit of RNA polymerase. Mutations here compensate for the conformational changes in the RNA polymerase complex caused by rpoB RRDR resistance mutations, restoring transcription efficiency.",Comas et al. 2012 Nat Genet; Muller et al. 2017,0,8,871,979,0.0,0.008105,0.0,0.0085497229045744,0.0340277545459794,0.0,1,-19.93156856932417,767167,0,False,
rpoA,c.102G>T,rifampicin,Compensates transcriptional fitness cost of rpoB RRDR mutations. Mutations in the alpha subunit of RNA polymerase restore the binding geometry disrupted by rpoB resistance mutations.,Comas et al. 2012 Nat Genet; Gagneux et al.,0,8,871,979,0.0,0.008105,0.0,0.0085497229045744,0.0340277545459794,0.0,1,-19.93156856932417,3878406,0,False,
rpoC,c.579G>C,rifampicin,"Beta-prime subunit of RNA polymerase. Mutations here compensate for the conformational changes in the RNA polymerase complex caused by rpoB RRDR resistance mutations, restoring transcription efficiency.",Comas et al. 2012 Nat Genet; Muller et al. 2017,0,8,871,979,0.0,0.008105,0.0,0.0085497229045744,0.0340277545459794,0.0,1,-19.93156856932417,763948,0,False,
ndh,c.669G>C,isoniazid,"NADH dehydrogenase. Loss-of-function mutations raise the NADH/NAD+ ratio, which can compensate for INH-mediated inhibition of InhA (InhA requires NADH as cofactor). Not a direct resistance mutation but modulates the INH activation and target environment.",Miesel et al. 1998,0,8,871,979,0.0,0.008105,0.0,0.0085497229045744,0.0340277545459794,0.0,1,-19.93156856932417,2102374,0,False,
mmpL5,c.2388C>A,bedaquiline/clofazimine,MmpL5 efflux pump structural component. Gain-of-function mutations that increase pump activity may compensate for BDQ/CFZ fitness costs in highly resistant strains. Borderline primary/compensatory — flag for manual review.,Andries et al.; Hartkoorn et al. 2014,0,8,871,979,0.0,0.008105,0.0,0.0085497229045744,0.0340277545459794,0.0,1,-19.93156856932417,776093,0,False,
rpoC,c.564C>T,rifampicin,"Beta-prime subunit of RNA polymerase. Mutations here compensate for the conformational changes in the RNA polymerase complex caused by rpoB RRDR resistance mutations, restoring transcription efficiency.",Comas et al. 2012 Nat Genet; Muller et al. 2017,0,8,871,979,0.0,0.008105,0.0,0.0085497229045744,0.0340277545459794,0.0,1,-19.93156856932417,763933,0,False,
mmpL5,c.2490G>A,bedaquiline/clofazimine,MmpL5 efflux pump structural component. Gain-of-function mutations that increase pump activity may compensate for BDQ/CFZ fitness costs in highly resistant strains. Borderline primary/compensatory — flag for manual review.,Andries et al.; Hartkoorn et al. 2014,0,8,871,979,0.0,0.008105,0.0,0.0085497229045744,0.0340277545459794,0.0,1,-19.93156856932417,775991,0,False,
rpoC,c.2319G>C,rifampicin,"Beta-prime subunit of RNA polymerase. Mutations here compensate for the conformational changes in the RNA polymerase complex caused by rpoB RRDR resistance mutations, restoring transcription efficiency.",Comas et al. 2012 Nat Genet; Muller et al. 2017,0,8,871,979,0.0,0.008105,0.0,0.0085497229045744,0.0340277545459794,0.0,1,-19.93156856932417,765688,0,False,
rpoA,c.348C>G,rifampicin,Compensates transcriptional fitness cost of rpoB RRDR mutations. Mutations in the alpha subunit of RNA polymerase restore the binding geometry disrupted by rpoB resistance mutations.,Comas et al. 2012 Nat Genet; Gagneux et al.,0,8,871,979,0.0,0.008105,0.0,0.0085497229045744,0.0340277545459794,0.0,1,-19.93156856932417,3878160,0,False,
gyrB,c.312T>C,fluoroquinolones,"DNA gyrase B subunit. gyrB mutations can compensate for the supercoiling defects caused by gyrA QRDR (Quinolone Resistance-Determining Region) primary resistance mutations, restoring adequate DNA replication efficiency.",Avalos Vizcaino et al.; Mayer & Fierer 2014,0,8,871,979,0.0,0.008105,0.0,0.0085497229045744,0.0340277545459794,0.0,1,-19.93156856932417,5551,0,False,
gyrB,c.1687T>C,fluoroquinolones,"DNA gyrase B subunit. gyrB mutations can compensate for the supercoiling defects caused by gyrA QRDR (Quinolone Resistance-Determining Region) primary resistance mutations, restoring adequate DNA replication efficiency.",Avalos Vizcaino et al.; Mayer & Fierer 2014,0,8,871,979,0.0,0.008105,0.0,0.0085497229045744,0.0340277545459794,0.0,1,-19.93156856932417,6926,0,False,
rpoC,c.297G>A,rifampicin,"Beta-prime subunit of RNA polymerase. Mutations here compensate for the conformational changes in the RNA polymerase complex caused by rpoB RRDR resistance mutations, restoring transcription efficiency.",Comas et al. 2012 Nat Genet; Muller et al. 2017,0,8,871,979,0.0,0.008105,0.0,0.0085497229045744,0.0340277545459794,0.0,1,-19.93156856932417,763666,0,False,
rpoC,c.6C>A,rifampicin,"Beta-prime subunit of RNA polymerase. Mutations here compensate for the conformational changes in the RNA polymerase complex caused by rpoB RRDR resistance mutations, restoring transcription efficiency.",Comas et al. 2012 Nat Genet; Muller et al. 2017,0,8,871,979,0.0,0.008105,0.0,0.0085497229045744,0.0340277545459794,0.0,1,-19.93156856932417,763375,0,False,
rpoA,c.207C>G,rifampicin,Compensates transcriptional fitness cost of rpoB RRDR mutations. Mutations in the alpha subunit of RNA polymerase restore the binding geometry disrupted by rpoB resistance mutations.,Comas et al. 2012 Nat Genet; Gagneux et al.,0,8,871,979,0.0,0.008105,0.0,0.0085497229045744,0.0340277545459794,0.0,1,-19.93156856932417,3878301,0,False,
ndh,c.333C>G,isoniazid,"NADH dehydrogenase. Loss-of-function mutations raise the NADH/NAD+ ratio, which can compensate for INH-mediated inhibition of InhA (InhA requires NADH as cofactor). Not a direct resistance mutation but modulates the INH activation and target environment.",Miesel et al. 1998,0,8,871,979,0.0,0.008105,0.0,0.0085497229045744,0.0340277545459794,0.0,1,-19.93156856932417,2102710,0,False,
kasA,c.504G>C,isoniazid,Beta-ketoacyl ACP synthase involved in mycolic acid synthesis. Mutations here can partially compensate for inhA-mediated INH resistance by altering the flux through the FAS-II fatty acid synthesis pathway.,Mdluli et al. 1998,0,8,871,979,0.0,0.008105,0.0,0.0085497229045744,0.0340277545459794,0.0,1,-19.93156856932417,2518618,0,False,
ahpC,c.369T>C,isoniazid,Alkyl hydroperoxide reductase. Upregulation compensates for the loss of KatG-mediated oxidative defence when katG is inactivated by INH-resistance mutations. Promoter mutations causing ahpC upregulation are the canonical compensatory mechanism for katG LoF.,Sherman et al. 1996; Heym et al. 1997,0,8,871,979,0.0,0.008105,0.0,0.0085497229045744,0.0340277545459794,0.0,1,-19.93156856932417,2726561,0,False,
mmpL5,p.Ile781Val,bedaquiline/clofazimine,MmpL5 efflux pump structural component. Gain-of-function mutations that increase pump activity may compensate for BDQ/CFZ fitness costs in highly resistant strains. Borderline primary/compensatory — flag for manual review.,Andries et al.; Hartkoorn et al. 2014,0,8,871,979,0.0,0.008105,0.0,0.0085497229045744,0.0340277545459794,0.0,1,-19.93156856932417,776140,0,False,
gyrB,c.372C>T,fluoroquinolones,"DNA gyrase B subunit. gyrB mutations can compensate for the supercoiling defects caused by gyrA QRDR (Quinolone Resistance-Determining Region) primary resistance mutations, restoring adequate DNA replication efficiency.",Avalos Vizcaino et al.; Mayer & Fierer 2014,0,8,871,979,0.0,0.008105,0.0,0.0085497229045744,0.0340277545459794,0.0,1,-19.93156856932417,5611,0,False,
rpoC,c.3432C>T,rifampicin,"Beta-prime subunit of RNA polymerase. Mutations here compensate for the conformational changes in the RNA polymerase complex caused by rpoB RRDR resistance mutations, restoring transcription efficiency.",Comas et al. 2012 Nat Genet; Muller et al. 2017,0,8,871,979,0.0,0.008105,0.0,0.0085497229045744,0.0340277545459794,0.0,1,-19.93156856932417,766801,0,False,
ndh,p.Asn355Asp,isoniazid,"NADH dehydrogenase. Loss-of-function mutations raise the NADH/NAD+ ratio, which can compensate for INH-mediated inhibition of InhA (InhA requires NADH as cofactor). Not a direct resistance mutation but modulates the INH activation and target environment.",Miesel et al. 1998,0,8,871,979,0.0,0.008105,0.0,0.0085497229045744,0.0340277545459794,0.0,1,-19.93156856932417,2101980,0,False,
ndh,c.288G>C,isoniazid,"NADH dehydrogenase. Loss-of-function mutations raise the NADH/NAD+ ratio, which can compensate for INH-mediated inhibition of InhA (InhA requires NADH as cofactor). Not a direct resistance mutation but modulates the INH activation and target environment.",Miesel et al. 1998,0,8,871,979,0.0,0.008105,0.0,0.0085497229045744,0.0340277545459794,0.0,1,-19.93156856932417,2102755,0,False,
ndh,c.285C>G,isoniazid,"NADH dehydrogenase. Loss-of-function mutations raise the NADH/NAD+ ratio, which can compensate for INH-mediated inhibition of InhA (InhA requires NADH as cofactor). Not a direct resistance mutation but modulates the INH activation and target environment.",Miesel et al. 1998,0,8,871,979,0.0,0.008105,0.0,0.0085497229045744,0.0340277545459794,0.0,1,-19.93156856932417,2102758,0,False,
gyrB,p.Asn558His,fluoroquinolones,"DNA gyrase B subunit. gyrB mutations can compensate for the supercoiling defects caused by gyrA QRDR (Quinolone Resistance-Determining Region) primary resistance mutations, restoring adequate DNA replication efficiency.",Avalos Vizcaino et al.; Mayer & Fierer 2014,0,8,871,979,0.0,0.008105,0.0,0.0085497229045744,0.0340277545459794,0.0,1,-19.93156856932417,6911,0,False,
rpoA,c.489A>G,rifampicin,Compensates transcriptional fitness cost of rpoB RRDR mutations. Mutations in the alpha subunit of RNA polymerase restore the binding geometry disrupted by rpoB resistance mutations.,Comas et al. 2012 Nat Genet; Gagneux et al.,0,8,871,979,0.0,0.008105,0.0,0.0085497229045744,0.0340277545459794,0.0,1,-19.93156856932417,3878019,0,False,
rpoC,c.249C>T,rifampicin,"Beta-prime subunit of RNA polymerase. Mutations here compensate for the conformational changes in the RNA polymerase complex caused by rpoB RRDR resistance mutations, restoring transcription efficiency.",Comas et al. 2012 Nat Genet; Muller et al. 2017,0,8,871,979,0.0,0.008105,0.0,0.0085497229045744,0.0340277545459794,0.0,1,-19.93156856932417,763618,0,False,
rpoC,c.-81C>G,rifampicin,"Beta-prime subunit of RNA polymerase. Mutations here compensate for the conformational changes in the RNA polymerase complex caused by rpoB RRDR resistance mutations, restoring transcription efficiency.",Comas et al. 2012 Nat Genet; Muller et al. 2017,0,8,871,979,0.0,0.008105,0.0,0.0085497229045744,0.0340277545459794,0.0,1,-19.93156856932417,763289,0,False,
rpoA,c.-377C>G,rifampicin,Compensates transcriptional fitness cost of rpoB RRDR mutations. Mutations in the alpha subunit of RNA polymerase restore the binding geometry disrupted by rpoB resistance mutations.,Comas et al. 2012 Nat Genet; Gagneux et al.,0,8,871,979,0.0,0.008105,0.0,0.0085497229045744,0.0340277545459794,0.0,1,-19.93156856932417,3878884,0,False,
mmpL5,c.1176C>G,bedaquiline/clofazimine,MmpL5 efflux pump structural component. Gain-of-function mutations that increase pump activity may compensate for BDQ/CFZ fitness costs in highly resistant strains. Borderline primary/compensatory — flag for manual review.,Andries et al.; Hartkoorn et al. 2014,0,8,871,979,0.0,0.008105,0.0,0.0085497229045744,0.0340277545459794,0.0,1,-19.93156856932417,777305,0,False,
rpoC,c.3201T>C,rifampicin,"Beta-prime subunit of RNA polymerase. Mutations here compensate for the conformational changes in the RNA polymerase complex caused by rpoB RRDR resistance mutations, restoring transcription efficiency.",Comas et al. 2012 Nat Genet; Muller et al. 2017,0,8,871,979,0.0,0.008105,0.0,0.0085497229045744,0.0340277545459794,0.0,1,-19.93156856932417,766570,0,False,
ndh,c.433T>C,isoniazid,"NADH dehydrogenase. Loss-of-function mutations raise the NADH/NAD+ ratio, which can compensate for INH-mediated inhibition of InhA (InhA requires NADH as cofactor). Not a direct resistance mutation but modulates the INH activation and target environment.",Miesel et al. 1998,0,8,871,979,0.0,0.008105,0.0,0.0085497229045744,0.0340277545459794,0.0,1,-19.93156856932417,2102610,0,False,
rpoC,p.Asp1182Glu,rifampicin,"Beta-prime subunit of RNA polymerase. Mutations here compensate for the conformational changes in the RNA polymerase complex caused by rpoB RRDR resistance mutations, restoring transcription efficiency.",Comas et al. 2012 Nat Genet; Muller et al. 2017,0,8,871,979,0.0,0.008105,0.0,0.0085497229045744,0.0340277545459794,0.0,1,-19.93156856932417,766915,0,False,
rpoC,c.2127C>G,rifampicin,"Beta-prime subunit of RNA polymerase. Mutations here compensate for the conformational changes in the RNA polymerase complex caused by rpoB RRDR resistance mutations, restoring transcription efficiency.",Comas et al. 2012 Nat Genet; Muller et al. 2017,0,8,871,979,0.0,0.008105,0.0,0.0085497229045744,0.0340277545459794,0.0,1,-19.93156856932417,765496,0,False,
rpoC,c.1443C>G,rifampicin,"Beta-prime subunit of RNA polymerase. Mutations here compensate for the conformational changes in the RNA polymerase complex caused by rpoB RRDR resistance mutations, restoring transcription efficiency.",Comas et al. 2012 Nat Genet; Muller et al. 2017,0,8,871,979,0.0,0.008105,0.0,0.0085497229045744,0.0340277545459794,0.0,1,-19.93156856932417,764812,0,False,
gyrB,c.1060C>T,fluoroquinolones,"DNA gyrase B subunit. gyrB mutations can compensate for the supercoiling defects caused by gyrA QRDR (Quinolone Resistance-Determining Region) primary resistance mutations, restoring adequate DNA replication efficiency.",Avalos Vizcaino et al.; Mayer & Fierer 2014,0,8,871,979,0.0,0.008105,0.0,0.0085497229045744,0.0340277545459794,0.0,1,-19.93156856932417,6299,0,False,
gyrB,c.894G>C,fluoroquinolones,"DNA gyrase B subunit. gyrB mutations can compensate for the supercoiling defects caused by gyrA QRDR (Quinolone Resistance-Determining Region) primary resistance mutations, restoring adequate DNA replication efficiency.",Avalos Vizcaino et al.; Mayer & Fierer 2014,0,8,871,979,0.0,0.008105,0.0,0.0085497229045744,0.0340277545459794,0.0,1,-19.93156856932417,6133,0,False,
ndh,c.462T>C,isoniazid,"NADH dehydrogenase. Loss-of-function mutations raise the NADH/NAD+ ratio, which can compensate for INH-mediated inhibition of InhA (InhA requires NADH as cofactor). Not a direct resistance mutation but modulates the INH activation and target environment.",Miesel et al. 1998,0,8,871,979,0.0,0.008105,0.0,0.0085497229045744,0.0340277545459794,0.0,1,-19.93156856932417,2102581,0,False,
eis,c.-104G>A,amikacin/kanamycin,Enhanced intracellular survival protein. Promoter mutations causing eis overexpression confer low-level kanamycin/amikacin resistance and may compensate for fitness costs in strains with primary rrs resistance mutations. Borderline primary/compensatory at promoter positions — flag for manual review.,Campbell et al. 2011; Zaunbrecher et al. 2009,0,8,871,979,0.0,0.008105,0.0,0.0085497229045744,0.0340277545459794,0.0,1,-19.93156856932417,2715436,0,False,
kasA,p.Leu245Met,isoniazid,Beta-ketoacyl ACP synthase involved in mycolic acid synthesis. Mutations here can partially compensate for inhA-mediated INH resistance by altering the flux through the FAS-II fatty acid synthesis pathway.,Mdluli et al. 1998,0,8,871,979,0.0,0.008105,0.0,0.0085497229045744,0.0340277545459794,0.0,1,-19.93156856932417,2518847,0,False,
kasA,c.1245T>C,isoniazid,Beta-ketoacyl ACP synthase involved in mycolic acid synthesis. Mutations here can partially compensate for inhA-mediated INH resistance by altering the flux through the FAS-II fatty acid synthesis pathway.,Mdluli et al. 1998,0,8,871,979,0.0,0.008105,0.0,0.0085497229045744,0.0340277545459794,0.0,1,-19.93156856932417,2519359,0,False,
rpoC,p.Ser138Ala,rifampicin,"Beta-prime subunit of RNA polymerase. Mutations here compensate for the conformational changes in the RNA polymerase complex caused by rpoB RRDR resistance mutations, restoring transcription efficiency.",Comas et al. 2012 Nat Genet; Muller et al. 2017,2,13,869,974,0.002296,0.013171,0.1743,0.0087927858724783,0.0347631931925986,0.1724351597769319,1,-2.53587412287315,763781,0,False,
rpoC,c.771C>T,rifampicin,"Beta-prime subunit of RNA polymerase. Mutations here compensate for the conformational changes in the RNA polymerase complex caused by rpoB RRDR resistance mutations, restoring transcription efficiency.",Comas et al. 2012 Nat Genet; Muller et al. 2017,2,13,869,974,0.002296,0.013171,0.1743,0.0087927858724783,0.0347631931925986,0.1724351597769319,1,-2.53587412287315,764140,0,False,
rpoC,c.3297C>G,rifampicin,"Beta-prime subunit of RNA polymerase. Mutations here compensate for the conformational changes in the RNA polymerase complex caused by rpoB RRDR resistance mutations, restoring transcription efficiency.",Comas et al. 2012 Nat Genet; Muller et al. 2017,2,13,869,974,0.002296,0.013171,0.1743,0.0087927858724783,0.0347631931925986,0.1724351597769319,1,-2.53587412287315,766666,0,False,
rpoC,c.3552G>C,rifampicin,"Beta-prime subunit of RNA polymerase. Mutations here compensate for the conformational changes in the RNA polymerase complex caused by rpoB RRDR resistance mutations, restoring transcription efficiency.",Comas et al. 2012 Nat Genet; Muller et al. 2017,2,13,869,974,0.002296,0.013171,0.1743,0.0087927858724783,0.0347631931925986,0.1724351597769319,1,-2.53587412287315,766921,0,False,
ndh,c.408C>G,isoniazid,"NADH dehydrogenase. Loss-of-function mutations raise the NADH/NAD+ ratio, which can compensate for INH-mediated inhibition of InhA (InhA requires NADH as cofactor). Not a direct resistance mutation but modulates the INH activation and target environment.",Miesel et al. 1998,2,13,869,974,0.002296,0.013171,0.1743,0.0087927858724783,0.0347631931925986,0.1724351597769319,1,-2.53587412287315,2102635,0,False,
rpoC,c.1683C>G,rifampicin,"Beta-prime subunit of RNA polymerase. Mutations here compensate for the conformational changes in the RNA polymerase complex caused by rpoB RRDR resistance mutations, restoring transcription efficiency.",Comas et al. 2012 Nat Genet; Muller et al. 2017,2,13,869,974,0.002296,0.013171,0.1743,0.0087927858724783,0.0347631931925986,0.1724351597769319,1,-2.53587412287315,765052,0,False,
gyrB,c.369C>T,fluoroquinolones,"DNA gyrase B subunit. gyrB mutations can compensate for the supercoiling defects caused by gyrA QRDR (Quinolone Resistance-Determining Region) primary resistance mutations, restoring adequate DNA replication efficiency.",Avalos Vizcaino et al.; Mayer & Fierer 2014,6,0,865,987,0.006889,0.0,6888.6338,0.0105159678669285,0.0415071949222358,999.0,1,9.964340867792416,5608,0,False,
