gene,change,variant_id,drug_context,padj_BH_step2,overall_carriage_pct,chi2_lineage,p_lineage,carriage_pct_lineage1,carriage_pct_lineage2,carriage_pct_lineage3,carriage_pct_lineage4,carriage_pct_Other/Unresolved,padj_lineage_BH,lineage_restricted
kasA,p.Gly269Ser,Chromosome_2518919_G_A,isoniazid,4.3778818507502943e-63,17.06135629709365,163.37237189478037,3.4300771405423596e-35,0.0,0.0,0.0,24.960505529225905,1.9230769230769231,8.76098869646861e-34,True
mmpL5,p.Ile948Val,Chromosome_775639_T_C,bedaquiline/clofazimine,1.5925447917968387e-46,86.11410118406889,109.62975619845857,1.318298737220092e-23,100.0,100.0,100.0,82.22748815165876,36.53846153846153,2.993026392281172e-22,True
gid,p.Leu16Arg,Chromosome_4408156_A_C,streptomycin,2.820738141930129e-28,23.2508073196986,239.99442431000836,9.543594551261122e-52,0.0,0.0,0.0,33.88625592417062,5.769230769230769,2.6591924817832123e-50,True
rpoC,p.Val483Gly,Chromosome_764817_T_G,rifampicin,1.2218638053937076e-26,6.189451022604951,340.11075697497074,2.0649478434095497e-73,6.349206349206349,27.22222222222222,0.8547008547008548,0.7898894154818324,3.8461538461538463,6.329065140050269e-72,True
rpoC,c.1626C>G,Chromosome_764995_C_G,rifampicin,3.0259703436324545e-22,24.65016146393972,237.71246262055823,2.9728720793215866e-51,0.0,0.5555555555555556,0.0,34.28120063191153,42.30769230769231,7.923350367931011e-50,True
whiB7,c.-350A>G,Chromosome_3569029_T_C,multiple,1.0061905337512368e-20,4.413347685683531,36.639909391803485,5.483577767185006e-08,0.0,0.0,0.0,6.477093206951026,0.0,1.0504478660263776e-06,True
rpoC,p.Val1039Ala,Chromosome_766485_T_C,rifampicin,4.734388326833937e-16,2.906350914962325,23.29012147084348,3.513276729966338e-05,0.0,0.0,0.0,4.1864139020537126,1.9230769230769231,0.0006334231280792251,True
gyrB,p.His302Arg,Chromosome_6144_A_G,fluoroquinolones,5.016351672234345e-13,2.4219590958019377,19.236434254482468,0.0002442848943055794,0.0,0.0,0.0,3.4755134281200633,1.9230769230769231,0.004047206492143789,True
rpoC,p.Pro1040Ser,Chromosome_766487_C_T,rifampicin,2.3459793049603967e-10,1.991388589881593,16.112083030817743,0.0010755330686602928,0.0,0.0,0.0,2.9225908372827805,0.0,0.016905173617660498,True
ahpC,c.-88G>A,Chromosome_2726105_G_A,isoniazid,3.05119494531798e-10,6.350914962325081,1806.0000000000002,0.0,0.0,0.0,100.0,0.0,1.9230769230769231,0.0,True
gid,p.Ala119Thr,Chromosome_4407848_C_T,streptomycin,4.605156590206338e-10,2.744886975242196,1393.6836389028545,6.914750218590144e-302,79.36507936507937,0.2777777777777778,0.0,0.0,0.0,2.5852764391065555e-300,True
rpoC,c.183C>T,Chromosome_763552_C_T,rifampicin,8.378503647715873e-10,2.744886975242196,1393.611198611849,7.169608395564672e-302,79.36507936507937,0.0,0.0,0.07898894154818326,0.0,2.5852764391065555e-300,True
gid,p.Glu92Asp,Chromosome_4407927_T_G,streptomycin,9.009835219375255e-10,20.721205597416578,1739.1944741910083,0.0,0.0,100.0,0.0,0.8688783570300158,26.923076923076923,0.0,True
ndh,p.Arg268His,Chromosome_2102240_C_T,isoniazid,1.4897334172908376e-09,2.744886975242196,1393.6836389028545,6.914750218590144e-302,79.36507936507937,0.2777777777777778,0.0,0.0,0.0,2.5852764391065555e-300,True
rpoC,c.3627C>T,Chromosome_766996_C_T,rifampicin,1.7058869886829986e-07,1.829924650161464,4.289152302641995,0.23188624493266743,0.0,0.0,0.0,0.7898894154818324,46.15384615384615,0.6736789959418252,False
rpoA,c.-371T>C,Chromosome_3878878_A_G,rifampicin,2.6487027419706534e-07,2.4219590958019377,8.626335426142242,0.03469448400819575,0.0,0.0,0.0,1.579778830963665,48.07692307692308,0.4726159710449776,False
rpoC,c.1542A>G,Chromosome_764911_A_G,rifampicin,2.985076626498544e-07,1.776103336921421,4.289152302641995,0.23188624493266743,0.0,0.0,0.0,0.7898894154818324,44.230769230769226,0.6736789959418252,False
kasA,c.750G>C,Chromosome_2518864_G_C,isoniazid,4.358446585229498e-07,2.4757804090419806,2.55737494608975,0.46501131776463367,0.0,0.5555555555555556,1.7094017094017095,1.3428120063191153,48.07692307692308,0.754105655528361,False
rpoC,c.2598C>T,Chromosome_765967_C_T,rifampicin,5.039051249007589e-07,1.776103336921421,3.858088915965788,0.27720133176383643,0.0,0.0,0.0,0.7109004739336493,46.15384615384615,0.6743032395683798,False
rpoC,c.333C>G,Chromosome_763702_C_G,rifampicin,5.039051249007589e-07,1.7222820236813776,3.858088915965788,0.27720133176383643,0.0,0.0,0.0,0.7109004739336493,44.230769230769226,0.6743032395683798,False
gyrB,c.-165C>T,Chromosome_5075_C_T,fluoroquinolones,6.593509567228738e-07,2.960172228202368,1510.960615752038,0.0,85.71428571428571,0.2777777777777778,0.0,0.0,0.0,0.0,True
rpoC,c.1089G>C,Chromosome_764458_G_C,rifampicin,6.911124894856631e-07,1.991388589881593,4.7206959827852515,0.1934294327640628,0.0,0.0,0.0,0.8688783570300158,50.0,0.6736789959418252,False
rpoC,c.3912C>G,Chromosome_767281_C_G,rifampicin,6.911124894856631e-07,1.991388589881593,5.152720759561889,0.1609497217705886,0.0,0.0,0.0,0.9478672985781991,48.07692307692308,0.6736789959418252,False
embR,p.Leu313Arg,Chromosome_1416410_A_C,ethambutol,6.911124894856631e-07,1.7222820236813776,13.895499500419435,0.0030509023146483138,0.0,0.0,0.0,2.527646129541864,0.0,0.04475173382600684,True
rpoC,c.1128A>G,Chromosome_764497_A_G,rifampicin,6.911124894856631e-07,1.9375672766415502,4.7206959827852515,0.1934294327640628,0.0,0.0,0.0,0.8688783570300158,48.07692307692308,0.6736789959418252,False
rpoA,c.390T>C,Chromosome_3878118_A_G,rifampicin,6.911124894856631e-07,1.9375672766415502,4.7206959827852515,0.1934294327640628,0.0,0.0,0.0,0.8688783570300158,48.07692307692308,0.6736789959418252,False
rpoA,c.237T>C,Chromosome_3878271_A_G,rifampicin,6.911124894856631e-07,1.9375672766415502,4.7206959827852515,0.1934294327640628,0.0,0.0,0.0,0.8688783570300158,48.07692307692308,0.6736789959418252,False
rpoC,c.1672T>C,Chromosome_765041_T_C,rifampicin,6.911124894856631e-07,1.9375672766415502,4.7206959827852515,0.1934294327640628,0.0,0.0,0.0,0.8688783570300158,48.07692307692308,0.6736789959418252,False
rpoC,c.1599T>C,Chromosome_764968_T_C,rifampicin,6.911124894856631e-07,2.1528525296017222,2.150554180527707,0.5417532013136195,0.0,0.2777777777777778,0.8547008547008548,0.9478672985781991,50.0,0.7922971278529128,False
rpoC,c.3852C>G,Chromosome_767221_C_G,rifampicin,1.0090142579143398e-06,1.9375672766415502,5.152720759561889,0.1609497217705886,0.0,0.0,0.0,0.9478672985781991,46.15384615384615,0.6736789959418252,False
rpoA,c.-653A>G,Chromosome_3879160_T_C,rifampicin,1.0090142579143398e-06,1.9375672766415502,4.7206959827852515,0.1934294327640628,0.0,0.0,0.0,0.8688783570300158,48.07692307692308,0.6736789959418252,False
rpoA,c.-587T>C,Chromosome_3879094_A_G,rifampicin,1.0090142579143398e-06,1.9375672766415502,4.7206959827852515,0.1934294327640628,0.0,0.0,0.0,0.8688783570300158,48.07692307692308,0.6736789959418252,False
rpoA,c.171T>C,Chromosome_3878337_A_G,rifampicin,1.0090142579143398e-06,1.9375672766415502,4.7206959827852515,0.1934294327640628,0.0,0.0,0.0,0.8688783570300158,48.07692307692308,0.6736789959418252,False
rpoA,c.291A>G,Chromosome_3878217_T_C,rifampicin,1.0090142579143398e-06,1.9375672766415502,4.7206959827852515,0.1934294327640628,0.0,0.0,0.0,0.8688783570300158,48.07692307692308,0.6736789959418252,False
rpoA,c.438T>C,Chromosome_3878070_A_G,rifampicin,1.0090142579143398e-06,1.9375672766415502,4.7206959827852515,0.1934294327640628,0.0,0.0,0.0,0.8688783570300158,48.07692307692308,0.6736789959418252,False
rpoC,c.3864T>C,Chromosome_767233_T_C,rifampicin,1.0090142579143398e-06,1.991388589881593,5.152720759561889,0.1609497217705886,0.0,0.0,0.0,0.9478672985781991,48.07692307692308,0.6736789959418252,False
rpoC,c.1650A>G,Chromosome_765019_A_G,rifampicin,1.0090142579143398e-06,1.883745963401507,4.289152302641995,0.23188624493266743,0.0,0.0,0.0,0.7898894154818324,48.07692307692308,0.6736789959418252,False
rpoC,c.1395T>C,Chromosome_764764_T_C,rifampicin,1.2397185127741892e-06,2.099031216361679,6.01821682464455,0.11072729278196178,0.0,0.0,0.0,1.1058451816745656,48.07692307692308,0.6736789959418252,False
gyrB,p.Val301Leu,Chromosome_6140_G_T,fluoroquinolones,1.2397185127741892e-06,2.1528525296017222,17.002228856041647,0.0007059968269998002,0.0,0.0,0.0,3.080568720379147,1.9230769230769231,0.011388843551338882,True
rpoC,c.1446A>G,Chromosome_764815_A_G,rifampicin,1.2397185127741892e-06,2.099031216361679,6.01821682464455,0.11072729278196178,0.0,0.0,0.0,1.1058451816745656,48.07692307692308,0.6736789959418252,False
rpoC,c.1158C>T,Chromosome_764527_C_T,rifampicin,1.450930955330169e-06,1.883745963401507,4.289152302641995,0.23188624493266743,0.0,0.0,0.0,0.7898894154818324,48.07692307692308,0.6736789959418252,False
gyrB,c.1602T>C,Chromosome_6841_T_C,fluoroquinolones,1.450930955330169e-06,1.829924650161464,3.858088915965788,0.27720133176383643,0.0,0.0,0.0,0.7109004739336493,48.07692307692308,0.6743032395683798,False
rpoC,c.627T>C,Chromosome_763996_T_C,rifampicin,1.450930955330169e-06,1.883745963401507,4.289152302641995,0.23188624493266743,0.0,0.0,0.0,0.7898894154818324,48.07692307692308,0.6736789959418252,False
rpoA,c.-491C>G,Chromosome_3878998_G_C,rifampicin,1.450930955330169e-06,1.883745963401507,4.289152302641995,0.23188624493266743,0.0,0.0,0.0,0.7898894154818324,48.07692307692308,0.6736789959418252,False
rpoA,c.-461T>C,Chromosome_3878968_A_G,rifampicin,1.450930955330169e-06,1.829924650161464,3.858088915965788,0.27720133176383643,0.0,0.0,0.0,0.7109004739336493,48.07692307692308,0.6743032395683798,False
rpoA,c.477T>C,Chromosome_3878031_A_G,rifampicin,1.450930955330169e-06,1.9375672766415502,4.7206959827852515,0.1934294327640628,0.0,0.0,0.0,0.8688783570300158,48.07692307692308,0.6736789959418252,False
rpoA,c.210A>G,Chromosome_3878298_T_C,rifampicin,1.450930955330169e-06,1.829924650161464,4.289152302641995,0.23188624493266743,0.0,0.0,0.0,0.7898894154818324,46.15384615384615,0.6736789959418252,False
rpoA,c.-581A>C,Chromosome_3879088_T_G,rifampicin,1.450930955330169e-06,1.9375672766415502,4.7206959827852515,0.1934294327640628,0.0,0.0,0.0,0.8688783570300158,48.07692307692308,0.6736789959418252,False
rpoA,c.732T>C,Chromosome_3877776_A_G,rifampicin,1.450930955330169e-06,1.883745963401507,4.289152302641995,0.23188624493266743,0.0,0.0,0.0,0.7898894154818324,48.07692307692308,0.6736789959418252,False
rpoC,c.-789T>C,Chromosome_762581_T_C,rifampicin,1.530196126209964e-06,1.7222820236813776,3.4275050213770952,0.33028690584034354,0.0,0.0,0.0,0.631911532385466,46.15384615384615,0.6840063286490898,False
rpoC,c.1707A>G,Chromosome_765076_A_G,rifampicin,1.530196126209964e-06,1.991388589881593,5.5852274379300235,0.13362901264204158,0.0,0.0,0.0,1.0268562401263823,46.15384615384615,0.6736789959418252,False
rpoC,c.3729T>C,Chromosome_767098_T_C,rifampicin,1.6958822239037991e-06,2.045209903121636,5.5852274379300235,0.13362901264204158,0.0,0.0,0.0,1.0268562401263823,48.07692307692308,0.6736789959418252,False
rpoC,c.1065A>G,Chromosome_764434_A_G,rifampicin,1.6958822239037991e-06,2.045209903121636,5.5852274379300235,0.13362901264204158,0.0,0.0,0.0,1.0268562401263823,48.07692307692308,0.6736789959418252,False
rpoC,c.1383G>C,Chromosome_764752_G_C,rifampicin,2.1668871192887145e-06,1.991388589881593,5.152720759561889,0.1609497217705886,0.0,0.0,0.0,0.9478672985781991,48.07692307692308,0.6736789959418252,False
rpoC,c.1092A>G,Chromosome_764461_A_G,rifampicin,2.1668871192887145e-06,2.045209903121636,5.152720759561889,0.1609497217705886,0.0,0.0,0.0,0.9478672985781991,50.0,0.6736789959418252,False
rpoC,p.Ile1080Leu,Chromosome_766607_A_C,rifampicin,2.1668871192887145e-06,1.9375672766415502,4.7206959827852515,0.1934294327640628,0.0,0.0,0.0,0.8688783570300158,48.07692307692308,0.6736789959418252,False
rpoC,c.3435A>G,Chromosome_766804_A_G,rifampicin,2.1668871192887145e-06,1.991388589881593,5.152720759561889,0.1609497217705886,0.0,0.0,0.0,0.9478672985781991,48.07692307692308,0.6736789959418252,False
rpoC,c.1678T>C,Chromosome_765047_T_C,rifampicin,2.1668871192887145e-06,1.991388589881593,5.152720759561889,0.1609497217705886,0.0,0.0,0.0,0.9478672985781991,48.07692307692308,0.6736789959418252,False
rpoA,c.315T>C,Chromosome_3878193_A_G,rifampicin,2.1668871192887145e-06,1.991388589881593,5.152720759561889,0.1609497217705886,0.0,0.0,0.0,0.9478672985781991,48.07692307692308,0.6736789959418252,False
rpoA,c.519A>G,Chromosome_3877989_T_C,rifampicin,2.1668871192887145e-06,1.991388589881593,5.152720759561889,0.1609497217705886,0.0,0.0,0.0,0.9478672985781991,48.07692307692308,0.6736789959418252,False
rpoC,c.1704G>C,Chromosome_765073_G_C,rifampicin,2.1668871192887145e-06,1.6146393972012916,2.567772511848341,0.46316747389290747,0.0,0.0,0.0,0.47393364928909953,46.15384615384615,0.7531078554279901,False
rpoC,c.3894T>C,Chromosome_767263_T_C,rifampicin,2.1668871192887145e-06,1.6684607104413347,2.9973998192782196,0.3920262467513903,0.0,0.0,0.0,0.5529225908372828,46.15384615384615,0.7068002625253008,False
rpoC,c.3909T>C,Chromosome_767278_T_C,rifampicin,2.1668871192887145e-06,1.6146393972012916,2.138622303038596,0.5441388104829956,0.0,0.0,0.0,0.3949447077409162,48.07692307692308,0.7922971278529128,False
rpoC,c.-834T>C,Chromosome_762536_T_C,rifampicin,2.1668871192887145e-06,1.9375672766415502,4.7206959827852515,0.1934294327640628,0.0,0.0,0.0,0.8688783570300158,48.07692307692308,0.6736789959418252,False
gyrB,c.1977G>C,Chromosome_7216_G_C,fluoroquinolones,2.1668871192887145e-06,1.6684607104413347,2.9973998192782196,0.3920262467513903,0.0,0.0,0.0,0.5529225908372828,46.15384615384615,0.7068002625253008,False
rpoA,c.726T>C,Chromosome_3877782_A_G,rifampicin,2.1668871192887145e-06,2.045209903121636,5.5852274379300235,0.13362901264204158,0.0,0.0,0.0,1.0268562401263823,48.07692307692308,0.6736789959418252,False
kasA,c.633C>G,Chromosome_2518747_C_G,isoniazid,2.1668871192887145e-06,1.5608180839612487,2.567772511848341,0.46316747389290747,0.0,0.0,0.0,0.47393364928909953,44.230769230769226,0.7531078554279901,False
rpoA,c.-647T>C,Chromosome_3879154_A_G,rifampicin,2.1668871192887145e-06,1.829924650161464,3.858088915965788,0.27720133176383643,0.0,0.0,0.0,0.7109004739336493,48.07692307692308,0.6743032395683798,False
rpoC,c.-837T>C,Chromosome_762533_T_C,rifampicin,2.1668871192887145e-06,1.9375672766415502,4.7206959827852515,0.1934294327640628,0.0,0.0,0.0,0.8688783570300158,48.07692307692308,0.6736789959418252,False
rpoC,c.-833T>C,Chromosome_762537_T_C,rifampicin,2.1668871192887145e-06,1.883745963401507,4.289152302641995,0.23188624493266743,0.0,0.0,0.0,0.7898894154818324,48.07692307692308,0.6736789959418252,False
rpoA,c.690A>G,Chromosome_3877818_T_C,rifampicin,2.1668871192887145e-06,1.776103336921421,4.7206959827852515,0.1934294327640628,0.0,0.0,0.0,0.8688783570300158,42.30769230769231,0.6736789959418252,False
rpoA,c.177A>G,Chromosome_3878331_T_C,rifampicin,2.1668871192887145e-06,1.9375672766415502,4.7206959827852515,0.1934294327640628,0.0,0.0,0.0,0.8688783570300158,48.07692307692308,0.6736789959418252,False
rpoA,c.840A>G,Chromosome_3877668_T_C,rifampicin,2.1668871192887145e-06,1.829924650161464,3.858088915965788,0.27720133176383643,0.0,0.0,0.0,0.7109004739336493,48.07692307692308,0.6743032395683798,False
rpoA,c.744C>G,Chromosome_3877764_G_C,rifampicin,2.1668871192887145e-06,1.6684607104413347,3.4275050213770952,0.33028690584034354,0.0,0.0,0.0,0.631911532385466,44.230769230769226,0.6840063286490898,False
gyrB,c.876A>G,Chromosome_6115_A_G,fluoroquinolones,2.1668871192887145e-06,1.829924650161464,3.858088915965788,0.27720133176383643,0.0,0.0,0.0,0.7109004739336493,48.07692307692308,0.6743032395683798,False
rpoA,c.447G>C,Chromosome_3878061_C_G,rifampicin,2.8669767607732104e-06,1.829924650161464,4.7206959827852515,0.1934294327640628,0.0,0.0,0.0,0.8688783570300158,44.230769230769226,0.6736789959418252,False
rpoC,c.576T>C,Chromosome_763945_T_C,rifampicin,2.8669767607732104e-06,1.7222820236813776,2.9973998192782196,0.3920262467513903,0.0,0.0,0.0,0.5529225908372828,48.07692307692308,0.7068002625253008,False
rpoA,c.-440G>C,Chromosome_3878947_C_G,rifampicin,2.8669767607732104e-06,1.776103336921421,3.4275050213770952,0.33028690584034354,0.0,0.0,0.0,0.631911532385466,48.07692307692308,0.6840063286490898,False
ahpC,c.504C>G,Chromosome_2726696_C_G,isoniazid,2.8669767607732104e-06,1.829924650161464,3.858088915965788,0.27720133176383643,0.0,0.0,0.0,0.7109004739336493,48.07692307692308,0.6743032395683798,False
rpoC,c.1440C>T,Chromosome_764809_C_T,rifampicin,2.8669767607732104e-06,1.7222820236813776,2.9973998192782196,0.3920262467513903,0.0,0.0,0.0,0.5529225908372828,48.07692307692308,0.7068002625253008,False
rpoC,p.Val1252Leu,Chromosome_767123_G_T,rifampicin,2.8669767607732104e-06,1.1840688912809472,616.1726457399104,3.1427107749559206e-133,34.92063492063492,0.0,0.0,0.0,0.0,1.0139377394989365e-131,True
rpoC,c.1077T>C,Chromosome_764446_T_C,rifampicin,2.8669767607732104e-06,1.7222820236813776,2.9973998192782196,0.3920262467513903,0.0,0.0,0.0,0.5529225908372828,48.07692307692308,0.7068002625253008,False
rpoC,c.1080G>C,Chromosome_764449_G_C,rifampicin,2.8669767607732104e-06,1.776103336921421,3.4275050213770952,0.33028690584034354,0.0,0.0,0.0,0.631911532385466,48.07692307692308,0.6840063286490898,False
mmpL5,p.Leu834Met,Chromosome_775981_A_T,bedaquiline/clofazimine,2.8669767607732104e-06,1.776103336921421,3.4275050213770952,0.33028690584034354,0.0,0.0,0.0,0.631911532385466,48.07692307692308,0.6840063286490898,False
ahpC,c.483A>G,Chromosome_2726675_A_G,isoniazid,2.8669767607732104e-06,1.7222820236813776,3.4275050213770952,0.33028690584034354,0.0,0.0,0.0,0.631911532385466,46.15384615384615,0.6840063286490898,False
rpoA,c.486T>C,Chromosome_3878022_A_G,rifampicin,2.8669767607732104e-06,1.829924650161464,4.289152302641995,0.23188624493266743,0.0,0.0,0.0,0.7898894154818324,46.15384615384615,0.6736789959418252,False
rpoA,c.822A>G,Chromosome_3877686_T_C,rifampicin,2.8669767607732104e-06,1.776103336921421,4.7206959827852515,0.1934294327640628,0.0,0.0,0.0,0.8688783570300158,42.30769230769231,0.6736789959418252,False
kasA,c.558G>C,Chromosome_2518672_G_C,isoniazid,2.968993082781743e-06,1.5608180839612487,1.7099483985671524,0.6347243085388814,0.0,0.0,0.0,0.315955766192733,48.07692307692308,0.8089106052688863,False
ndh,p.Val18Ala,Chromosome_2102990_A_G,isoniazid,2.968993082781743e-06,8.772874058127018,75.90860345245096,2.3139504112475026e-16,0.0,0.0,0.0,12.796208530805686,1.9230769230769231,4.728172006982397e-15,True
rpoC,c.1062G>C,Chromosome_764431_G_C,rifampicin,2.968993082781743e-06,1.9375672766415502,4.7206959827852515,0.1934294327640628,0.0,0.0,0.0,0.8688783570300158,48.07692307692308,0.6736789959418252,False
rpoC,c.3015A>G,Chromosome_766384_A_G,rifampicin,2.968993082781743e-06,1.991388589881593,4.80509764864803,0.18663795877810324,1.5873015873015872,0.0,0.0,0.8688783570300158,48.07692307692308,0.6736789959418252,False
whiB7,c.-586C>G,Chromosome_3569265_G_C,multiple,2.968993082781743e-06,1.3993541442411195,0.4267765947670372,0.9346571892880828,0.0,0.0,0.0,0.07898894154818326,48.07692307692308,0.9346571892880828,False
gyrB,c.1623C>G,Chromosome_6862_C_G,fluoroquinolones,2.968993082781743e-06,1.6684607104413347,2.9973998192782196,0.3920262467513903,0.0,0.0,0.0,0.5529225908372828,46.15384615384615,0.7068002625253008,False
rpoA,c.-346G>A,Chromosome_3878853_C_T,rifampicin,2.968993082781743e-06,1.991388589881593,5.152720759561889,0.1609497217705886,0.0,0.0,0.0,0.9478672985781991,48.07692307692308,0.6736789959418252,False
rpoA,c.186A>G,Chromosome_3878322_T_C,rifampicin,2.968993082781743e-06,1.991388589881593,5.152720759561889,0.1609497217705886,0.0,0.0,0.0,0.9478672985781991,48.07692307692308,0.6736789959418252,False
rpoC,c.675T>C,Chromosome_764044_T_C,rifampicin,2.968993082781743e-06,1.991388589881593,5.152720759561889,0.1609497217705886,0.0,0.0,0.0,0.9478672985781991,48.07692307692308,0.6736789959418252,False
rpoA,c.921A>G,Chromosome_3877587_T_C,rifampicin,2.968993082781743e-06,1.991388589881593,5.152720759561889,0.1609497217705886,0.0,0.0,0.0,0.9478672985781991,48.07692307692308,0.6736789959418252,False
rpoA,c.603A>G,Chromosome_3877905_T_C,rifampicin,2.968993082781743e-06,1.991388589881593,5.152720759561889,0.1609497217705886,0.0,0.0,0.0,0.9478672985781991,48.07692307692308,0.6736789959418252,False
gyrB,c.1572C>T,Chromosome_6811_C_T,fluoroquinolones,2.968993082781743e-06,1.3993541442411195,2.567772511848341,0.46316747389290747,0.0,0.0,0.0,0.47393364928909953,38.46153846153847,0.7531078554279901,False
ndh,c.1131G>C,Chromosome_2101912_C_G,isoniazid,4.049208768699166e-06,1.3455328310010763,0.4267765947670372,0.9346571892880828,0.0,0.0,0.0,0.07898894154818326,46.15384615384615,0.9346571892880828,False
rpoC,c.909A>G,Chromosome_764278_A_G,rifampicin,4.049208768699166e-06,1.883745963401507,4.289152302641995,0.23188624493266743,0.0,0.0,0.0,0.7898894154818324,48.07692307692308,0.6736789959418252,False
kasA,c.711T>C,Chromosome_2518825_T_C,isoniazid,4.049208768699166e-06,1.991388589881593,5.152720759561889,0.1609497217705886,0.0,0.0,0.0,0.9478672985781991,48.07692307692308,0.6736789959418252,False
rpoC,c.1686C>G,Chromosome_765055_C_G,rifampicin,4.049208768699166e-06,1.3993541442411195,4.289152302641995,0.23188624493266743,0.0,0.0,0.0,0.7898894154818324,30.76923076923077,0.6736789959418252,False
rpoC,c.522G>C,Chromosome_763891_G_C,rifampicin,4.049208768699166e-06,1.9375672766415502,4.7206959827852515,0.1934294327640628,0.0,0.0,0.0,0.8688783570300158,48.07692307692308,0.6736789959418252,False
rpoC,c.582G>C,Chromosome_763951_G_C,rifampicin,4.049208768699166e-06,1.6146393972012916,3.858088915965788,0.27720133176383643,0.0,0.0,0.0,0.7109004739336493,40.38461538461539,0.6743032395683798,False
ndh,c.636T>C,Chromosome_2102407_A_G,isoniazid,4.049208768699166e-06,1.4531754574811624,2.138622303038596,0.5441388104829956,0.0,0.0,0.0,0.3949447077409162,42.30769230769231,0.7922971278529128,False
rpoC,c.348T>C,Chromosome_763717_T_C,rifampicin,4.049208768699166e-06,1.9375672766415502,5.043106633139489,0.16866774136464388,1.5873015873015872,0.0,0.0,0.9478672985781991,44.230769230769226,0.6736789959418252,False
ndh,c.1269T>C,Chromosome_2101774_A_G,isoniazid,4.049208768699166e-06,1.4531754574811624,0.8540263343176302,0.8365056872884371,0.0,0.0,0.0,0.1579778830963665,48.07692307692308,0.8720714052853945,False
ndh,c.1152C>G,Chromosome_2101891_G_C,isoniazid,4.049208768699166e-06,1.3993541442411195,0.8540263343176302,0.8365056872884371,0.0,0.0,0.0,0.1579778830963665,46.15384615384615,0.8720714052853945,False
gyrB,c.1536G>C,Chromosome_6775_G_C,fluoroquinolones,4.049208768699166e-06,1.776103336921421,4.289152302641995,0.23188624493266743,0.0,0.0,0.0,0.7898894154818324,44.230769230769226,0.6736789959418252,False
rpoA,c.507A>G,Chromosome_3878001_T_C,rifampicin,4.049208768699166e-06,1.9375672766415502,4.7206959827852515,0.1934294327640628,0.0,0.0,0.0,0.8688783570300158,48.07692307692308,0.6736789959418252,False
rpoC,c.1489T>C,Chromosome_764858_T_C,rifampicin,4.049208768699166e-06,1.9375672766415502,6.01821682464455,0.11072729278196178,0.0,0.0,0.0,1.1058451816745656,42.30769230769231,0.6736789959418252,False
rpoA,c.216T>C,Chromosome_3878292_A_G,rifampicin,4.049208768699166e-06,1.883745963401507,2.8210814836536042,0.42004127722923335,0.0,0.2777777777777778,0.0,0.8688783570300158,44.230769230769226,0.7528810027529826,False
rpoC,p.Glu169Asp,Chromosome_763876_A_C,rifampicin,4.049208768699166e-06,1.9375672766415502,4.7206959827852515,0.1934294327640628,0.0,0.0,0.0,0.8688783570300158,48.07692307692308,0.6736789959418252,False
rpoC,c.3012C>T,Chromosome_766381_C_T,rifampicin,4.049208768699166e-06,1.9375672766415502,4.602642459126374,0.20331551531926817,1.5873015873015872,0.0,0.0,0.7898894154818324,48.07692307692308,0.6736789959418252,False
rpoA,c.-407T>C,Chromosome_3878914_A_G,rifampicin,4.049208768699166e-06,1.883745963401507,4.289152302641995,0.23188624493266743,0.0,0.0,0.0,0.7898894154818324,48.07692307692308,0.6736789959418252,False
rpoC,c.2130C>G,Chromosome_765499_C_G,rifampicin,4.049208768699166e-06,1.9375672766415502,4.7206959827852515,0.1934294327640628,0.0,0.0,0.0,0.8688783570300158,48.07692307692308,0.6736789959418252,False
rpoC,c.438T>C,Chromosome_763807_T_C,rifampicin,4.049208768699166e-06,1.991388589881593,5.152720759561889,0.1609497217705886,0.0,0.0,0.0,0.9478672985781991,48.07692307692308,0.6736789959418252,False
rpoC,c.3822C>G,Chromosome_767191_C_G,rifampicin,4.049208768699166e-06,1.9375672766415502,5.152720759561889,0.1609497217705886,0.0,0.0,0.0,0.9478672985781991,46.15384615384615,0.6736789959418252,False
rpoC,c.2187G>C,Chromosome_765556_G_C,rifampicin,4.049208768699166e-06,1.9375672766415502,5.152720759561889,0.1609497217705886,0.0,0.0,0.0,0.9478672985781991,46.15384615384615,0.6736789959418252,False
gyrB,c.888G>C,Chromosome_6127_G_C,fluoroquinolones,4.049208768699166e-06,1.883745963401507,4.289152302641995,0.23188624493266743,0.0,0.0,0.0,0.7898894154818324,48.07692307692308,0.6736789959418252,False
rpoA,c.480G>C,Chromosome_3878028_C_G,rifampicin,4.049208768699166e-06,1.9375672766415502,4.7206959827852515,0.1934294327640628,0.0,0.0,0.0,0.8688783570300158,48.07692307692308,0.6736789959418252,False
rpoC,c.636G>C,Chromosome_764005_G_C,rifampicin,4.049208768699166e-06,1.776103336921421,3.858088915965788,0.27720133176383643,0.0,0.0,0.0,0.7109004739336493,46.15384615384615,0.6743032395683798,False
rpoC,c.489A>G,Chromosome_763858_A_G,rifampicin,4.049208768699166e-06,1.829924650161464,3.858088915965788,0.27720133176383643,0.0,0.0,0.0,0.7109004739336493,48.07692307692308,0.6743032395683798,False
gyrB,p.Met291Ile,Chromosome_6112_G_C,fluoroquinolones,4.049208768699166e-06,3.4445640473627552,1806.0000000000002,0.0,100.0,0.0,0.0,0.0,1.9230769230769231,0.0,True
embR,c.-446C>T,Chromosome_1417793_G_A,ethambutol,4.049208768699166e-06,3.3907427341227128,1806.0000000000002,0.0,100.0,0.0,0.0,0.0,0.0,0.0,True
ahpC,c.-142G>A,Chromosome_2726051_G_A,isoniazid,4.049208768699166e-06,3.3907427341227128,1806.0000000000002,0.0,100.0,0.0,0.0,0.0,0.0,0.0,True
gid,c.330G>T,Chromosome_4407873_C_A,streptomycin,4.049208768699166e-06,3.4445640473627552,1776.8257758682553,0.0,100.0,0.2777777777777778,0.0,0.0,0.0,0.0,True
rpoA,c.852T>G,Chromosome_3877656_A_C,rifampicin,4.049208768699166e-06,1.9375672766415502,4.7206959827852515,0.1934294327640628,0.0,0.0,0.0,0.8688783570300158,48.07692307692308,0.6736789959418252,False
embR,p.Cys110Tyr,Chromosome_1417019_C_T,ethambutol,4.049208768699166e-06,3.3907427341227128,1806.0000000000002,0.0,100.0,0.0,0.0,0.0,0.0,0.0,True
rpoA,c.453A>G,Chromosome_3878055_T_C,rifampicin,4.049208768699166e-06,1.776103336921421,4.7206959827852515,0.1934294327640628,0.0,0.0,0.0,0.8688783570300158,42.30769230769231,0.6736789959418252,False
rpoC,c.2442T>C,Chromosome_765811_T_C,rifampicin,4.049208768699166e-06,1.776103336921421,3.4275050213770952,0.33028690584034354,0.0,0.0,0.0,0.631911532385466,48.07692307692308,0.6840063286490898,False
rpoA,c.816G>C,Chromosome_3877692_C_G,rifampicin,4.049208768699166e-06,1.7222820236813776,2.9973998192782196,0.3920262467513903,0.0,0.0,0.0,0.5529225908372828,48.07692307692308,0.7068002625253008,False
rpoC,c.2979A>G,Chromosome_766348_A_G,rifampicin,4.049208768699166e-06,1.7222820236813776,4.289152302641995,0.23188624493266743,0.0,0.0,0.0,0.7898894154818324,42.30769230769231,0.6736789959418252,False
rpoC,c.1638T>G,Chromosome_765007_T_G,rifampicin,4.049208768699166e-06,1.7222820236813776,4.7206959827852515,0.1934294327640628,0.0,0.0,0.0,0.8688783570300158,40.38461538461539,0.6736789959418252,False
gyrB,c.1617T>C,Chromosome_6856_T_C,fluoroquinolones,6.085271013960004e-06,1.6684607104413347,2.567772511848341,0.46316747389290747,0.0,0.0,0.0,0.47393364928909953,48.07692307692308,0.7531078554279901,False
rpoA,c.162T>C,Chromosome_3878346_A_G,rifampicin,6.085271013960004e-06,1.6684607104413347,4.289152302641995,0.23188624493266743,0.0,0.0,0.0,0.7898894154818324,40.38461538461539,0.6736789959418252,False
rpoA,c.660C>T,Chromosome_3877848_G_A,rifampicin,6.085271013960004e-06,1.6684607104413347,4.289152302641995,0.23188624493266743,0.0,0.0,0.0,0.7898894154818324,40.38461538461539,0.6736789959418252,False
rpoC,c.3861G>C,Chromosome_767230_G_C,rifampicin,6.085271013960004e-06,1.7222820236813776,4.7206959827852515,0.1934294327640628,0.0,0.0,0.0,0.8688783570300158,40.38461538461539,0.6736789959418252,False
rpoC,c.618C>T,Chromosome_763987_C_T,rifampicin,6.085271013960004e-06,1.6146393972012916,3.4275050213770952,0.33028690584034354,0.0,0.0,0.0,0.631911532385466,42.30769230769231,0.6840063286490898,False
rpoA,c.-620T>C,Chromosome_3879127_A_G,rifampicin,6.085271013960004e-06,1.776103336921421,4.7206959827852515,0.1934294327640628,0.0,0.0,0.0,0.8688783570300158,42.30769230769231,0.6736789959418252,False
rpoC,c.1083T>C,Chromosome_764452_T_C,rifampicin,6.085271013960004e-06,1.6684607104413347,2.567772511848341,0.46316747389290747,0.0,0.0,0.0,0.47393364928909953,48.07692307692308,0.7531078554279901,False
rpoC,c.517C>A,Chromosome_763886_C_A,rifampicin,6.085271013960004e-06,3.3907427341227128,1806.0000000000002,0.0,100.0,0.0,0.0,0.0,0.0,0.0,True
rpoC,p.Ala172Val,Chromosome_763884_C_T,rifampicin,6.085271013960004e-06,3.3907427341227128,1806.0000000000002,0.0,100.0,0.0,0.0,0.0,0.0,0.0,True
rpoA,c.405A>G,Chromosome_3878103_T_C,rifampicin,6.414547053439934e-06,1.829924650161464,5.152720759561889,0.1609497217705886,0.0,0.0,0.0,0.9478672985781991,42.30769230769231,0.6736789959418252,False
rpoC,c.2466C>T,Chromosome_765835_C_T,rifampicin,6.414547053439934e-06,1.829924650161464,4.289152302641995,0.23188624493266743,0.0,0.0,0.0,0.7898894154818324,46.15384615384615,0.6736789959418252,False
rpoA,c.765T>C,Chromosome_3877743_A_G,rifampicin,6.414547053439934e-06,1.829924650161464,4.7206959827852515,0.1934294327640628,0.0,0.0,0.0,0.8688783570300158,44.230769230769226,0.6736789959418252,False
rpoC,c.1579T>C,Chromosome_764948_T_C,rifampicin,6.414547053439934e-06,2.2066738428417656,2.3849914973499535,0.4964345655022385,0.0,1.3888888888888888,0.0,1.0268562401263823,44.230769230769226,0.7922971278529128,False
rpoC,c.1671T>C,Chromosome_765040_T_C,rifampicin,6.414547053439934e-06,1.991388589881593,5.152720759561889,0.1609497217705886,0.0,0.0,0.0,0.9478672985781991,48.07692307692308,0.6736789959418252,False
rpoC,c.291T>G,Chromosome_763660_T_G,rifampicin,6.414547053439934e-06,2.3681377825618943,6.5618902801780745,0.08725340064719264,1.5873015873015872,0.0,0.0,1.3428120063191153,50.0,0.6736789959418252,False
rpoC,c.3750A>G,Chromosome_767119_A_G,rifampicin,6.414547053439934e-06,2.045209903121636,5.043106633139489,0.16866774136464388,1.5873015873015872,0.0,0.0,0.9478672985781991,48.07692307692308,0.6736789959418252,False
rpoC,c.3594T>C,Chromosome_766963_T_C,rifampicin,6.414547053439934e-06,1.991388589881593,5.152720759561889,0.1609497217705886,0.0,0.0,0.0,0.9478672985781991,48.07692307692308,0.6736789959418252,False
rpoC,c.2517C>G,Chromosome_765886_C_G,rifampicin,6.414547053439934e-06,1.883745963401507,4.289152302641995,0.23188624493266743,0.0,0.0,0.0,0.7898894154818324,48.07692307692308,0.6736789959418252,False
rpoC,c.3357T>C,Chromosome_766726_T_C,rifampicin,6.414547053439934e-06,1.829924650161464,3.858088915965788,0.27720133176383643,0.0,0.0,0.0,0.7109004739336493,48.07692307692308,0.6743032395683798,False
kasA,c.333T>G,Chromosome_2518447_T_G,isoniazid,6.417332449824722e-06,1.4531754574811624,1.2817500059143132,0.7334712127623098,0.0,0.0,0.0,0.23696682464454977,46.15384615384615,0.8280255127500844,False
kasA,c.1233T>C,Chromosome_2519347_T_C,isoniazid,6.417332449824722e-06,1.5608180839612487,1.7099483985671524,0.6347243085388814,0.0,0.0,0.0,0.315955766192733,48.07692307692308,0.8089106052688863,False
whiB7,c.-529T>C,Chromosome_3569208_A_G,multiple,6.417332449824722e-06,1.3993541442411195,0.4267765947670372,0.9346571892880828,0.0,0.0,0.0,0.07898894154818326,48.07692307692308,0.9346571892880828,False
rpoA,c.-218A>G,Chromosome_3878725_T_C,rifampicin,6.417332449824722e-06,1.829924650161464,3.858088915965788,0.27720133176383643,0.0,0.0,0.0,0.7109004739336493,48.07692307692308,0.6743032395683798,False
rpoC,c.1242G>T,Chromosome_764611_G_T,rifampicin,6.417332449824722e-06,1.829924650161464,4.80509764864803,0.18663795877810324,1.5873015873015872,0.0,0.0,0.8688783570300158,42.30769230769231,0.6736789959418252,False
kasA,c.1224T>C,Chromosome_2519338_T_C,isoniazid,6.417332449824722e-06,1.3993541442411195,2.567772511848341,0.46316747389290747,0.0,0.0,0.0,0.47393364928909953,38.46153846153847,0.7531078554279901,False
gyrB,c.1680T>C,Chromosome_6919_T_C,fluoroquinolones,6.417332449824722e-06,1.3455328310010763,1.2817500059143132,0.7334712127623098,0.0,0.0,0.0,0.23696682464454977,42.30769230769231,0.8280255127500844,False
gyrB,c.585A>G,Chromosome_5824_A_G,fluoroquinolones,6.417332449824722e-06,1.5069967707212055,1.7099483985671524,0.6347243085388814,0.0,0.0,0.0,0.315955766192733,46.15384615384615,0.8089106052688863,False
rpoA,c.-572A>G,Chromosome_3879079_T_C,rifampicin,9.502387153409398e-06,1.776103336921421,4.7206959827852515,0.1934294327640628,0.0,0.0,0.0,0.8688783570300158,42.30769230769231,0.6736789959418252,False
ndh,c.114T>C,Chromosome_2102929_A_G,isoniazid,9.502387153409398e-06,1.6684607104413347,2.9973998192782196,0.3920262467513903,0.0,0.0,0.0,0.5529225908372828,46.15384615384615,0.7068002625253008,False
rpoC,c.2976T>C,Chromosome_766345_T_C,rifampicin,9.502387153409398e-06,1.5608180839612487,3.4275050213770952,0.33028690584034354,0.0,0.0,0.0,0.631911532385466,40.38461538461539,0.6840063286490898,False
kasA,c.669T>C,Chromosome_2518783_T_C,isoniazid,9.502387153409398e-06,1.776103336921421,3.4275050213770952,0.33028690584034354,0.0,0.0,0.0,0.631911532385466,48.07692307692308,0.6840063286490898,False
rpoC,c.1206T>G,Chromosome_764575_T_G,rifampicin,9.502387153409398e-06,2.099031216361679,5.5852274379300235,0.13362901264204158,0.0,0.0,0.0,1.0268562401263823,50.0,0.6736789959418252,False
rpoA,c.174T>C,Chromosome_3878334_A_G,rifampicin,9.502387153409398e-06,1.5608180839612487,2.138622303038596,0.5441388104829956,0.0,0.0,0.0,0.3949447077409162,46.15384615384615,0.7922971278529128,False
kasA,c.366T>C,Chromosome_2518480_T_C,isoniazid,9.502387153409398e-06,1.5608180839612487,1.7099483985671524,0.6347243085388814,0.0,0.0,0.0,0.315955766192733,48.07692307692308,0.8089106052688863,False
rpoA,c.-302T>C,Chromosome_3878809_A_G,rifampicin,9.502387153409398e-06,1.5608180839612487,1.7099483985671524,0.6347243085388814,0.0,0.0,0.0,0.315955766192733,48.07692307692308,0.8089106052688863,False
kasA,p.Ala131Glu,Chromosome_2518506_C_A,isoniazid,9.502387153409398e-06,1.5608180839612487,1.7099483985671524,0.6347243085388814,0.0,0.0,0.0,0.315955766192733,48.07692307692308,0.8089106052688863,False
rpoC,c.1639T>C,Chromosome_765008_T_C,rifampicin,9.502387153409398e-06,1.6684607104413347,4.7206959827852515,0.1934294327640628,0.0,0.0,0.0,0.8688783570300158,38.46153846153847,0.6736789959418252,False
rpoC,c.2427C>T,Chromosome_765796_C_T,rifampicin,9.502387153409398e-06,1.776103336921421,3.4275050213770952,0.33028690584034354,0.0,0.0,0.0,0.631911532385466,48.07692307692308,0.6840063286490898,False
rpoA,c.-281G>C,Chromosome_3878788_C_G,rifampicin,9.502387153409398e-06,1.6146393972012916,2.138622303038596,0.5441388104829956,0.0,0.0,0.0,0.3949447077409162,48.07692307692308,0.7922971278529128,False
rpoC,c.3405T>C,Chromosome_766774_T_C,rifampicin,9.502387153409398e-06,1.829924650161464,3.858088915965788,0.27720133176383643,0.0,0.0,0.0,0.7109004739336493,48.07692307692308,0.6743032395683798,False
rpoA,c.195G>C,Chromosome_3878313_C_G,rifampicin,9.502387153409398e-06,1.776103336921421,4.7206959827852515,0.1934294327640628,0.0,0.0,0.0,0.8688783570300158,42.30769230769231,0.6736789959418252,False
rpoC,c.2331T>C,Chromosome_765700_T_C,rifampicin,9.502387153409398e-06,1.883745963401507,4.289152302641995,0.23188624493266743,0.0,0.0,0.0,0.7898894154818324,48.07692307692308,0.6736789959418252,False
rpoC,c.714A>G,Chromosome_764083_A_G,rifampicin,9.502387153409398e-06,1.883745963401507,4.289152302641995,0.23188624493266743,0.0,0.0,0.0,0.7898894154818324,48.07692307692308,0.6736789959418252,False
rpoA,c.345C>T,Chromosome_3878163_G_A,rifampicin,9.502387153409398e-06,1.776103336921421,3.858088915965788,0.27720133176383643,0.0,0.0,0.0,0.7109004739336493,46.15384615384615,0.6743032395683798,False
rpoC,c.2184C>T,Chromosome_765553_C_T,rifampicin,9.502387153409398e-06,1.883745963401507,5.152720759561889,0.1609497217705886,0.0,0.0,0.0,0.9478672985781991,44.230769230769226,0.6736789959418252,False
rpoC,c.-936T>C,Chromosome_762434_T_G,rifampicin,9.502387153409398e-06,8.127018299246501,1682.6058166911478,0.0,0.0,0.0,100.0,0.631911532385466,50.0,0.0,True
rpoC,c.3531T>C,Chromosome_766900_T_C,rifampicin,9.502387153409398e-06,1.883745963401507,4.289152302641995,0.23188624493266743,0.0,0.0,0.0,0.7898894154818324,48.07692307692308,0.6736789959418252,False
rpoA,c.738A>G,Chromosome_3877770_T_C,rifampicin,9.502387153409398e-06,1.829924650161464,3.858088915965788,0.27720133176383643,0.0,0.0,0.0,0.7109004739336493,48.07692307692308,0.6743032395683798,False
rpoC,c.3303T>C,Chromosome_766672_T_C,rifampicin,9.502387153409398e-06,1.829924650161464,3.858088915965788,0.27720133176383643,0.0,0.0,0.0,0.7109004739336493,48.07692307692308,0.6743032395683798,False
rpoC,c.1950A>G,Chromosome_765319_A_G,rifampicin,9.502387153409398e-06,1.9375672766415502,4.7206959827852515,0.1934294327640628,0.0,0.0,0.0,0.8688783570300158,48.07692307692308,0.6736789959418252,False
rpoC,c.375G>C,Chromosome_763744_G_C,rifampicin,9.502387153409398e-06,1.829924650161464,4.7206959827852515,0.1934294327640628,0.0,0.0,0.0,0.8688783570300158,44.230769230769226,0.6736789959418252,False
gyrB,c.1554T>C,Chromosome_6793_T_C,fluoroquinolones,9.502387153409398e-06,1.829924650161464,4.289152302641995,0.23188624493266743,0.0,0.0,0.0,0.7898894154818324,46.15384615384615,0.6736789959418252,False
rpoC,c.-969G>C,Chromosome_762401_G_C,rifampicin,9.502387153409398e-06,1.776103336921421,3.4275050213770952,0.33028690584034354,0.0,0.0,0.0,0.631911532385466,48.07692307692308,0.6840063286490898,False
gyrB,c.1047T>C,Chromosome_6286_T_C,fluoroquinolones,9.502387153409398e-06,1.776103336921421,3.4275050213770952,0.33028690584034354,0.0,0.0,0.0,0.631911532385466,48.07692307692308,0.6840063286490898,False
rpoA,c.-165A>T,Chromosome_3878672_T_A,rifampicin,9.502387153409398e-06,1.829924650161464,3.858088915965788,0.27720133176383643,0.0,0.0,0.0,0.7109004739336493,48.07692307692308,0.6743032395683798,False
rpoA,c.-158A>G,Chromosome_3878665_T_C,rifampicin,9.502387153409398e-06,1.829924650161464,3.858088915965788,0.27720133176383643,0.0,0.0,0.0,0.7109004739336493,48.07692307692308,0.6743032395683798,False
rpoC,c.3492G>C,Chromosome_766861_G_C,rifampicin,9.502387153409398e-06,1.776103336921421,4.7206959827852515,0.1934294327640628,0.0,0.0,0.0,0.8688783570300158,42.30769230769231,0.6736789959418252,False
kasA,c.330T>C,Chromosome_2518444_T_C,isoniazid,9.677827572512017e-06,1.3993541442411195,1.2817500059143132,0.7334712127623098,0.0,0.0,0.0,0.23696682464454977,44.230769230769226,0.8280255127500844,False
ndh,c.741G>C,Chromosome_2102302_C_G,isoniazid,9.677827572512017e-06,1.2917115177610334,1.2817500059143132,0.7334712127623098,0.0,0.0,0.0,0.23696682464454977,40.38461538461539,0.8280255127500844,False
rpoC,c.3159T>C,Chromosome_766528_T_C,rifampicin,9.677827572512017e-06,1.776103336921421,3.858088915965788,0.27720133176383643,0.0,0.0,0.0,0.7109004739336493,46.15384615384615,0.6743032395683798,False
rpoC,c.633C>G,Chromosome_764002_C_G,rifampicin,9.677827572512017e-06,1.5608180839612487,3.858088915965788,0.27720133176383643,0.0,0.0,0.0,0.7109004739336493,38.46153846153847,0.6743032395683798,False
rpoC,c.2481G>C,Chromosome_765850_G_C,rifampicin,9.677827572512017e-06,1.2378902045209903,0.4267765947670372,0.9346571892880828,0.0,0.0,0.0,0.07898894154818326,42.30769230769231,0.9346571892880828,False
ndh,c.270C>G,Chromosome_2102773_G_C,isoniazid,9.677827572512017e-06,1.2378902045209903,0.8540263343176302,0.8365056872884371,0.0,0.0,0.0,0.1579778830963665,40.38461538461539,0.8720714052853945,False
rpoC,c.2523T>C,Chromosome_765892_T_C,rifampicin,9.677827572512017e-06,1.2378902045209903,0.8540263343176302,0.8365056872884371,0.0,0.0,0.0,0.1579778830963665,40.38461538461539,0.8720714052853945,False
mmpL5,c.1311T>C,Chromosome_777170_A_G,bedaquiline/clofazimine,9.677827572512017e-06,1.2917115177610334,1.7099483985671524,0.6347243085388814,0.0,0.0,0.0,0.315955766192733,38.46153846153847,0.8089106052688863,False
whiB7,c.-472A>G,Chromosome_3569151_T_C,multiple,9.677827572512017e-06,1.2378902045209903,,,0.0,0.0,0.0,0.0,44.230769230769226,,False
gyrB,c.852G>C,Chromosome_6091_G_C,fluoroquinolones,9.677827572512017e-06,1.3455328310010763,1.7099483985671524,0.6347243085388814,0.0,0.0,0.0,0.315955766192733,40.38461538461539,0.8089106052688863,False
ndh,c.1119T>G,Chromosome_2101924_A_C,isoniazid,1.4103247390293372e-05,1.5608180839612487,1.7099483985671524,0.6347243085388814,0.0,0.0,0.0,0.315955766192733,48.07692307692308,0.8089106052688863,False
rpoC,c.531G>C,Chromosome_763900_G_C,rifampicin,1.4103247390293372e-05,1.776103336921421,4.7206959827852515,0.1934294327640628,0.0,0.0,0.0,0.8688783570300158,42.30769230769231,0.6736789959418252,False
rpoC,c.525A>G,Chromosome_763894_A_G,rifampicin,1.4103247390293372e-05,1.776103336921421,4.7206959827852515,0.1934294327640628,0.0,0.0,0.0,0.8688783570300158,42.30769230769231,0.6736789959418252,False
rpoC,c.-972T>C,Chromosome_762398_T_C,rifampicin,1.4103247390293372e-05,1.829924650161464,3.858088915965788,0.27720133176383643,0.0,0.0,0.0,0.7109004739336493,48.07692307692308,0.6743032395683798,False
rpoC,c.-144A>G,Chromosome_763226_A_G,rifampicin,1.4103247390293372e-05,1.7222820236813776,2.9973998192782196,0.3920262467513903,0.0,0.0,0.0,0.5529225908372828,48.07692307692308,0.7068002625253008,False
rpoC,c.732C>G,Chromosome_764101_C_G,rifampicin,1.4103247390293372e-05,1.776103336921421,3.4275050213770952,0.33028690584034354,0.0,0.0,0.0,0.631911532385466,48.07692307692308,0.6840063286490898,False
ndh,c.399A>G,Chromosome_2102644_T_C,isoniazid,1.4103247390293372e-05,1.7222820236813776,3.4275050213770952,0.33028690584034354,0.0,0.0,0.0,0.631911532385466,46.15384615384615,0.6840063286490898,False
rpoC,c.2424C>G,Chromosome_765793_C_G,rifampicin,1.4103247390293372e-05,1.7222820236813776,3.4275050213770952,0.33028690584034354,0.0,0.0,0.0,0.631911532385466,46.15384615384615,0.6840063286490898,False
gyrB,c.891T>C,Chromosome_6130_T_C,fluoroquinolones,1.4103247390293372e-05,1.5608180839612487,2.9973998192782196,0.3920262467513903,0.0,0.0,0.0,0.5529225908372828,42.30769230769231,0.7068002625253008,False
rpoA,p.Gly122Asp,Chromosome_3878143_C_T,rifampicin,1.4103247390293372e-05,1.776103336921421,4.80509764864803,0.18663795877810324,1.5873015873015872,0.0,0.0,0.8688783570300158,40.38461538461539,0.6736789959418252,False
ndh,c.549T>C,Chromosome_2102494_A_G,isoniazid,1.4103247390293372e-05,1.7222820236813776,2.9973998192782196,0.3920262467513903,0.0,0.0,0.0,0.5529225908372828,48.07692307692308,0.7068002625253008,False
kasA,p.Met165Ile,Chromosome_2518609_G_C,isoniazid,1.4103247390293372e-05,1.5069967707212055,2.567772511848341,0.46316747389290747,0.0,0.0,0.0,0.47393364928909953,42.30769230769231,0.7531078554279901,False
kasA,c.390T>C,Chromosome_2518504_T_C,isoniazid,1.4103247390293372e-05,1.5069967707212055,1.2817500059143132,0.7334712127623098,0.0,0.0,0.0,0.23696682464454977,48.07692307692308,0.8280255127500844,False
rpoA,c.651G>A,Chromosome_3877857_C_T,rifampicin,1.4103247390293372e-05,1.5069967707212055,2.567772511848341,0.46316747389290747,0.0,0.0,0.0,0.47393364928909953,42.30769230769231,0.7531078554279901,False
rpoC,c.225C>T,Chromosome_763594_C_T,rifampicin,1.4103247390293372e-05,1.991388589881593,6.01821682464455,0.11072729278196178,0.0,0.0,0.0,1.1058451816745656,44.230769230769226,0.6736789959418252,False
rpoC,c.306C>G,Chromosome_763675_C_G,rifampicin,1.4103247390293372e-05,1.776103336921421,5.152720759561889,0.1609497217705886,0.0,0.0,0.0,0.9478672985781991,40.38461538461539,0.6736789959418252,False
rpoA,c.261G>C,Chromosome_3878247_C_G,rifampicin,1.4103247390293372e-05,1.7222820236813776,2.9973998192782196,0.3920262467513903,0.0,0.0,0.0,0.5529225908372828,48.07692307692308,0.7068002625253008,False
rpoC,c.1734G>T,Chromosome_765103_G_T,rifampicin,1.4103247390293372e-05,1.9375672766415502,4.602642459126374,0.20331551531926817,1.5873015873015872,0.0,0.0,0.7898894154818324,48.07692307692308,0.6736789959418252,False
rpoC,c.3288A>G,Chromosome_766657_A_G,rifampicin,1.4103247390293372e-05,1.776103336921421,3.4275050213770952,0.33028690584034354,0.0,0.0,0.0,0.631911532385466,48.07692307692308,0.6840063286490898,False
rpoC,c.372C>T,Chromosome_763741_C_T,rifampicin,1.4103247390293372e-05,1.776103336921421,5.043106633139489,0.16866774136464388,1.5873015873015872,0.0,0.0,0.9478672985781991,38.46153846153847,0.6736789959418252,False
kasA,c.405G>C,Chromosome_2518519_G_C,isoniazid,1.4103247390293372e-05,1.5608180839612487,1.7099483985671524,0.6347243085388814,0.0,0.0,0.0,0.315955766192733,48.07692307692308,0.8089106052688863,False
ahpC,c.408T>C,Chromosome_2726600_T_C,isoniazid,1.4103247390293372e-05,1.776103336921421,3.4275050213770952,0.33028690584034354,0.0,0.0,0.0,0.631911532385466,48.07692307692308,0.6840063286490898,False
rpoC,c.996C>T,Chromosome_764365_C_T,rifampicin,1.4103247390293372e-05,2.099031216361679,2.430317005423819,0.48801607358142074,0.0,0.5555555555555556,0.0,1.0268562401263823,46.15384615384615,0.7851807168121022,False
rpoC,c.1152T>C,Chromosome_764521_T_C,rifampicin,1.4103247390293372e-05,1.991388589881593,4.7206959827852515,0.1934294327640628,0.0,0.0,0.0,0.8688783570300158,50.0,0.6736789959418252,False
rpoC,c.2457T>C,Chromosome_765826_T_C,rifampicin,1.4103247390293372e-05,1.9375672766415502,4.7206959827852515,0.1934294327640628,0.0,0.0,0.0,0.8688783570300158,48.07692307692308,0.6736789959418252,False
rpoC,c.1458G>C,Chromosome_764827_G_C,rifampicin,1.4103247390293372e-05,1.7222820236813776,5.152720759561889,0.1609497217705886,0.0,0.0,0.0,0.9478672985781991,38.46153846153847,0.6736789959418252,False
gyrB,c.1068T>G,Chromosome_6307_T_G,fluoroquinolones,1.4103247390293372e-05,1.776103336921421,3.4275050213770952,0.33028690584034354,0.0,0.0,0.0,0.631911532385466,48.07692307692308,0.6840063286490898,False
rpoC,c.2652G>C,Chromosome_766021_G_C,rifampicin,1.4103247390293372e-05,1.829924650161464,4.7206959827852515,0.1934294327640628,0.0,0.0,0.0,0.8688783570300158,44.230769230769226,0.6736789959418252,False
rpoA,c.141C>G,Chromosome_3878367_G_C,rifampicin,1.4103247390293372e-05,1.829924650161464,4.7206959827852515,0.1934294327640628,0.0,0.0,0.0,0.8688783570300158,44.230769230769226,0.6736789959418252,False
rpoC,c.201G>C,Chromosome_763570_G_C,rifampicin,1.4103247390293372e-05,2.045209903121636,3.612329738012656,0.30648288950800673,1.5873015873015872,0.2777777777777778,0.0,1.1058451816745656,42.30769230769231,0.6840063286490898,False
rpoA,c.588G>C,Chromosome_3877920_C_G,rifampicin,1.4103247390293372e-05,1.7222820236813776,3.6951585353644356,0.29631872347233645,0.0,0.0,0.8547008547008548,0.8688783570300158,38.46153846153847,0.6840063286490898,False
rpoC,c.3396A>C,Chromosome_766765_A_C,rifampicin,1.4103247390293372e-05,1.829924650161464,3.858088915965788,0.27720133176383643,0.0,0.0,0.0,0.7109004739336493,48.07692307692308,0.6743032395683798,False
rpoC,c.897T>C,Chromosome_764266_T_C,rifampicin,1.4103247390293372e-05,1.991388589881593,5.152720759561889,0.1609497217705886,0.0,0.0,0.0,0.9478672985781991,48.07692307692308,0.6736789959418252,False
ndh,c.363T>C,Chromosome_2102680_A_G,isoniazid,1.4956111058685106e-05,1.991388589881593,5.152720759561889,0.1609497217705886,0.0,0.0,0.0,0.9478672985781991,48.07692307692308,0.6736789959418252,False
rpoC,c.2578T>C,Chromosome_765947_T_C,rifampicin,1.4956111058685106e-05,1.1840688912809472,3.4275050213770952,0.33028690584034354,0.0,0.0,0.0,0.631911532385466,26.923076923076923,0.6840063286490898,False
gyrB,c.634A>C,Chromosome_5873_A_C,fluoroquinolones,1.4956111058685106e-05,1.3455328310010763,1.2817500059143132,0.7334712127623098,0.0,0.0,0.0,0.23696682464454977,42.30769230769231,0.8280255127500844,False
kasA,c.570C>G,Chromosome_2518684_C_G,isoniazid,1.4956111058685106e-05,1.3993541442411195,2.138622303038596,0.5441388104829956,0.0,0.0,0.0,0.3949447077409162,40.38461538461539,0.7922971278529128,False
kasA,c.597A>G,Chromosome_2518711_A_G,isoniazid,1.4956111058685106e-05,1.2378902045209903,0.8540263343176302,0.8365056872884371,0.0,0.0,0.0,0.1579778830963665,40.38461538461539,0.8720714052853945,False
rpoA,c.84G>C,Chromosome_3878424_C_G,rifampicin,1.4956111058685106e-05,1.1840688912809472,1.7099483985671524,0.6347243085388814,0.0,0.0,0.0,0.315955766192733,34.61538461538461,0.8089106052688863,False
rpoC,c.1980T>C,Chromosome_765349_T_C,rifampicin,1.4956111058685106e-05,1.3993541442411195,1.2817500059143132,0.7334712127623098,0.0,0.0,0.0,0.23696682464454977,44.230769230769226,0.8280255127500844,False
kasA,c.954C>T,Chromosome_2519068_C_T,isoniazid,1.4956111058685106e-05,1.1840688912809472,1.7099483985671524,0.6347243085388814,0.0,0.0,0.0,0.315955766192733,34.61538461538461,0.8089106052688863,False
gyrB,c.1713C>G,Chromosome_6952_C_G,fluoroquinolones,1.4956111058685106e-05,1.4531754574811624,0.8540263343176302,0.8365056872884371,0.0,0.0,0.0,0.1579778830963665,48.07692307692308,0.8720714052853945,False
rpoA,c.351C>G,Chromosome_3878157_G_C,rifampicin,1.4956111058685106e-05,1.1840688912809472,1.2817500059143132,0.7334712127623098,0.0,0.0,0.0,0.23696682464454977,36.53846153846153,0.8280255127500844,False
ndh,c.252A>G,Chromosome_2102791_T_C,isoniazid,1.4956111058685106e-05,1.3455328310010763,1.2817500059143132,0.7334712127623098,0.0,0.0,0.0,0.23696682464454977,42.30769230769231,0.8280255127500844,False
gyrB,c.786A>G,Chromosome_6025_A_G,fluoroquinolones,1.4956111058685106e-05,1.3455328310010763,2.138622303038596,0.5441388104829956,0.0,0.0,0.0,0.3949447077409162,38.46153846153847,0.7922971278529128,False
rpoC,c.2773C>T,Chromosome_766142_C_T,rifampicin,1.4956111058685106e-05,1.1840688912809472,,,0.0,0.0,0.0,0.0,42.30769230769231,,False
mmpL5,p.Met456Leu,Chromosome_777115_T_G,bedaquiline/clofazimine,1.4956111058685106e-05,1.3455328310010763,1.2817500059143132,0.7334712127623098,0.0,0.0,0.0,0.23696682464454977,42.30769230769231,0.8280255127500844,False
rpoC,c.-117G>C,Chromosome_763253_G_C,rifampicin,1.4956111058685106e-05,1.2378902045209903,0.8540263343176302,0.8365056872884371,0.0,0.0,0.0,0.1579778830963665,40.38461538461539,0.8720714052853945,False
rpoA,c.-722A>G,Chromosome_3879229_T_C,rifampicin,1.4956111058685106e-05,1.3455328310010763,0.8540263343176302,0.8365056872884371,0.0,0.0,0.0,0.1579778830963665,44.230769230769226,0.8720714052853945,False
rpoC,c.87A>G,Chromosome_763456_A_G,rifampicin,1.772166685413892e-05,2.1528525296017222,5.309154430433311,0.15050947574250703,1.5873015873015872,0.0,0.0,1.0268562401263823,50.0,0.6736789959418252,False
eis,p.Val163Ile,Chromosome_2714846_C_T,amikacin/kanamycin,2.106160732899194e-05,2.4757804090419806,133.4795737519201,9.619314977767629e-29,0.0,10.833333333333334,0.0,0.3949447077409162,3.8461538461538463,2.2679384928352138e-27,True
rpoC,c.159G>A,Chromosome_763528_G_A,rifampicin,2.1242517639605975e-05,2.045209903121636,6.4516897282621635,0.09158733658511717,0.0,0.0,0.0,1.1848341232227488,44.230769230769226,0.6736789959418252,False
kasA,c.477G>C,Chromosome_2518591_G_C,isoniazid,2.1507141820706487e-05,1.6684607104413347,2.567772511848341,0.46316747389290747,0.0,0.0,0.0,0.47393364928909953,48.07692307692308,0.7531078554279901,False
rpoA,p.Glu338Asp,Chromosome_3877494_C_G,rifampicin,2.1507141820706487e-05,1.4531754574811624,0.8540263343176302,0.8365056872884371,0.0,0.0,0.0,0.1579778830963665,48.07692307692308,0.8720714052853945,False
rpoC,c.819A>G,Chromosome_764188_A_G,rifampicin,2.1507141820706487e-05,1.6684607104413347,3.858088915965788,0.27720133176383643,0.0,0.0,0.0,0.7109004739336493,42.30769230769231,0.6743032395683798,False
rpoC,c.2415C>G,Chromosome_765784_C_G,rifampicin,2.1507141820706487e-05,1.6684607104413347,2.567772511848341,0.46316747389290747,0.0,0.0,0.0,0.47393364928909953,48.07692307692308,0.7531078554279901,False
kasA,c.-96A>G,Chromosome_2518019_A_G,isoniazid,2.1507141820706487e-05,1.776103336921421,3.858088915965788,0.27720133176383643,0.0,0.0,0.0,0.7109004739336493,46.15384615384615,0.6743032395683798,False
rpoA,c.-235G>A,Chromosome_3878742_C_T,rifampicin,2.1507141820706487e-05,1.7222820236813776,2.9973998192782196,0.3920262467513903,0.0,0.0,0.0,0.5529225908372828,48.07692307692308,0.7068002625253008,False
kasA,c.48G>A,Chromosome_2518162_G_A,isoniazid,2.1507141820706487e-05,1.4531754574811624,0.8540263343176302,0.8365056872884371,0.0,0.0,0.0,0.1579778830963665,48.07692307692308,0.8720714052853945,False
ndh,c.1023A>G,Chromosome_2102020_T_C,isoniazid,2.1507141820706487e-05,1.4531754574811624,1.2817500059143132,0.7334712127623098,0.0,0.0,0.0,0.23696682464454977,46.15384615384615,0.8280255127500844,False
gyrB,c.1312T>C,Chromosome_6551_T_C,fluoroquinolones,2.1507141820706487e-05,1.776103336921421,3.858088915965788,0.27720133176383643,0.0,0.0,0.0,0.7109004739336493,46.15384615384615,0.6743032395683798,False
gyrB,p.Glu604Asp,Chromosome_7051_A_C,fluoroquinolones,2.1507141820706487e-05,1.4531754574811624,3.4275050213770952,0.33028690584034354,0.0,0.0,0.0,0.631911532385466,36.53846153846153,0.6840063286490898,False
rpoC,p.Ala969Thr,Chromosome_766274_G_A,rifampicin,2.1507141820706487e-05,1.4531754574811624,0.8540263343176302,0.8365056872884371,0.0,0.0,0.0,0.1579778830963665,48.07692307692308,0.8720714052853945,False
whiB7,c.-577T>C,Chromosome_3569256_A_G,multiple,2.1507141820706487e-05,1.4531754574811624,0.8540263343176302,0.8365056872884371,0.0,0.0,0.0,0.1579778830963665,48.07692307692308,0.8720714052853945,False
rpoA,c.-317G>C,Chromosome_3878824_C_G,rifampicin,2.1507141820706487e-05,1.5069967707212055,2.138622303038596,0.5441388104829956,0.0,0.0,0.0,0.3949447077409162,44.230769230769226,0.7922971278529128,False
rpoC,c.3204T>C,Chromosome_766573_T_C,rifampicin,2.1507141820706487e-05,1.9375672766415502,4.7206959827852515,0.1934294327640628,0.0,0.0,0.0,0.8688783570300158,48.07692307692308,0.6736789959418252,False
rpoC,c.729A>G,Chromosome_764098_A_G,rifampicin,2.1507141820706487e-05,1.7222820236813776,4.289152302641995,0.23188624493266743,0.0,0.0,0.0,0.7898894154818324,42.30769230769231,0.6736789959418252,False
rpoC,c.2382C>G,Chromosome_765751_C_G,rifampicin,2.1507141820706487e-05,1.776103336921421,4.7206959827852515,0.1934294327640628,0.0,0.0,0.0,0.8688783570300158,42.30769230769231,0.6736789959418252,False
gyrB,c.1639T>C,Chromosome_6878_T_C,fluoroquinolones,2.1507141820706487e-05,1.4531754574811624,2.138622303038596,0.5441388104829956,0.0,0.0,0.0,0.3949447077409162,42.30769230769231,0.7922971278529128,False
kasA,c.564C>T,Chromosome_2518678_C_T,isoniazid,2.1507141820706487e-05,1.5069967707212055,2.9973998192782196,0.3920262467513903,0.0,0.0,0.0,0.5529225908372828,40.38461538461539,0.7068002625253008,False
kasA,c.447T>C,Chromosome_2518561_T_C,isoniazid,2.1507141820706487e-05,1.4531754574811624,1.2817500059143132,0.7334712127623098,0.0,0.0,0.0,0.23696682464454977,46.15384615384615,0.8280255127500844,False
ndh,c.561A>G,Chromosome_2102482_T_C,isoniazid,2.1507141820706487e-05,1.6146393972012916,2.138622303038596,0.5441388104829956,0.0,0.0,0.0,0.3949447077409162,48.07692307692308,0.7922971278529128,False
rpoC,c.3495G>C,Chromosome_766864_G_C,rifampicin,2.1507141820706487e-05,1.6684607104413347,2.567772511848341,0.46316747389290747,0.0,0.0,0.0,0.47393364928909953,48.07692307692308,0.7531078554279901,False
rpoC,c.45T>C,Chromosome_763414_T_C,rifampicin,2.1507141820706487e-05,1.9375672766415502,4.7206959827852515,0.1934294327640628,0.0,0.0,0.0,0.8688783570300158,48.07692307692308,0.6736789959418252,False
rpoC,c.1665T>C,Chromosome_765034_T_C,rifampicin,2.1507141820706487e-05,1.776103336921421,3.4275050213770952,0.33028690584034354,0.0,0.0,0.0,0.631911532385466,48.07692307692308,0.6840063286490898,False
rpoC,c.2040T>C,Chromosome_765409_T_C,rifampicin,2.1507141820706487e-05,1.991388589881593,5.152720759561889,0.1609497217705886,0.0,0.0,0.0,0.9478672985781991,48.07692307692308,0.6736789959418252,False
rpoA,c.522G>C,Chromosome_3877986_C_G,rifampicin,2.1507141820706487e-05,1.6684607104413347,3.4275050213770952,0.33028690584034354,0.0,0.0,0.0,0.631911532385466,44.230769230769226,0.6840063286490898,False
rpoC,c.-960T>C,Chromosome_762410_T_C,rifampicin,2.1507141820706487e-05,1.883745963401507,4.289152302641995,0.23188624493266743,0.0,0.0,0.0,0.7898894154818324,48.07692307692308,0.6736789959418252,False
rpoC,c.1983G>C,Chromosome_765352_G_C,rifampicin,2.1507141820706487e-05,1.883745963401507,4.289152302641995,0.23188624493266743,0.0,0.0,0.0,0.7898894154818324,48.07692307692308,0.6736789959418252,False
rpoC,c.2109T>C,Chromosome_765478_T_C,rifampicin,2.1507141820706487e-05,1.9375672766415502,5.152720759561889,0.1609497217705886,0.0,0.0,0.0,0.9478672985781991,46.15384615384615,0.6736789959418252,False
rpoC,c.1519T>C,Chromosome_764888_T_C,rifampicin,2.1507141820706487e-05,1.9375672766415502,5.152720759561889,0.1609497217705886,0.0,0.0,0.0,0.9478672985781991,46.15384615384615,0.6736789959418252,False
gid,c.615A>G,Chromosome_4407588_T_C,streptomycin,2.2076177204457627e-05,30.731969860064584,1754.5668796931043,0.0,100.0,100.0,100.0,0.8688783570300158,38.46153846153847,0.0,True
rpoC,c.2514C>G,Chromosome_765883_C_G,rifampicin,2.3875167433980296e-05,1.2378902045209903,0.8540263343176302,0.8365056872884371,0.0,0.0,0.0,0.1579778830963665,40.38461538461539,0.8720714052853945,False
mmpL5,p.Asn466Asp,Chromosome_777085_T_C,bedaquiline/clofazimine,2.3875167433980296e-05,1.2378902045209903,0.8540263343176302,0.8365056872884371,0.0,0.0,0.0,0.1579778830963665,40.38461538461539,0.8720714052853945,False
rpoA,c.612G>C,Chromosome_3877896_C_G,rifampicin,2.3875167433980296e-05,1.1840688912809472,0.4267765947670372,0.9346571892880828,0.0,0.0,0.0,0.07898894154818326,40.38461538461539,0.9346571892880828,False
ndh,c.831G>C,Chromosome_2102212_C_G,isoniazid,2.3875167433980296e-05,1.1840688912809472,0.4267765947670372,0.9346571892880828,0.0,0.0,0.0,0.07898894154818326,40.38461538461539,0.9346571892880828,False
mmpL5,c.1275A>G,Chromosome_777206_T_C,bedaquiline/clofazimine,2.3875167433980296e-05,1.2378902045209903,1.2817500059143132,0.7334712127623098,0.0,0.0,0.0,0.23696682464454977,38.46153846153847,0.8280255127500844,False
gyrB,c.120C>T,Chromosome_5359_C_T,fluoroquinolones,2.3875167433980296e-05,1.2917115177610334,0.4267765947670372,0.9346571892880828,0.0,0.0,0.0,0.07898894154818326,44.230769230769226,0.9346571892880828,False
gid,c.549G>C,Chromosome_4407654_C_G,streptomycin,2.3875167433980296e-05,1.2378902045209903,0.8540263343176302,0.8365056872884371,0.0,0.0,0.0,0.1579778830963665,40.38461538461539,0.8720714052853945,False
rpoA,c.582G>C,Chromosome_3877926_C_G,rifampicin,2.3875167433980296e-05,1.1840688912809472,1.7099483985671524,0.6347243085388814,0.0,0.0,0.0,0.315955766192733,34.61538461538461,0.8089106052688863,False
kasA,c.1059C>G,Chromosome_2519173_C_G,isoniazid,2.3875167433980296e-05,1.1840688912809472,1.7099483985671524,0.6347243085388814,0.0,0.0,0.0,0.315955766192733,34.61538461538461,0.8089106052688863,False
gyrB,c.1947C>G,Chromosome_7186_C_G,fluoroquinolones,2.3875167433980296e-05,1.2378902045209903,2.138622303038596,0.5441388104829956,0.0,0.0,0.0,0.3949447077409162,34.61538461538461,0.7922971278529128,False
gyrB,p.Thr283Pro,Chromosome_6086_A_C,fluoroquinolones,2.3875167433980296e-05,1.2378902045209903,1.2817500059143132,0.7334712127623098,0.0,0.0,0.0,0.23696682464454977,38.46153846153847,0.8280255127500844,False
rpoC,c.903G>C,Chromosome_764272_G_C,rifampicin,2.3875167433980296e-05,1.3455328310010763,1.7099483985671524,0.6347243085388814,0.0,0.0,0.0,0.315955766192733,40.38461538461539,0.8089106052688863,False
rpoC,p.Asp795Ala,Chromosome_765753_A_C,rifampicin,2.3875167433980296e-05,1.883745963401507,4.289152302641995,0.23188624493266743,0.0,0.0,0.0,0.7898894154818324,48.07692307692308,0.6736789959418252,False
whiB7,c.-502C>T,Chromosome_3569181_G_A,multiple,2.3875167433980296e-05,1.1840688912809472,,,0.0,0.0,0.0,0.0,42.30769230769231,,False
ndh,c.243T>C,Chromosome_2102800_A_G,isoniazid,2.3875167433980296e-05,1.2378902045209903,0.8540263343176302,0.8365056872884371,0.0,0.0,0.0,0.1579778830963665,40.38461538461539,0.8720714052853945,False
kasA,c.807T>C,Chromosome_2518921_T_C,isoniazid,2.3875167433980296e-05,1.4531754574811624,2.138622303038596,0.5441388104829956,0.0,0.0,0.0,0.3949447077409162,42.30769230769231,0.7922971278529128,False
rpoC,c.2904T>C,Chromosome_766273_T_C,rifampicin,2.3875167433980296e-05,1.1302475780409043,0.4267765947670372,0.9346571892880828,0.0,0.0,0.0,0.07898894154818326,38.46153846153847,0.9346571892880828,False
rpoC,c.1851A>G,Chromosome_765220_A_G,rifampicin,2.3875167433980296e-05,1.1302475780409043,0.4267765947670372,0.9346571892880828,0.0,0.0,0.0,0.07898894154818326,38.46153846153847,0.9346571892880828,False
embR,c.-207C>G,Chromosome_1417554_G_C,ethambutol,2.6436747535094148e-05,3.606027987082885,1806.0000000000002,0.0,100.0,0.0,0.0,0.0,7.6923076923076925,0.0,True
rpoC,c.363C>G,Chromosome_763732_C_G,rifampicin,3.161953642167652e-05,2.045209903121636,5.043106633139489,0.16866774136464388,1.5873015873015872,0.0,0.0,0.9478672985781991,48.07692307692308,0.6736789959418252,False
rpoC,c.354G>C,Chromosome_763723_G_C,rifampicin,3.161953642167652e-05,1.883745963401507,6.01821682464455,0.11072729278196178,0.0,0.0,0.0,1.1058451816745656,40.38461538461539,0.6736789959418252,False
ahpC,c.174G>C,Chromosome_2726366_G_C,isoniazid,3.383460708883156e-05,1.7222820236813776,2.9973998192782196,0.3920262467513903,0.0,0.0,0.0,0.5529225908372828,48.07692307692308,0.7068002625253008,False
gyrB,c.1620T>C,Chromosome_6859_T_C,fluoroquinolones,3.383460708883156e-05,1.4531754574811624,1.7099483985671524,0.6347243085388814,0.0,0.0,0.0,0.315955766192733,44.230769230769226,0.8089106052688863,False
gyrB,c.138T>C,Chromosome_5377_T_C,fluoroquinolones,3.383460708883156e-05,1.4531754574811624,1.7099483985671524,0.6347243085388814,0.0,0.0,0.0,0.315955766192733,44.230769230769226,0.8089106052688863,False
kasA,p.Val398Ile,Chromosome_2519306_G_A,isoniazid,3.383460708883156e-05,1.4531754574811624,1.7099483985671524,0.6347243085388814,0.0,0.0,0.0,0.315955766192733,44.230769230769226,0.8089106052688863,False
gyrB,c.861G>C,Chromosome_6100_G_C,fluoroquinolones,3.383460708883156e-05,1.5608180839612487,3.858088915965788,0.27720133176383643,0.0,0.0,0.0,0.7109004739336493,38.46153846153847,0.6743032395683798,False
rpoA,c.-326C>G,Chromosome_3878833_G_C,rifampicin,3.383460708883156e-05,1.6146393972012916,2.138622303038596,0.5441388104829956,0.0,0.0,0.0,0.3949447077409162,48.07692307692308,0.7922971278529128,False
ahpC,p.Ser69Gly,Chromosome_2726397_A_G,isoniazid,3.383460708883156e-05,1.6684607104413347,2.567772511848341,0.46316747389290747,0.0,0.0,0.0,0.47393364928909953,48.07692307692308,0.7531078554279901,False
kasA,c.-90G>C,Chromosome_2518025_G_C,isoniazid,3.383460708883156e-05,1.829924650161464,3.858088915965788,0.27720133176383643,0.0,0.0,0.0,0.7109004739336493,48.07692307692308,0.6743032395683798,False
ahpC,c.216T>C,Chromosome_2726408_T_C,isoniazid,3.383460708883156e-05,1.6684607104413347,2.567772511848341,0.46316747389290747,0.0,0.0,0.0,0.47393364928909953,48.07692307692308,0.7531078554279901,False
gyrB,c.999G>A,Chromosome_6238_G_A,fluoroquinolones,3.383460708883156e-05,1.3993541442411195,1.7099483985671524,0.6347243085388814,0.0,0.0,0.0,0.315955766192733,42.30769230769231,0.8089106052688863,False
rpoC,c.3843G>C,Chromosome_767212_G_C,rifampicin,3.383460708883156e-05,1.7222820236813776,2.9973998192782196,0.3920262467513903,0.0,0.0,0.0,0.5529225908372828,48.07692307692308,0.7068002625253008,False
rpoC,c.519G>C,Chromosome_763888_G_C,rifampicin,3.383460708883156e-05,1.776103336921421,3.4275050213770952,0.33028690584034354,0.0,0.0,0.0,0.631911532385466,48.07692307692308,0.6840063286490898,False
rpoA,c.402G>C,Chromosome_3878106_C_G,rifampicin,3.383460708883156e-05,1.6684607104413347,2.567772511848341,0.46316747389290747,0.0,0.0,0.0,0.47393364928909953,48.07692307692308,0.7531078554279901,False
ndh,c.1239T>G,Chromosome_2101804_A_C,isoniazid,3.383460708883156e-05,1.4531754574811624,0.8540263343176302,0.8365056872884371,0.0,0.0,0.0,0.1579778830963665,48.07692307692308,0.8720714052853945,False
rpoC,c.-861T>G,Chromosome_762509_T_G,rifampicin,3.383460708883156e-05,1.829924650161464,5.152720759561889,0.1609497217705886,0.0,0.0,0.0,0.9478672985781991,42.30769230769231,0.6736789959418252,False
mmpL5,c.2472A>G,Chromosome_776009_T_C,bedaquiline/clofazimine,3.383460708883156e-05,1.6146393972012916,2.567772511848341,0.46316747389290747,0.0,0.0,0.0,0.47393364928909953,46.15384615384615,0.7531078554279901,False
rpoA,c.669G>C,Chromosome_3877839_C_G,rifampicin,3.383460708883156e-05,1.7222820236813776,2.9973998192782196,0.3920262467513903,0.0,0.0,0.0,0.5529225908372828,48.07692307692308,0.7068002625253008,False
rpoC,c.1197C>G,Chromosome_764566_C_G,rifampicin,3.383460708883156e-05,1.6146393972012916,3.4275050213770952,0.33028690584034354,0.0,0.0,0.0,0.631911532385466,42.30769230769231,0.6840063286490898,False
rpoA,c.378C>G,Chromosome_3878130_G_C,rifampicin,3.383460708883156e-05,1.6146393972012916,3.4275050213770952,0.33028690584034354,0.0,0.0,0.0,0.631911532385466,42.30769230769231,0.6840063286490898,False
rpoC,p.Gly168Ala,Chromosome_763872_G_C,rifampicin,3.383460708883156e-05,1.9375672766415502,4.7206959827852515,0.1934294327640628,0.0,0.0,0.0,0.8688783570300158,48.07692307692308,0.6736789959418252,False
rpoC,c.-788T>C,Chromosome_762582_T_C,rifampicin,3.383460708883156e-05,1.776103336921421,3.4275050213770952,0.33028690584034354,0.0,0.0,0.0,0.631911532385466,48.07692307692308,0.6840063286490898,False
rpoC,p.Asp221Glu,Chromosome_764032_C_G,rifampicin,3.383460708883156e-05,1.6684607104413347,4.7206959827852515,0.1934294327640628,0.0,0.0,0.0,0.8688783570300158,38.46153846153847,0.6736789959418252,False
gyrB,c.2007T>C,Chromosome_7246_T_C,fluoroquinolones,3.383460708883156e-05,1.6684607104413347,2.9973998192782196,0.3920262467513903,0.0,0.0,0.0,0.5529225908372828,46.15384615384615,0.7068002625253008,False
rpoC,c.834G>C,Chromosome_764203_G_C,rifampicin,3.383460708883156e-05,1.883745963401507,4.289152302641995,0.23188624493266743,0.0,0.0,0.0,0.7898894154818324,48.07692307692308,0.6736789959418252,False
gyrB,c.897G>A,Chromosome_6136_G_A,fluoroquinolones,3.383460708883156e-05,1.4531754574811624,2.567772511848341,0.46316747389290747,0.0,0.0,0.0,0.47393364928909953,40.38461538461539,0.7531078554279901,False
embR,p.Phe376Leu,Chromosome_1416222_A_G,ethambutol,3.383460708883156e-05,27.933261571582346,88.89924114274177,3.7754569024524847e-19,68.25396825396825,32.77777777777778,47.008547008547005,23.30173775671406,15.384615384615385,8.265553861440618e-18,True
kasA,c.1215C>T,Chromosome_2519329_C_T,isoniazid,3.383460708883156e-05,1.5608180839612487,2.9973998192782196,0.3920262467513903,0.0,0.0,0.0,0.5529225908372828,42.30769230769231,0.7068002625253008,False
ahpC,c.399C>G,Chromosome_2726591_C_G,isoniazid,3.383460708883156e-05,1.5608180839612487,2.138622303038596,0.5441388104829956,0.0,0.0,0.0,0.3949447077409162,46.15384615384615,0.7922971278529128,False
rpoC,c.1720T>C,Chromosome_765089_T_C,rifampicin,3.683081660041715e-05,2.045209903121636,5.043106633139489,0.16866774136464388,1.5873015873015872,0.0,0.0,0.9478672985781991,48.07692307692308,0.6736789959418252,False
kasA,c.855T>G,Chromosome_2518969_T_G,isoniazid,3.683081660041715e-05,1.0764262648008611,,,0.0,0.0,0.0,0.0,38.46153846153847,,False
rpoC,p.Asp1057Glu,Chromosome_766540_C_G,rifampicin,3.683081660041715e-05,1.1840688912809472,2.9973998192782196,0.3920262467513903,0.0,0.0,0.0,0.5529225908372828,28.846153846153843,0.7068002625253008,False
gyrB,c.624G>C,Chromosome_5863_G_C,fluoroquinolones,3.683081660041715e-05,1.2917115177610334,1.2817500059143132,0.7334712127623098,0.0,0.0,0.0,0.23696682464454977,40.38461538461539,0.8280255127500844,False
gyrB,c.564A>G,Chromosome_5803_A_G,fluoroquinolones,3.683081660041715e-05,1.3455328310010763,1.7099483985671524,0.6347243085388814,0.0,0.0,0.0,0.315955766192733,40.38461538461539,0.8089106052688863,False
mmpL5,c.855C>T,Chromosome_777626_G_A,bedaquiline/clofazimine,3.683081660041715e-05,1.2378902045209903,1.7099483985671524,0.6347243085388814,0.0,0.0,0.0,0.315955766192733,36.53846153846153,0.8089106052688863,False
mmpL5,c.1386T>C,Chromosome_777095_A_G,bedaquiline/clofazimine,3.683081660041715e-05,1.1302475780409043,1.2817500059143132,0.7334712127623098,0.0,0.0,0.0,0.23696682464454977,34.61538461538461,0.8280255127500844,False
rpoA,c.468T>C,Chromosome_3878040_A_G,rifampicin,3.683081660041715e-05,1.2917115177610334,1.7099483985671524,0.6347243085388814,0.0,0.0,0.0,0.315955766192733,38.46153846153847,0.8089106052688863,False
kasA,c.1113G>C,Chromosome_2519227_G_C,isoniazid,3.683081660041715e-05,1.3455328310010763,2.138622303038596,0.5441388104829956,0.0,0.0,0.0,0.3949447077409162,38.46153846153847,0.7922971278529128,False
mmpL5,c.834C>G,Chromosome_777647_G_C,bedaquiline/clofazimine,3.683081660041715e-05,1.3455328310010763,1.7099483985671524,0.6347243085388814,0.0,0.0,0.0,0.315955766192733,40.38461538461539,0.8089106052688863,False
rpoC,c.177A>G,Chromosome_763546_A_G,rifampicin,3.683081660041715e-05,2.045209903121636,4.007858689621532,0.26061678290798557,0.0,0.2777777777777778,0.0,1.1058451816745656,44.230769230769226,0.6743032395683798,False
rpoC,c.1878C>G,Chromosome_765247_C_G,rifampicin,3.683081660041715e-05,1.0764262648008611,,,0.0,0.0,0.0,0.0,38.46153846153847,,False
mmpL5,c.1227G>C,Chromosome_777254_C_G,bedaquiline/clofazimine,3.683081660041715e-05,1.1302475780409043,0.8540263343176302,0.8365056872884371,0.0,0.0,0.0,0.1579778830963665,36.53846153846153,0.8720714052853945,False
ahpC,c.351A>G,Chromosome_2726543_A_G,isoniazid,3.683081660041715e-05,1.1302475780409043,0.4267765947670372,0.9346571892880828,0.0,0.0,0.0,0.07898894154818326,38.46153846153847,0.9346571892880828,False
kasA,c.849T>C,Chromosome_2518963_T_C,isoniazid,3.683081660041715e-05,1.0764262648008611,,,0.0,0.0,0.0,0.0,38.46153846153847,,False
kasA,c.894C>G,Chromosome_2519008_C_G,isoniazid,3.683081660041715e-05,1.1302475780409043,0.4267765947670372,0.9346571892880828,0.0,0.0,0.0,0.07898894154818326,38.46153846153847,0.9346571892880828,False
ahpC,p.Ala149Val,Chromosome_2726638_C_T,isoniazid,3.683081660041715e-05,1.5069967707212055,3.4275050213770952,0.33028690584034354,0.0,0.0,0.0,0.631911532385466,38.46153846153847,0.6840063286490898,False
ahpC,c.372C>G,Chromosome_2726564_C_G,isoniazid,3.683081660041715e-05,1.3455328310010763,1.2817500059143132,0.7334712127623098,0.0,0.0,0.0,0.23696682464454977,42.30769230769231,0.8280255127500844,False
gyrB,c.384T>C,Chromosome_5623_T_C,fluoroquinolones,3.683081660041715e-05,1.2917115177610334,2.138622303038596,0.5441388104829956,0.0,0.0,0.0,0.3949447077409162,36.53846153846153,0.7922971278529128,False
whiB7,c.-518C>A,Chromosome_3569197_G_T,multiple,3.683081660041715e-05,1.1840688912809472,,,0.0,0.0,0.0,0.0,42.30769230769231,,False
kasA,c.903G>C,Chromosome_2519017_G_C,isoniazid,3.683081660041715e-05,1.1302475780409043,0.4267765947670372,0.9346571892880828,0.0,0.0,0.0,0.07898894154818326,38.46153846153847,0.9346571892880828,False
rpoC,p.Ile937Val,Chromosome_766178_A_G,rifampicin,3.683081660041715e-05,1.1302475780409043,0.4267765947670372,0.9346571892880828,0.0,0.0,0.0,0.07898894154818326,38.46153846153847,0.9346571892880828,False
gyrB,c.1692A>G,Chromosome_6931_A_G,fluoroquinolones,3.683081660041715e-05,1.5069967707212055,1.7099483985671524,0.6347243085388814,0.0,0.0,0.0,0.315955766192733,46.15384615384615,0.8089106052688863,False
rpoA,c.24C>A,Chromosome_3878484_G_T,rifampicin,3.683081660041715e-05,1.1302475780409043,1.7099483985671524,0.6347243085388814,0.0,0.0,0.0,0.315955766192733,32.69230769230769,0.8089106052688863,False
kasA,c.906G>C,Chromosome_2519020_G_C,isoniazid,3.683081660041715e-05,1.1302475780409043,0.4267765947670372,0.9346571892880828,0.0,0.0,0.0,0.07898894154818326,38.46153846153847,0.9346571892880828,False
kasA,c.663C>T,Chromosome_2518777_C_T,isoniazid,3.683081660041715e-05,1.1302475780409043,1.2817500059143132,0.7334712127623098,0.0,0.0,0.0,0.23696682464454977,34.61538461538461,0.8280255127500844,False
ndh,c.177C>G,Chromosome_2102866_G_C,isoniazid,3.683081660041715e-05,1.1840688912809472,1.2817500059143132,0.7334712127623098,0.0,0.0,0.0,0.23696682464454977,36.53846153846153,0.8280255127500844,False
ahpC,c.480G>A,Chromosome_2726672_G_A,isoniazid,3.683081660041715e-05,1.0764262648008611,83.13810316139765,6.512729329224311e-18,4.761904761904762,0.0,0.0,0.0,32.69230769230769,1.3766562340739662e-16,True
ndh,c.1080G>A,Chromosome_2101963_C_T,isoniazid,3.683081660041715e-05,1.0764262648008611,0.4267765947670372,0.9346571892880828,0.0,0.0,0.0,0.07898894154818326,36.53846153846153,0.9346571892880828,False
mmpL5,p.Leu500Gln,Chromosome_776982_A_T,bedaquiline/clofazimine,3.683081660041715e-05,1.4531754574811624,2.567772511848341,0.46316747389290747,0.0,0.0,0.0,0.47393364928909953,40.38461538461539,0.7531078554279901,False
gyrB,c.663A>G,Chromosome_5902_A_G,fluoroquinolones,3.683081660041715e-05,1.2917115177610334,1.2817500059143132,0.7334712127623098,0.0,0.0,0.0,0.23696682464454977,40.38461538461539,0.8280255127500844,False
rpoA,c.12A>T,Chromosome_3878496_T_A,rifampicin,4.548757533888129e-05,1.9375672766415502,4.7206959827852515,0.1934294327640628,0.0,0.0,0.0,0.8688783570300158,48.07692307692308,0.6736789959418252,False
rpoA,c.-257A>G,Chromosome_3878764_T_C,rifampicin,4.548757533888129e-05,1.776103336921421,3.4275050213770952,0.33028690584034354,0.0,0.0,0.0,0.631911532385466,48.07692307692308,0.6840063286490898,False
rpoC,c.2766G>A,Chromosome_766135_G_A,rifampicin,5.1482646385166325e-05,1.6684607104413347,2.567772511848341,0.46316747389290747,0.0,0.0,0.0,0.47393364928909953,48.07692307692308,0.7531078554279901,False
rpoA,c.93C>T,Chromosome_3878415_G_A,rifampicin,5.1482646385166325e-05,1.5608180839612487,2.9973998192782196,0.3920262467513903,0.0,0.0,0.0,0.5529225908372828,42.30769230769231,0.7068002625253008,False
rpoA,c.-719G>C,Chromosome_3879226_C_G,rifampicin,5.1482646385166325e-05,1.5608180839612487,1.7099483985671524,0.6347243085388814,0.0,0.0,0.0,0.315955766192733,48.07692307692308,0.8089106052688863,False
ndh,c.132G>C,Chromosome_2102911_C_G,isoniazid,5.1482646385166325e-05,1.6684607104413347,3.4275050213770952,0.33028690584034354,0.0,0.0,0.0,0.631911532385466,44.230769230769226,0.6840063286490898,False
rpoA,c.-715T>C,Chromosome_3879222_A_G,rifampicin,5.1482646385166325e-05,1.5608180839612487,1.7099483985671524,0.6347243085388814,0.0,0.0,0.0,0.315955766192733,48.07692307692308,0.8089106052688863,False
rpoA,c.-239A>G,Chromosome_3878746_T_C,rifampicin,5.1482646385166325e-05,1.5608180839612487,2.9973998192782196,0.3920262467513903,0.0,0.0,0.0,0.5529225908372828,42.30769230769231,0.7068002625253008,False
rpoC,c.3837C>G,Chromosome_767206_C_G,rifampicin,5.1482646385166325e-05,1.776103336921421,3.4275050213770952,0.33028690584034354,0.0,0.0,0.0,0.631911532385466,48.07692307692308,0.6840063286490898,False
rpoC,c.75T>C,Chromosome_763444_T_C,rifampicin,5.1482646385166325e-05,1.9375672766415502,4.7206959827852515,0.1934294327640628,0.0,0.0,0.0,0.8688783570300158,48.07692307692308,0.6736789959418252,False
rpoC,c.-18T>A,Chromosome_763352_T_A,rifampicin,5.1482646385166325e-05,1.6684607104413347,2.567772511848341,0.46316747389290747,0.0,0.0,0.0,0.47393364928909953,48.07692307692308,0.7531078554279901,False
rpoA,p.Ile299Val,Chromosome_3877613_T_C,rifampicin,5.1482646385166325e-05,1.6146393972012916,2.138622303038596,0.5441388104829956,0.0,0.0,0.0,0.3949447077409162,48.07692307692308,0.7922971278529128,False
rpoC,c.2403C>G,Chromosome_765772_C_G,rifampicin,5.1482646385166325e-05,1.5608180839612487,2.9973998192782196,0.3920262467513903,0.0,0.0,0.0,0.5529225908372828,42.30769230769231,0.7068002625253008,False
rpoC,c.-19T>C,Chromosome_763351_T_C,rifampicin,5.1482646385166325e-05,1.6684607104413347,2.567772511848341,0.46316747389290747,0.0,0.0,0.0,0.47393364928909953,48.07692307692308,0.7531078554279901,False
rpoC,c.510A>G,Chromosome_763879_A_G,rifampicin,5.1482646385166325e-05,1.9375672766415502,4.7206959827852515,0.1934294327640628,0.0,0.0,0.0,0.8688783570300158,48.07692307692308,0.6736789959418252,False
rpoC,c.3180G>C,Chromosome_766549_G_C,rifampicin,5.1482646385166325e-05,1.7222820236813776,2.9973998192782196,0.3920262467513903,0.0,0.0,0.0,0.5529225908372828,48.07692307692308,0.7068002625253008,False
rpoC,c.-86C>T,Chromosome_763284_C_T,rifampicin,5.1482646385166325e-05,1.5608180839612487,2.138622303038596,0.5441388104829956,0.0,0.0,0.0,0.3949447077409162,46.15384615384615,0.7922971278529128,False
rpoC,c.3840T>C,Chromosome_767209_T_C,rifampicin,5.1482646385166325e-05,1.776103336921421,3.4275050213770952,0.33028690584034354,0.0,0.0,0.0,0.631911532385466,48.07692307692308,0.6840063286490898,False
rpoC,c.1059G>C,Chromosome_764428_G_C,rifampicin,5.1482646385166325e-05,1.776103336921421,2.439466971661192,0.48633014437538213,0.0,0.2777777777777778,0.0,0.7898894154818324,42.30769230769231,0.7845273118476559,False
rpoC,c.3690T>G,Chromosome_767059_T_G,rifampicin,5.1482646385166325e-05,1.7222820236813776,2.9973998192782196,0.3920262467513903,0.0,0.0,0.0,0.5529225908372828,48.07692307692308,0.7068002625253008,False
rpoC,c.3603G>C,Chromosome_766972_G_C,rifampicin,5.1482646385166325e-05,1.5608180839612487,2.138622303038596,0.5441388104829956,0.0,0.0,0.0,0.3949447077409162,46.15384615384615,0.7922971278529128,False
rpoC,c.2994G>C,Chromosome_766363_G_C,rifampicin,5.22304695578585e-05,1.5069967707212055,4.340117903515754,0.22700249053736032,1.5873015873015872,0.0,0.0,0.5529225908372828,38.46153846153847,0.6736789959418252,False
whiB7,c.-571T>C,Chromosome_3569250_A_G,multiple,5.22304695578585e-05,1.4531754574811624,0.8540263343176302,0.8365056872884371,0.0,0.0,0.0,0.1579778830963665,48.07692307692308,0.8720714052853945,False
kasA,c.414C>G,Chromosome_2518528_C_G,isoniazid,5.22304695578585e-05,1.3993541442411195,1.7099483985671524,0.6347243085388814,0.0,0.0,0.0,0.315955766192733,42.30769230769231,0.8089106052688863,False
kasA,p.Leu266Met,Chromosome_2518910_C_A,isoniazid,5.22304695578585e-05,1.7222820236813776,2.9973998192782196,0.3920262467513903,0.0,0.0,0.0,0.5529225908372828,48.07692307692308,0.7068002625253008,False
mmpL5,p.Leu858Phe,Chromosome_775909_G_A,bedaquiline/clofazimine,5.22304695578585e-05,1.6684607104413347,2.567772511848341,0.46316747389290747,0.0,0.0,0.0,0.47393364928909953,48.07692307692308,0.7531078554279901,False
kasA,c.1191A>G,Chromosome_2519305_A_G,isoniazid,5.22304695578585e-05,1.5608180839612487,1.7099483985671524,0.6347243085388814,0.0,0.0,0.0,0.315955766192733,48.07692307692308,0.8089106052688863,False
ahpC,c.165A>G,Chromosome_2726357_A_G,isoniazid,5.22304695578585e-05,1.6146393972012916,2.138622303038596,0.5441388104829956,0.0,0.0,0.0,0.3949447077409162,48.07692307692308,0.7922971278529128,False
gyrB,c.102T>C,Chromosome_5341_T_C,fluoroquinolones,5.22304695578585e-05,1.4531754574811624,1.7099483985671524,0.6347243085388814,0.0,0.0,0.0,0.315955766192733,44.230769230769226,0.8089106052688863,False
rpoA,c.642G>C,Chromosome_3877866_C_G,rifampicin,5.22304695578585e-05,1.3455328310010763,2.567772511848341,0.46316747389290747,0.0,0.0,0.0,0.47393364928909953,36.53846153846153,0.7531078554279901,False
ndh,c.171A>G,Chromosome_2102872_T_C,isoniazid,5.22304695578585e-05,1.3993541442411195,2.567772511848341,0.46316747389290747,0.0,0.0,0.0,0.47393364928909953,38.46153846153847,0.7531078554279901,False
ndh,c.1071G>C,Chromosome_2101972_C_G,isoniazid,5.22304695578585e-05,1.5069967707212055,1.2817500059143132,0.7334712127623098,0.0,0.0,0.0,0.23696682464454977,48.07692307692308,0.8280255127500844,False
ndh,c.1266C>G,Chromosome_2101777_G_C,isoniazid,5.22304695578585e-05,1.4531754574811624,0.8540263343176302,0.8365056872884371,0.0,0.0,0.0,0.1579778830963665,48.07692307692308,0.8720714052853945,False
kasA,p.Ser26Ala,Chromosome_2518190_T_G,isoniazid,5.22304695578585e-05,1.3455328310010763,1.2817500059143132,0.7334712127623098,0.0,0.0,0.0,0.23696682464454977,42.30769230769231,0.8280255127500844,False
kasA,c.348A>C,Chromosome_2518462_A_C,isoniazid,5.22304695578585e-05,1.5608180839612487,1.7099483985671524,0.6347243085388814,0.0,0.0,0.0,0.315955766192733,48.07692307692308,0.8089106052688863,False
ndh,c.1053G>C,Chromosome_2101990_C_G,isoniazid,5.22304695578585e-05,1.3993541442411195,1.2817500059143132,0.7334712127623098,0.0,0.0,0.0,0.23696682464454977,44.230769230769226,0.8280255127500844,False
ahpC,c.156T>C,Chromosome_2726348_T_C,isoniazid,5.22304695578585e-05,1.6146393972012916,2.138622303038596,0.5441388104829956,0.0,0.0,0.0,0.3949447077409162,48.07692307692308,0.7922971278529128,False
rpoC,c.1170C>G,Chromosome_764539_C_G,rifampicin,5.68540495021896e-05,2.099031216361679,6.4516897282621635,0.09158733658511717,0.0,0.0,0.0,1.1848341232227488,46.15384615384615,0.6736789959418252,False
rpoC,c.1879T>C,Chromosome_765248_T_C,rifampicin,5.9847849592249584e-05,1.0764262648008611,,,0.0,0.0,0.0,0.0,38.46153846153847,,False
ndh,c.186T>C,Chromosome_2102857_A_G,isoniazid,5.9847849592249584e-05,1.3455328310010763,2.9973998192782196,0.3920262467513903,0.0,0.0,0.0,0.5529225908372828,34.61538461538461,0.7068002625253008,False
whiB7,c.-490T>C,Chromosome_3569169_A_G,multiple,5.9847849592249584e-05,1.1840688912809472,0.4267765947670372,0.9346571892880828,0.0,0.0,0.0,0.07898894154818326,40.38461538461539,0.9346571892880828,False
ahpC,c.336C>G,Chromosome_2726528_C_G,isoniazid,5.9847849592249584e-05,1.0764262648008611,0.8540263343176302,0.8365056872884371,0.0,0.0,0.0,0.1579778830963665,34.61538461538461,0.8720714052853945,False
ndh,c.231T>C,Chromosome_2102812_A_G,isoniazid,5.9847849592249584e-05,1.1302475780409043,0.8540263343176302,0.8365056872884371,0.0,0.0,0.0,0.1579778830963665,36.53846153846153,0.8720714052853945,False
whiB7,c.-589C>G,Chromosome_3569268_G_C,multiple,5.9847849592249584e-05,1.1302475780409043,0.4267765947670372,0.9346571892880828,0.0,0.0,0.0,0.07898894154818326,38.46153846153847,0.9346571892880828,False
ndh,c.183G>C,Chromosome_2102860_C_G,isoniazid,5.9847849592249584e-05,1.3455328310010763,2.9973998192782196,0.3920262467513903,0.0,0.0,0.0,0.5529225908372828,34.61538461538461,0.7068002625253008,False
kasA,c.600A>C,Chromosome_2518714_A_C,isoniazid,5.9847849592249584e-05,1.6146393972012916,2.9973998192782196,0.3920262467513903,0.0,0.0,0.0,0.5529225908372828,44.230769230769226,0.7068002625253008,False
gyrB,c.87T>C,Chromosome_5326_T_C,fluoroquinolones,5.9847849592249584e-05,1.1840688912809472,8.471681829213903,0.037205883118125865,1.5873015873015872,0.0,0.0,0.1579778830963665,36.53846153846153,0.49580883372632945,False
rpoC,c.3057C>T,Chromosome_766426_C_T,rifampicin,6.865983099516125e-05,1.7222820236813776,4.448975075673952,0.21688700035184366,1.5873015873015872,0.0,0.0,0.47393364928909953,48.07692307692308,0.6736789959418252,False
rpoC,c.2772C>T,Chromosome_766141_C_T,rifampicin,8.087571907317609e-05,1.5608180839612487,1.7099483985671524,0.6347243085388814,0.0,0.0,0.0,0.315955766192733,48.07692307692308,0.8089106052688863,False
rpoC,c.2760C>G,Chromosome_766129_C_G,rifampicin,8.087571907317609e-05,1.6146393972012916,2.138622303038596,0.5441388104829956,0.0,0.0,0.0,0.3949447077409162,48.07692307692308,0.7922971278529128,False
ndh,c.144T>C,Chromosome_2102899_A_G,isoniazid,8.087571907317609e-05,1.5069967707212055,2.567772511848341,0.46316747389290747,0.0,0.0,0.0,0.47393364928909953,42.30769230769231,0.7531078554279901,False
rpoC,c.204G>C,Chromosome_763573_G_C,rifampicin,8.087571907317609e-05,1.6146393972012916,2.512100903534975,0.47310814807906665,1.5873015873015872,0.2777777777777778,0.0,0.631911532385466,38.46153846153847,0.7652118595579627,False
ndh,c.642T>C,Chromosome_2102401_A_G,isoniazid,8.087571907317609e-05,1.776103336921421,3.4275050213770952,0.33028690584034354,0.0,0.0,0.0,0.631911532385466,48.07692307692308,0.6840063286490898,False
rpoC,c.405G>C,Chromosome_763774_G_C,rifampicin,8.087571907317609e-05,1.5069967707212055,3.4275050213770952,0.33028690584034354,0.0,0.0,0.0,0.631911532385466,38.46153846153847,0.6840063286490898,False
rpoC,c.900G>C,Chromosome_764269_G_C,rifampicin,8.087571907317609e-05,1.6146393972012916,2.138622303038596,0.5441388104829956,0.0,0.0,0.0,0.3949447077409162,48.07692307692308,0.7922971278529128,False
ndh,c.726A>G,Chromosome_2102317_T_C,isoniazid,8.087571907317609e-05,1.6146393972012916,2.138622303038596,0.5441388104829956,0.0,0.0,0.0,0.3949447077409162,48.07692307692308,0.7922971278529128,False
rpoC,c.2052C>G,Chromosome_765421_C_G,rifampicin,8.087571907317609e-05,1.6146393972012916,3.4275050213770952,0.33028690584034354,0.0,0.0,0.0,0.631911532385466,42.30769230769231,0.6840063286490898,False
rpoA,c.66G>C,Chromosome_3878442_C_G,rifampicin,8.087571907317609e-05,1.829924650161464,3.858088915965788,0.27720133176383643,0.0,0.0,0.0,0.7109004739336493,48.07692307692308,0.6743032395683798,False
rpoC,p.Met672Leu,Chromosome_765383_A_C,rifampicin,8.087571907317609e-05,1.883745963401507,4.289152302641995,0.23188624493266743,0.0,0.0,0.0,0.7898894154818324,48.07692307692308,0.6736789959418252,False
rpoA,c.546G>T,Chromosome_3877962_C_A,rifampicin,8.087571907317609e-05,1.883745963401507,5.5852274379300235,0.13362901264204158,0.0,0.0,0.0,1.0268562401263823,42.30769230769231,0.6736789959418252,False
rpoC,c.762T>C,Chromosome_764131_T_C,rifampicin,8.087571907317609e-05,1.5608180839612487,2.138622303038596,0.5441388104829956,0.0,0.0,0.0,0.3949447077409162,46.15384615384615,0.7922971278529128,False
kasA,c.120G>A,Chromosome_2518234_G_A,isoniazid,8.087571907317609e-05,1.5608180839612487,2.9973998192782196,0.3920262467513903,0.0,0.0,0.0,0.5529225908372828,42.30769230769231,0.7068002625253008,False
kasA,c.784T>C,Chromosome_2518898_T_C,isoniazid,8.087571907317609e-05,1.5069967707212055,2.9973998192782196,0.3920262467513903,0.0,0.0,0.0,0.5529225908372828,40.38461538461539,0.7068002625253008,False
ndh,c.1017G>C,Chromosome_2102026_C_G,isoniazid,8.57827278376027e-05,1.4531754574811624,1.2817500059143132,0.7334712127623098,0.0,0.0,0.0,0.23696682464454977,46.15384615384615,0.8280255127500844,False
gyrB,c.1311A>G,Chromosome_6550_A_G,fluoroquinolones,8.57827278376027e-05,1.7222820236813776,4.289152302641995,0.23188624493266743,0.0,0.0,0.0,0.7898894154818324,42.30769230769231,0.6736789959418252,False
kasA,p.Tyr394Phe,Chromosome_2519295_A_T,isoniazid,8.57827278376027e-05,1.2917115177610334,0.8540263343176302,0.8365056872884371,0.0,0.0,0.0,0.1579778830963665,42.30769230769231,0.8720714052853945,False
kasA,c.1023T>G,Chromosome_2519137_T_G,isoniazid,8.57827278376027e-05,1.6146393972012916,3.858088915965788,0.27720133176383643,0.0,0.0,0.0,0.7109004739336493,40.38461538461539,0.6743032395683798,False
ndh,p.Ile405Val,Chromosome_2101830_T_C,isoniazid,8.57827278376027e-05,1.4531754574811624,0.8540263343176302,0.8365056872884371,0.0,0.0,0.0,0.1579778830963665,48.07692307692308,0.8720714052853945,False
kasA,c.828T>C,Chromosome_2518942_T_C,isoniazid,8.57827278376027e-05,1.5069967707212055,2.138622303038596,0.5441388104829956,0.0,0.0,0.0,0.3949447077409162,44.230769230769226,0.7922971278529128,False
rpoA,c.441C>G,Chromosome_3878067_G_C,rifampicin,8.57827278376027e-05,1.3455328310010763,1.2817500059143132,0.7334712127623098,0.0,0.0,0.0,0.23696682464454977,42.30769230769231,0.8280255127500844,False
kasA,c.465T>C,Chromosome_2518579_T_C,isoniazid,8.57827278376027e-05,1.3455328310010763,1.7099483985671524,0.6347243085388814,0.0,0.0,0.0,0.315955766192733,40.38461538461539,0.8089106052688863,False
whiB7,c.-547G>C,Chromosome_3569226_C_G,multiple,8.57827278376027e-05,1.2917115177610334,1.7099483985671524,0.6347243085388814,0.0,0.0,0.0,0.315955766192733,38.46153846153847,0.8089106052688863,False
rpoC,c.2934C>T,Chromosome_766303_C_T,rifampicin,8.57827278376027e-05,1.2917115177610334,0.8540263343176302,0.8365056872884371,0.0,0.0,0.0,0.1579778830963665,42.30769230769231,0.8720714052853945,False
kasA,c.1152C>T,Chromosome_2519266_C_T,isoniazid,8.57827278376027e-05,1.4531754574811624,1.2817500059143132,0.7334712127623098,0.0,0.0,0.0,0.23696682464454977,46.15384615384615,0.8280255127500844,False
kasA,c.1173T>C,Chromosome_2519287_T_C,isoniazid,8.57827278376027e-05,1.3455328310010763,1.2817500059143132,0.7334712127623098,0.0,0.0,0.0,0.23696682464454977,42.30769230769231,0.8280255127500844,False
rpoA,c.204G>C,Chromosome_3878304_C_G,rifampicin,8.57827278376027e-05,1.4531754574811624,2.567772511848341,0.46316747389290747,0.0,0.0,0.0,0.47393364928909953,40.38461538461539,0.7531078554279901,False
kasA,p.Phe11Tyr,Chromosome_2518146_T_A,isoniazid,8.57827278376027e-05,1.3455328310010763,0.8540263343176302,0.8365056872884371,0.0,0.0,0.0,0.1579778830963665,44.230769230769226,0.8720714052853945,False
rpoC,p.Ser971Gly,Chromosome_766280_A_G,rifampicin,8.57827278376027e-05,1.5608180839612487,1.7099483985671524,0.6347243085388814,0.0,0.0,0.0,0.315955766192733,48.07692307692308,0.8089106052688863,False
kasA,c.825T>C,Chromosome_2518939_T_C,isoniazid,8.57827278376027e-05,1.5069967707212055,2.138622303038596,0.5441388104829956,0.0,0.0,0.0,0.3949447077409162,44.230769230769226,0.7922971278529128,False
gyrB,c.1506T>C,Chromosome_6745_T_C,fluoroquinolones,8.57827278376027e-05,1.9375672766415502,4.7206959827852515,0.1934294327640628,0.0,0.0,0.0,0.8688783570300158,48.07692307692308,0.6736789959418252,False
ahpC,p.Glu42Asp,Chromosome_2726318_A_C,isoniazid,8.57827278376027e-05,1.5608180839612487,1.7099483985671524,0.6347243085388814,0.0,0.0,0.0,0.315955766192733,48.07692307692308,0.8089106052688863,False
ndh,c.1020G>C,Chromosome_2102023_C_G,isoniazid,8.57827278376027e-05,1.3993541442411195,1.2817500059143132,0.7334712127623098,0.0,0.0,0.0,0.23696682464454977,44.230769230769226,0.8280255127500844,False
gyrB,c.610C>T,Chromosome_5849_C_T,fluoroquinolones,9.983995022033956e-05,1.1302475780409043,0.4267765947670372,0.9346571892880828,0.0,0.0,0.0,0.07898894154818326,38.46153846153847,0.9346571892880828,False
gyrB,c.1302C>T,Chromosome_6541_C_T,fluoroquinolones,9.983995022033956e-05,1.1840688912809472,1.2817500059143132,0.7334712127623098,0.0,0.0,0.0,0.23696682464454977,36.53846153846153,0.8280255127500844,False
rpoA,c.-469A>G,Chromosome_3878976_T_C,rifampicin,9.983995022033956e-05,1.829924650161464,3.858088915965788,0.27720133176383643,0.0,0.0,0.0,0.7109004739336493,48.07692307692308,0.6743032395683798,False
mmpL5,c.2428T>C,Chromosome_776053_A_G,bedaquiline/clofazimine,9.983995022033956e-05,1.2917115177610334,2.9973998192782196,0.3920262467513903,0.0,0.0,0.0,0.5529225908372828,32.69230769230769,0.7068002625253008,False
kasA,c.865A>C,Chromosome_2518979_A_C,isoniazid,9.983995022033956e-05,1.0764262648008611,,,0.0,0.0,0.0,0.0,38.46153846153847,,False
gyrB,c.543A>G,Chromosome_5782_A_G,fluoroquinolones,9.983995022033956e-05,1.0764262648008611,,,0.0,0.0,0.0,0.0,38.46153846153847,,False
gid,p.Val184Ala,Chromosome_4407652_A_G,streptomycin,9.983995022033956e-05,1.1302475780409043,0.4267765947670372,0.9346571892880828,0.0,0.0,0.0,0.07898894154818326,38.46153846153847,0.9346571892880828,False
ndh,c.1311T>C,Chromosome_2101732_A_G,isoniazid,9.983995022033956e-05,1.3993541442411195,0.8540263343176302,0.8365056872884371,0.0,0.0,0.0,0.1579778830963665,46.15384615384615,0.8720714052853945,False
gyrB,c.549G>C,Chromosome_5788_G_C,fluoroquinolones,9.983995022033956e-05,1.1840688912809472,0.4267765947670372,0.9346571892880828,0.0,0.0,0.0,0.07898894154818326,40.38461538461539,0.9346571892880828,False
gyrB,c.1041T>C,Chromosome_6280_T_C,fluoroquinolones,0.0001303531374671,1.6146393972012916,2.9973998192782196,0.3920262467513903,0.0,0.0,0.0,0.5529225908372828,44.230769230769226,0.7068002625253008,False
rpoC,p.Gln892Glu,Chromosome_766043_C_G,rifampicin,0.0001303531374671,1.6146393972012916,2.9973998192782196,0.3920262467513903,0.0,0.0,0.0,0.5529225908372828,44.230769230769226,0.7068002625253008,False
gyrB,c.1080G>C,Chromosome_6319_G_C,fluoroquinolones,0.0001303531374671,1.6684607104413347,13.884828334395127,0.0030661873094490824,0.0,0.0,2.564102564102564,0.3949447077409162,44.230769230769226,0.04475173382600684,True
kasA,c.765A>G,Chromosome_2518879_A_G,isoniazid,0.0001303531374671,1.7222820236813776,4.289152302641995,0.23188624493266743,0.0,0.0,0.0,0.7898894154818324,42.30769230769231,0.6736789959418252,False
rpoC,c.3222A>G,Chromosome_766591_A_G,rifampicin,0.0001303531374671,1.4531754574811624,1.7099483985671524,0.6347243085388814,0.0,0.0,0.0,0.315955766192733,44.230769230769226,0.8089106052688863,False
gyrB,c.783G>C,Chromosome_6022_G_C,fluoroquinolones,0.0001303531374671,1.5608180839612487,2.9973998192782196,0.3920262467513903,0.0,0.0,0.0,0.5529225908372828,42.30769230769231,0.7068002625253008,False
rpoA,c.123C>G,Chromosome_3878385_G_C,rifampicin,0.0001303531374671,1.5069967707212055,2.567772511848341,0.46316747389290747,0.0,0.0,0.0,0.47393364928909953,42.30769230769231,0.7531078554279901,False
rpoC,c.3693C>A,Chromosome_767062_C_A,rifampicin,0.0001303531374671,1.5608180839612487,5.31297146661544,0.15026290335526116,1.5873015873015872,0.0,0.0,0.315955766192733,46.15384615384615,0.6736789959418252,False
rpoC,c.-165G>C,Chromosome_763205_G_C,rifampicin,0.0001303531374671,1.5069967707212055,3.4275050213770952,0.33028690584034354,0.0,0.0,0.0,0.631911532385466,38.46153846153847,0.6840063286490898,False
rpoC,c.3021C>T,Chromosome_766390_C_T,rifampicin,0.0001303531374671,1.5069967707212055,4.80509764864803,0.18663795877810324,1.5873015873015872,0.0,0.0,0.8688783570300158,30.76923076923077,0.6736789959418252,False
rpoC,c.447C>G,Chromosome_763816_C_G,rifampicin,0.0001303531374671,1.5069967707212055,3.4275050213770952,0.33028690584034354,0.0,0.0,0.0,0.631911532385466,38.46153846153847,0.6840063286490898,False
rpoC,c.186C>T,Chromosome_763555_C_T,rifampicin,0.0001437880231194,1.1302475780409043,42.051595089001616,3.912241286304635e-09,0.0,4.166666666666666,0.0,0.315955766192733,3.8461538461538463,7.736141640337874e-08,True
kasA,c.1158C>G,Chromosome_2519272_C_G,isoniazid,0.0001471160102576,1.5069967707212055,1.2817500059143132,0.7334712127623098,0.0,0.0,0.0,0.23696682464454977,48.07692307692308,0.8280255127500844,False
kasA,c.1122G>A,Chromosome_2519236_G_A,isoniazid,0.0001471160102576,1.2917115177610334,1.7099483985671524,0.6347243085388814,0.0,0.0,0.0,0.315955766192733,38.46153846153847,0.8089106052688863,False
kasA,c.1167G>T,Chromosome_2519281_G_T,isoniazid,0.0001471160102576,1.5069967707212055,1.2817500059143132,0.7334712127623098,0.0,0.0,0.0,0.23696682464454977,48.07692307692308,0.8280255127500844,False
gyrB,p.Ala295Gly,Chromosome_6123_C_G,fluoroquinolones,0.0001471160102576,1.3993541442411195,1.7099483985671524,0.6347243085388814,0.0,0.0,0.0,0.315955766192733,42.30769230769231,0.8089106052688863,False
ndh,c.1123A>C,Chromosome_2101920_T_G,isoniazid,0.0001471160102576,1.5069967707212055,1.2817500059143132,0.7334712127623098,0.0,0.0,0.0,0.23696682464454977,48.07692307692308,0.8280255127500844,False
ndh,c.534T>C,Chromosome_2102509_A_G,isoniazid,0.0001471160102576,1.6146393972012916,2.138622303038596,0.5441388104829956,0.0,0.0,0.0,0.3949447077409162,48.07692307692308,0.7922971278529128,False
kasA,c.618C>G,Chromosome_2518732_C_G,isoniazid,0.0001471160102576,1.2917115177610334,2.567772511848341,0.46316747389290747,0.0,0.0,0.0,0.47393364928909953,34.61538461538461,0.7531078554279901,False
rpoA,c.-299C>G,Chromosome_3878806_G_C,rifampicin,0.0001471160102576,1.3993541442411195,1.7099483985671524,0.6347243085388814,0.0,0.0,0.0,0.315955766192733,42.30769230769231,0.8089106052688863,False
rpoC,c.1710T>G,Chromosome_765079_T_G,rifampicin,0.000174337877306,1.991388589881593,5.152720759561889,0.1609497217705886,0.0,0.0,0.0,0.9478672985781991,48.07692307692308,0.6736789959418252,False
kasA,p.Gln3Lys,Chromosome_2518121_C_A,isoniazid,0.000174337877306,1.1302475780409043,,,0.0,0.0,0.0,0.0,40.38461538461539,,False
ndh,c.198A>C,Chromosome_2102845_T_G,isoniazid,0.000174337877306,1.2378902045209903,1.7099483985671524,0.6347243085388814,0.0,0.0,0.0,0.315955766192733,36.53846153846153,0.8089106052688863,False
rpoC,c.1036A>C,Chromosome_764405_A_C,rifampicin,0.000174337877306,2.2604951560818085,4.822511061386665,0.1852647562763466,0.0,0.2777777777777778,0.0,1.263823064770932,48.07692307692308,0.6736789959418252,False
ndh,p.Asn88Asp,Chromosome_2102781_T_C,isoniazid,0.000174337877306,1.0764262648008611,1.2817500059143132,0.7334712127623098,0.0,0.0,0.0,0.23696682464454977,32.69230769230769,0.8280255127500844,False
mmpL5,c.1287A>G,Chromosome_777194_T_C,bedaquiline/clofazimine,0.000174337877306,1.2378902045209903,1.2817500059143132,0.7334712127623098,0.0,0.0,0.0,0.23696682464454977,38.46153846153847,0.8280255127500844,False
mmpL5,p.Lys152Asn,Chromosome_778025_T_G,bedaquiline/clofazimine,0.000174337877306,1.3993541442411195,2.138622303038596,0.5441388104829956,0.0,0.0,0.0,0.3949447077409162,40.38461538461539,0.7922971278529128,False
gyrB,c.393A>G,Chromosome_5632_A_G,fluoroquinolones,0.000174337877306,1.2917115177610334,1.7099483985671524,0.6347243085388814,0.0,0.0,0.0,0.315955766192733,38.46153846153847,0.8089106052688863,False
rpoC,c.327T>C,Chromosome_763696_T_C,rifampicin,0.0002159578378151,1.776103336921421,4.351155149167634,0.22595739796740885,1.5873015873015872,0.0,0.0,0.631911532385466,46.15384615384615,0.6736789959418252,False
rpoA,c.-725A>G,Chromosome_3879232_T_C,rifampicin,0.0002167561580222,1.3993541442411195,1.7099483985671524,0.6347243085388814,0.0,0.0,0.0,0.315955766192733,42.30769230769231,0.8089106052688863,False
rpoC,c.1167G>C,Chromosome_764536_G_C,rifampicin,0.0002167561580222,1.991388589881593,5.152720759561889,0.1609497217705886,0.0,0.0,0.0,0.9478672985781991,48.07692307692308,0.6736789959418252,False
rpoC,c.-612G>C,Chromosome_762758_G_C,rifampicin,0.0002167561580222,1.5608180839612487,1.7099483985671524,0.6347243085388814,0.0,0.0,0.0,0.315955766192733,48.07692307692308,0.8089106052688863,False
rpoC,c.3228C>G,Chromosome_766597_C_G,rifampicin,0.0002167561580222,1.4531754574811624,1.7099483985671524,0.6347243085388814,0.0,0.0,0.0,0.315955766192733,44.230769230769226,0.8089106052688863,False
rpoA,c.321C>G,Chromosome_3878187_G_C,rifampicin,0.0002167561580222,1.4531754574811624,2.138622303038596,0.5441388104829956,0.0,0.0,0.0,0.3949447077409162,42.30769230769231,0.7922971278529128,False
rpoC,c.837T>C,Chromosome_764206_T_C,rifampicin,0.0002167561580222,1.883745963401507,4.289152302641995,0.23188624493266743,0.0,0.0,0.0,0.7898894154818324,48.07692307692308,0.6736789959418252,False
rpoC,c.2160C>T,Chromosome_765529_C_T,rifampicin,0.0002167561580222,1.4531754574811624,2.9973998192782196,0.3920262467513903,0.0,0.0,0.0,0.5529225908372828,38.46153846153847,0.7068002625253008,False
rpoC,p.Ser654Asn,Chromosome_765330_G_A,rifampicin,0.0002167561580222,1.4531754574811624,2.9973998192782196,0.3920262467513903,0.0,0.0,0.0,0.5529225908372828,38.46153846153847,0.7068002625253008,False
rpoA,c.72A>G,Chromosome_3878436_T_C,rifampicin,0.0002167561580222,1.5069967707212055,3.4275050213770952,0.33028690584034354,0.0,0.0,0.0,0.631911532385466,38.46153846153847,0.6840063286490898,False
ndh,c.510A>G,Chromosome_2102533_T_C,isoniazid,0.0002469129633452,1.3993541442411195,0.8540263343176302,0.8365056872884371,0.0,0.0,0.0,0.1579778830963665,46.15384615384615,0.8720714052853945,False
kasA,c.1044C>T,Chromosome_2519158_C_T,isoniazid,0.0002469129633452,1.2378902045209903,2.567772511848341,0.46316747389290747,0.0,0.0,0.0,0.47393364928909953,32.69230769230769,0.7531078554279901,False
rpoA,c.-506A>G,Chromosome_3879013_T_C,rifampicin,0.0002469129633452,1.2917115177610334,1.7099483985671524,0.6347243085388814,0.0,0.0,0.0,0.315955766192733,38.46153846153847,0.8089106052688863,False
ahpC,c.201G>C,Chromosome_2726393_G_C,isoniazid,0.0002469129633452,1.3993541442411195,1.2817500059143132,0.7334712127623098,0.0,0.0,0.0,0.23696682464454977,44.230769230769226,0.8280255127500844,False
rpoC,c.2889T>C,Chromosome_766258_T_C,rifampicin,0.0002469129633452,1.1302475780409043,0.8540263343176302,0.8365056872884371,0.0,0.0,0.0,0.1579778830963665,36.53846153846153,0.8720714052853945,False
kasA,c.369C>G,Chromosome_2518483_C_G,isoniazid,0.0002469129633452,1.1840688912809472,0.8540263343176302,0.8365056872884371,0.0,0.0,0.0,0.1579778830963665,38.46153846153847,0.8720714052853945,False
ndh,c.546T>C,Chromosome_2102497_A_G,isoniazid,0.0002469129633452,1.3455328310010763,0.8540263343176302,0.8365056872884371,0.0,0.0,0.0,0.1579778830963665,44.230769230769226,0.8720714052853945,False
ndh,p.Asp37Asn,Chromosome_2102934_C_T,isoniazid,0.0002469129633452,1.1840688912809472,0.8540263343176302,0.8365056872884371,0.0,0.0,0.0,0.1579778830963665,38.46153846153847,0.8720714052853945,False
rpoC,c.2259G>C,Chromosome_765628_G_C,rifampicin,0.0002469129633452,1.1302475780409043,1.2817500059143132,0.7334712127623098,0.0,0.0,0.0,0.23696682464454977,34.61538461538461,0.8280255127500844,False
ndh,c.1077T>G,Chromosome_2101966_A_C,isoniazid,0.0002469129633452,1.2917115177610334,1.2817500059143132,0.7334712127623098,0.0,0.0,0.0,0.23696682464454977,40.38461538461539,0.8280255127500844,False
whiB7,c.-556C>G,Chromosome_3569235_G_C,multiple,0.0002469129633452,1.3993541442411195,1.2817500059143132,0.7334712127623098,0.0,0.0,0.0,0.23696682464454977,44.230769230769226,0.8280255127500844,False
rpoA,c.1026C>G,Chromosome_3877482_G_C,rifampicin,0.0002469129633452,1.3455328310010763,0.4267765947670372,0.9346571892880828,0.0,0.0,0.0,0.07898894154818326,46.15384615384615,0.9346571892880828,False
gyrB,c.108G>C,Chromosome_5347_G_C,fluoroquinolones,0.0002469129633452,1.2917115177610334,1.7099483985671524,0.6347243085388814,0.0,0.0,0.0,0.315955766192733,38.46153846153847,0.8089106052688863,False
kasA,c.354A>C,Chromosome_2518468_A_C,isoniazid,0.0002469129633452,1.5608180839612487,1.7099483985671524,0.6347243085388814,0.0,0.0,0.0,0.315955766192733,48.07692307692308,0.8089106052688863,False
gyrB,c.1854T>C,Chromosome_7093_T_C,fluoroquinolones,0.0002469129633452,1.883745963401507,4.289152302641995,0.23188624493266743,0.0,0.0,0.0,0.7898894154818324,48.07692307692308,0.6736789959418252,False
ndh,c.810G>A,Chromosome_2102233_C_T,isoniazid,0.0002469129633452,1.3455328310010763,2.138622303038596,0.5441388104829956,0.0,0.0,0.0,0.3949447077409162,38.46153846153847,0.7922971278529128,False
rpoC,c.1281G>T,Chromosome_764650_G_T,rifampicin,0.0002469129633452,1.991388589881593,5.5977302697443685,0.13290872158277944,1.5873015873015872,0.0,0.0,1.1058451816745656,42.30769230769231,0.6736789959418252,False
rpoC,c.2943T>G,Chromosome_766312_T_G,rifampicin,0.0002469129633452,1.7222820236813776,4.448975075673952,0.21688700035184366,1.5873015873015872,0.0,0.0,0.47393364928909953,48.07692307692308,0.6736789959418252,False
ahpC,c.198G>C,Chromosome_2726390_G_C,isoniazid,0.0002469129633452,1.5069967707212055,2.9973998192782196,0.3920262467513903,0.0,0.0,0.0,0.5529225908372828,40.38461538461539,0.7068002625253008,False
ahpC,p.Asp41Glu,Chromosome_2726315_C_G,isoniazid,0.0002469129633452,1.2917115177610334,0.8540263343176302,0.8365056872884371,0.0,0.0,0.0,0.1579778830963665,42.30769230769231,0.8720714052853945,False
ndh,p.Leu239Met,Chromosome_2102328_G_T,isoniazid,0.0002469129633452,1.3993541442411195,1.7099483985671524,0.6347243085388814,0.0,0.0,0.0,0.315955766192733,42.30769230769231,0.8089106052688863,False
ahpC,c.525A>G,Chromosome_2726717_A_G,isoniazid,0.0002469129633452,1.829924650161464,3.858088915965788,0.27720133176383643,0.0,0.0,0.0,0.7109004739336493,48.07692307692308,0.6743032395683798,False
ahpC,c.495C>G,Chromosome_2726687_C_G,isoniazid,0.0002469129633452,1.2378902045209903,1.2817500059143132,0.7334712127623098,0.0,0.0,0.0,0.23696682464454977,38.46153846153847,0.8280255127500844,False
rpoA,p.Asp12Glu,Chromosome_3878472_G_T,rifampicin,0.0002820470260976,1.6146393972012916,2.9973998192782196,0.3920262467513903,0.0,0.0,0.0,0.5529225908372828,44.230769230769226,0.7068002625253008,False
rpoC,c.-819C>G,Chromosome_762551_C_T,rifampicin,0.0002988088815918,1.9375672766415502,4.7206959827852515,0.1934294327640628,0.0,0.0,0.0,0.8688783570300158,48.07692307692308,0.6736789959418252,False
ndh,c.706T>C,Chromosome_2102337_A_G,isoniazid,0.0002988088815918,1.3455328310010763,0.8540263343176302,0.8365056872884371,0.0,0.0,0.0,0.1579778830963665,44.230769230769226,0.8720714052853945,False
rpoA,c.1005G>C,Chromosome_3877503_C_G,rifampicin,0.0002988088815918,1.5069967707212055,1.2817500059143132,0.7334712127623098,0.0,0.0,0.0,0.23696682464454977,48.07692307692308,0.8280255127500844,False
ndh,c.471A>G,Chromosome_2102572_T_C,isoniazid,0.0002988088815918,1.4531754574811624,1.2817500059143132,0.7334712127623098,0.0,0.0,0.0,0.23696682464454977,46.15384615384615,0.8280255127500844,False
rpoC,c.1185C>T,Chromosome_764554_C_T,rifampicin,0.0003500723076527,1.3455328310010763,2.138622303038596,0.5441388104829956,0.0,0.0,0.0,0.3949447077409162,38.46153846153847,0.7922971278529128,False
rpoC,c.1224C>T,Chromosome_764593_C_T,rifampicin,0.0003500723076527,1.3455328310010763,2.138622303038596,0.5441388104829956,0.0,0.0,0.0,0.3949447077409162,38.46153846153847,0.7922971278529128,False
ahpC,c.144G>C,Chromosome_2726336_G_C,isoniazid,0.0003500723076527,1.4531754574811624,1.2817500059143132,0.7334712127623098,0.0,0.0,0.0,0.23696682464454977,46.15384615384615,0.8280255127500844,False
rpoC,c.3078T>C,Chromosome_766447_T_C,rifampicin,0.0003500723076527,1.3455328310010763,1.2817500059143132,0.7334712127623098,0.0,0.0,0.0,0.23696682464454977,42.30769230769231,0.8280255127500844,False
kasA,c.106C>T,Chromosome_2518220_C_T,isoniazid,0.0003500723076527,1.3455328310010763,1.2817500059143132,0.7334712127623098,0.0,0.0,0.0,0.23696682464454977,42.30769230769231,0.8280255127500844,False
kasA,c.-122G>T,Chromosome_2517993_G_T,isoniazid,0.0003500723076527,1.5608180839612487,3.858088915965788,0.27720133176383643,0.0,0.0,0.0,0.7109004739336493,38.46153846153847,0.6743032395683798,False
rpoC,c.2172C>G,Chromosome_765541_C_G,rifampicin,0.0003500723076527,1.5069967707212055,1.2817500059143132,0.7334712127623098,0.0,0.0,0.0,0.23696682464454977,48.07692307692308,0.8280255127500844,False
rpoC,c.2658G>C,Chromosome_766027_G_C,rifampicin,0.0003500723076527,1.6684607104413347,4.7206959827852515,0.1934294327640628,0.0,0.0,0.0,0.8688783570300158,38.46153846153847,0.6736789959418252,False
rpoC,c.1563C>A,Chromosome_764932_C_A,rifampicin,0.0003500723076527,1.6146393972012916,2.9973998192782196,0.3920262467513903,0.0,0.0,0.0,0.5529225908372828,44.230769230769226,0.7068002625253008,False
gyrB,c.1995C>T,Chromosome_7234_C_T,fluoroquinolones,0.0003500723076527,1.5608180839612487,3.4275050213770952,0.33028690584034354,0.0,0.0,0.0,0.631911532385466,40.38461538461539,0.6840063286490898,False
ndh,p.Val176Ile,Chromosome_2102517_C_T,isoniazid,0.0004094220915277,1.2917115177610334,0.8540263343176302,0.8365056872884371,0.0,0.0,0.0,0.1579778830963665,42.30769230769231,0.8720714052853945,False
gyrB,c.105C>G,Chromosome_5344_C_G,fluoroquinolones,0.0004094220915277,1.1840688912809472,1.7099483985671524,0.6347243085388814,0.0,0.0,0.0,0.315955766192733,34.61538461538461,0.8089106052688863,False
kasA,c.510C>G,Chromosome_2518624_C_G,isoniazid,0.0004094220915277,1.1840688912809472,2.567772511848341,0.46316747389290747,0.0,0.0,0.0,0.47393364928909953,30.76923076923077,0.7531078554279901,False
ahpC,p.Val134Ala,Chromosome_2726593_T_C,isoniazid,0.0004094220915277,1.4531754574811624,3.4275050213770952,0.33028690584034354,0.0,0.0,0.0,0.631911532385466,36.53846153846153,0.6840063286490898,False
ndh,p.Thr412Ser,Chromosome_2101808_G_C,isoniazid,0.0004094220915277,1.3455328310010763,0.8540263343176302,0.8365056872884371,0.0,0.0,0.0,0.1579778830963665,44.230769230769226,0.8720714052853945,False
ahpC,c.195C>T,Chromosome_2726387_C_T,isoniazid,0.0004094220915277,1.1840688912809472,0.8540263343176302,0.8365056872884371,0.0,0.0,0.0,0.1579778830963665,38.46153846153847,0.8720714052853945,False
rpoC,c.-819C>T,Chromosome_762551_C_T,rifampicin,0.0004094220915277,1.9375672766415502,4.7206959827852515,0.1934294327640628,0.0,0.0,0.0,0.8688783570300158,48.07692307692308,0.6736789959418252,False
kasA,c.822C>G,Chromosome_2518936_C_G,isoniazid,0.0004094220915277,1.2378902045209903,1.2817500059143132,0.7334712127623098,0.0,0.0,0.0,0.23696682464454977,38.46153846153847,0.8280255127500844,False
rpoA,c.18C>A,Chromosome_3878490_G_T,rifampicin,0.0004534940144314,1.829924650161464,3.858088915965788,0.27720133176383643,0.0,0.0,0.0,0.7109004739336493,48.07692307692308,0.6743032395683798,False
rpoC,c.1011G>C,Chromosome_764380_G_C,rifampicin,0.0004534940144314,1.6684607104413347,2.8210814836536042,0.42004127722923335,0.0,0.2777777777777778,0.0,0.8688783570300158,36.53846153846153,0.7528810027529826,False
ndh,c.1320G>C,Chromosome_2101723_C_G,isoniazid,0.0005148797509305,1.1840688912809472,0.4267765947670372,0.9346571892880828,0.0,0.0,0.0,0.07898894154818326,40.38461538461539,0.9346571892880828,False
rpoC,c.1281G>C,Chromosome_764650_G_T,rifampicin,0.0005148797509305,1.991388589881593,5.5977302697443685,0.13290872158277944,1.5873015873015872,0.0,0.0,1.1058451816745656,42.30769230769231,0.6736789959418252,False
kasA,c.1146T>G,Chromosome_2519260_T_G,isoniazid,0.0005148797509305,1.3993541442411195,1.2817500059143132,0.7334712127623098,0.0,0.0,0.0,0.23696682464454977,44.230769230769226,0.8280255127500844,False
ndh,p.Gln109Glu,Chromosome_2102718_G_C,isoniazid,0.0005148797509305,1.5069967707212055,1.2817500059143132,0.7334712127623098,0.0,0.0,0.0,0.23696682464454977,48.07692307692308,0.8280255127500844,False
ndh,c.666A>G,Chromosome_2102377_T_C,isoniazid,0.0005148797509305,1.4531754574811624,1.7099483985671524,0.6347243085388814,0.0,0.0,0.0,0.315955766192733,44.230769230769226,0.8089106052688863,False
rpoC,c.-975G>C,Chromosome_762395_G_C,rifampicin,0.0005726483917846,1.3455328310010763,2.9973998192782196,0.3920262467513903,0.0,0.0,0.0,0.5529225908372828,34.61538461538461,0.7068002625253008,False
kasA,c.771T>C,Chromosome_2518885_T_C,isoniazid,0.0005726483917846,1.3993541442411195,1.2817500059143132,0.7334712127623098,0.0,0.0,0.0,0.23696682464454977,44.230769230769226,0.8280255127500844,False
gyrB,c.1029C>G,Chromosome_6268_C_G,fluoroquinolones,0.0005726483917846,1.3455328310010763,2.138622303038596,0.5441388104829956,0.0,0.0,0.0,0.3949447077409162,38.46153846153847,0.7922971278529128,False
rpoA,c.-671T>C,Chromosome_3879178_A_G,rifampicin,0.0005726483917846,1.4531754574811624,3.4275050213770952,0.33028690584034354,0.0,0.0,0.0,0.631911532385466,36.53846153846153,0.6840063286490898,False
rpoC,c.267T>C,Chromosome_763636_T_C,rifampicin,0.0005726483917846,1.6146393972012916,3.4275050213770952,0.33028690584034354,0.0,0.0,0.0,0.631911532385466,42.30769230769231,0.6840063286490898,False
ahpC,c.111T>C,Chromosome_2726303_T_C,isoniazid,0.0005726483917846,1.5608180839612487,1.7099483985671524,0.6347243085388814,0.0,0.0,0.0,0.315955766192733,48.07692307692308,0.8089106052688863,False
rpoC,c.888G>C,Chromosome_764257_G_C,rifampicin,0.0005726483917846,1.3455328310010763,2.9973998192782196,0.3920262467513903,0.0,0.0,0.0,0.5529225908372828,34.61538461538461,0.7068002625253008,False
rpoA,c.432C>T,Chromosome_3878076_G_A,rifampicin,0.0005726483917846,1.2917115177610334,1.2817500059143132,0.7334712127623098,0.0,0.0,0.0,0.23696682464454977,40.38461538461539,0.8280255127500844,False
rpoC,c.2370G>T,Chromosome_765739_G_T,rifampicin,0.0005726483917846,1.2917115177610334,1.7099483985671524,0.6347243085388814,0.0,0.0,0.0,0.315955766192733,38.46153846153847,0.8089106052688863,False
rpoA,c.414C>G,Chromosome_3878094_G_C,rifampicin,0.0005726483917846,1.3455328310010763,1.7099483985671524,0.6347243085388814,0.0,0.0,0.0,0.315955766192733,40.38461538461539,0.8089106052688863,False
rpoC,c.1050C>G,Chromosome_764419_C_G,rifampicin,0.0006833657669726,1.1302475780409043,0.8540263343176302,0.8365056872884371,0.0,0.0,0.0,0.1579778830963665,36.53846153846153,0.8720714052853945,False
rpoA,c.30C>G,Chromosome_3878478_G_C,rifampicin,0.0007258858584464,1.4531754574811624,1.7099483985671524,0.6347243085388814,0.0,0.0,0.0,0.315955766192733,44.230769230769226,0.8089106052688863,False
rpoA,p.Gly334Ala,Chromosome_3877507_C_G,rifampicin,0.0009090803222923,1.1840688912809472,0.8540263343176302,0.8365056872884371,0.0,0.0,0.0,0.1579778830963665,38.46153846153847,0.8720714052853945,False
mmpR5,c.-971C>G,Chromosome_778019_C_G,bedaquiline/clofazimine,0.0009090803222923,1.2378902045209903,1.7099483985671524,0.6347243085388814,0.0,0.0,0.0,0.315955766192733,36.53846153846153,0.8089106052688863,False
gyrB,c.1506T>G,Chromosome_6745_T_C,fluoroquinolones,0.0009090803222923,1.9375672766415502,4.7206959827852515,0.1934294327640628,0.0,0.0,0.0,0.8688783570300158,48.07692307692308,0.6736789959418252,False
rpoC,c.3039C>G,Chromosome_766408_C_T,rifampicin,0.0009090803222923,1.9375672766415502,4.602642459126374,0.20331551531926817,1.5873015873015872,0.0,0.0,0.7898894154818324,48.07692307692308,0.6736789959418252,False
gyrB,p.Lys526Gln,Chromosome_6815_A_C,fluoroquinolones,0.0009090803222923,1.2378902045209903,9.936977191112481,0.019109519488682673,0.0,0.0,0.0,1.8167456556082147,0.0,0.2724217545712204,False
ndh,c.420C>G,Chromosome_2102623_G_C,isoniazid,0.00094651838195,1.2917115177610334,1.7099483985671524,0.6347243085388814,0.0,0.0,0.0,0.315955766192733,38.46153846153847,0.8089106052688863,False
rpoA,c.132G>C,Chromosome_3878376_C_G,rifampicin,0.00094651838195,1.3993541442411195,1.2817500059143132,0.7334712127623098,0.0,0.0,0.0,0.23696682464454977,44.230769230769226,0.8280255127500844,False
rpoC,c.2211G>C,Chromosome_765580_G_C,rifampicin,0.00094651838195,1.2378902045209903,1.2817500059143132,0.7334712127623098,0.0,0.0,0.0,0.23696682464454977,38.46153846153847,0.8280255127500844,False
ndh,c.150G>C,Chromosome_2102893_C_G,isoniazid,0.00094651838195,1.2378902045209903,1.2817500059143132,0.7334712127623098,0.0,0.0,0.0,0.23696682464454977,38.46153846153847,0.8280255127500844,False
gid,c.600G>A,Chromosome_4407603_C_T,streptomycin,0.00094651838195,1.2378902045209903,1.2817500059143132,0.7334712127623098,0.0,0.0,0.0,0.23696682464454977,38.46153846153847,0.8280255127500844,False
rpoA,c.-209C>G,Chromosome_3878716_G_C,rifampicin,0.00094651838195,1.3455328310010763,2.138622303038596,0.5441388104829956,0.0,0.0,0.0,0.3949447077409162,38.46153846153847,0.7922971278529128,False
rpoC,c.72C>T,Chromosome_763441_C_T,rifampicin,0.00094651838195,1.2378902045209903,1.2817500059143132,0.7334712127623098,0.0,0.0,0.0,0.23696682464454977,38.46153846153847,0.8280255127500844,False
rpoA,p.Met123Leu,Chromosome_3878141_T_G,rifampicin,0.00094651838195,1.2378902045209903,1.2817500059143132,0.7334712127623098,0.0,0.0,0.0,0.23696682464454977,38.46153846153847,0.8280255127500844,False
rpoA,c.-230G>C,Chromosome_3878737_C_G,rifampicin,0.00094651838195,1.2378902045209903,1.2817500059143132,0.7334712127623098,0.0,0.0,0.0,0.23696682464454977,38.46153846153847,0.8280255127500844,False
kasA,p.Ala320Thr,Chromosome_2519072_G_A,isoniazid,0.00094651838195,1.5069967707212055,2.567772511848341,0.46316747389290747,0.0,0.0,0.0,0.47393364928909953,42.30769230769231,0.7531078554279901,False
rpoC,c.2727G>C,Chromosome_766096_G_C,rifampicin,0.00094651838195,1.2917115177610334,1.2817500059143132,0.7334712127623098,0.0,0.0,0.0,0.23696682464454977,40.38461538461539,0.8280255127500844,False
gid,c.594G>C,Chromosome_4407609_C_G,streptomycin,0.00094651838195,1.2378902045209903,1.2817500059143132,0.7334712127623098,0.0,0.0,0.0,0.23696682464454977,38.46153846153847,0.8280255127500844,False
mmpL5,p.Thr794Ile,Chromosome_776100_G_A,bedaquiline/clofazimine,0.0010178825779176,31.86221743810549,1709.231421675236,0.0,100.0,99.72222222222223,100.0,1.579778830963665,63.46153846153846,0.0,True
kasA,c.60A>G,Chromosome_2518174_A_G,isoniazid,0.0011345166630903,1.3455328310010763,1.2817500059143132,0.7334712127623098,0.0,0.0,0.0,0.23696682464454977,42.30769230769231,0.8280255127500844,False
ndh,c.525T>G,Chromosome_2102518_A_C,isoniazid,0.0011345166630903,1.4531754574811624,1.2817500059143132,0.7334712127623098,0.0,0.0,0.0,0.23696682464454977,46.15384615384615,0.8280255127500844,False
gyrB,c.132T>C,Chromosome_5371_T_C,fluoroquinolones,0.0016208847428265,1.3455328310010763,2.138622303038596,0.5441388104829956,0.0,0.0,0.0,0.3949447077409162,38.46153846153847,0.7922971278529128,False
rpoC,p.Val644Ala,Chromosome_765300_T_C,rifampicin,0.0016208847428265,1.883745963401507,4.7206959827852515,0.1934294327640628,0.0,0.0,0.0,0.8688783570300158,46.15384615384615,0.6736789959418252,False
rpoC,c.2988C>T,Chromosome_766357_C_T,rifampicin,0.0016208847428265,1.2917115177610334,6.390536318256177,0.09408089854109654,1.5873015873015872,0.0,0.0,0.23696682464454977,38.46153846153847,0.6736789959418252,False
rpoA,p.Glu319Gln,Chromosome_3877553_C_T,rifampicin,0.0016208847428265,2.852529601722282,13.895499500419435,0.0030509023146483138,0.0,0.0,0.0,2.527646129541864,40.38461538461539,0.04475173382600684,True
rpoC,c.2685C>G,Chromosome_766054_C_G,rifampicin,0.0016208847428265,1.1840688912809472,0.8540263343176302,0.8365056872884371,0.0,0.0,0.0,0.1579778830963665,38.46153846153847,0.8720714052853945,False
rpoC,c.2568T>C,Chromosome_765937_T_C,rifampicin,0.0016208847428265,1.1840688912809472,2.567772511848341,0.46316747389290747,0.0,0.0,0.0,0.47393364928909953,30.76923076923077,0.7531078554279901,False
rpoC,c.2256C>G,Chromosome_765625_C_G,rifampicin,0.0016208847428265,1.3455328310010763,1.7099483985671524,0.6347243085388814,0.0,0.0,0.0,0.315955766192733,40.38461538461539,0.8089106052688863,False
rpoC,c.1929G>C,Chromosome_765298_G_C,rifampicin,0.0016208847428265,1.3455328310010763,0.8540263343176302,0.8365056872884371,0.0,0.0,0.0,0.1579778830963665,44.230769230769226,0.8720714052853945,False
mmpL5,c.2763C>G,Chromosome_775718_G_C,bedaquiline/clofazimine,0.0016208847428265,1.4531754574811624,2.138622303038596,0.5441388104829956,0.0,0.0,0.0,0.3949447077409162,42.30769230769231,0.7922971278529128,False
rpoC,p.Val162Ile,Chromosome_763853_G_A,rifampicin,0.0016208847428265,1.1840688912809472,0.8540263343176302,0.8365056872884371,0.0,0.0,0.0,0.1579778830963665,38.46153846153847,0.8720714052853945,False
rpoA,c.54A>C,Chromosome_3878454_T_G,rifampicin,0.0019017274230536,1.829924650161464,3.858088915965788,0.27720133176383643,0.0,0.0,0.0,0.7109004739336493,48.07692307692308,0.6743032395683798,False
rpoC,c.1191T>C,Chromosome_764560_T_C,rifampicin,0.0019017274230536,1.3993541442411195,2.567772511848341,0.46316747389290747,0.0,0.0,0.0,0.47393364928909953,38.46153846153847,0.7531078554279901,False
rpoC,c.-222G>C,Chromosome_763148_G_C,rifampicin,0.0019017274230536,1.3455328310010763,2.138622303038596,0.5441388104829956,0.0,0.0,0.0,0.3949447077409162,38.46153846153847,0.7922971278529128,False
ahpC,c.18T>C,Chromosome_2726210_T_C,isoniazid,0.0021945181943495,1.829924650161464,8.626335426142242,0.03469448400819575,0.0,0.0,0.0,1.579778830963665,26.923076923076923,0.4726159710449776,False
rpoC,c.3526T>C,Chromosome_766895_T_C,rifampicin,0.0028134622299427,1.1840688912809472,3.858088915965788,0.27720133176383643,0.0,0.0,0.0,0.7109004739336493,25.0,0.6743032395683798,False
rpoC,c.3525T>C,Chromosome_766894_T_C,rifampicin,0.0028134622299427,1.1840688912809472,3.858088915965788,0.27720133176383643,0.0,0.0,0.0,0.7109004739336493,25.0,0.6743032395683798,False
rpoC,p.His748Gln,Chromosome_765613_C_G,rifampicin,0.0028134622299427,1.2917115177610334,1.7099483985671524,0.6347243085388814,0.0,0.0,0.0,0.315955766192733,38.46153846153847,0.8089106052688863,False
rpoA,p.Ser203Asn,Chromosome_3877900_C_T,rifampicin,0.0028134622299427,1.6684607104413347,2.567772511848341,0.46316747389290747,0.0,0.0,0.0,0.47393364928909953,48.07692307692308,0.7531078554279901,False
rpoC,c.846A>G,Chromosome_764215_A_G,rifampicin,0.0028134622299427,1.6146393972012916,4.289152302641995,0.23188624493266743,0.0,0.0,0.0,0.7898894154818324,38.46153846153847,0.6736789959418252,False
rpoC,p.Asp279Glu,Chromosome_764206_T_C,rifampicin,0.0029667178584587,1.883745963401507,4.289152302641995,0.23188624493266743,0.0,0.0,0.0,0.7898894154818324,48.07692307692308,0.6736789959418252,False
rpoA,p.Asn200Ser,Chromosome_3877909_T_C,rifampicin,0.0029667178584587,1.4531754574811624,0.8540263343176302,0.8365056872884371,0.0,0.0,0.0,0.1579778830963665,48.07692307692308,0.8720714052853945,False
kasA,c.-80C>G,Chromosome_2518035_C_G,isoniazid,0.0029667178584587,1.1840688912809472,,,0.0,0.0,0.0,0.0,42.30769230769231,,False
kasA,c.-81T>C,Chromosome_2518034_T_C,isoniazid,0.0029667178584587,1.1840688912809472,,,0.0,0.0,0.0,0.0,42.30769230769231,,False
kasA,c.-74T>C,Chromosome_2518041_T_C,isoniazid,0.0029667178584587,1.1840688912809472,,,0.0,0.0,0.0,0.0,42.30769230769231,,False
ndh,c.699T>C,Chromosome_2102344_A_G,isoniazid,0.0029667178584587,1.4531754574811624,0.8540263343176302,0.8365056872884371,0.0,0.0,0.0,0.1579778830963665,48.07692307692308,0.8720714052853945,False
rpoC,c.-212C>T,Chromosome_763158_C_T,rifampicin,0.0031277723276797,1.3993541442411195,2.567772511848341,0.46316747389290747,0.0,0.0,0.0,0.47393364928909953,38.46153846153847,0.7531078554279901,False
gyrB,c.1983C>T,Chromosome_7222_C_T,fluoroquinolones,0.0043302657054672,2.744886975242196,22.38570907765221,5.4221555803468796e-05,0.0,0.0,0.0,4.028436018957346,0.0,0.0009496518202150393,True
rpoA,c.-229A>G,Chromosome_3878736_T_C,rifampicin,0.0048047309683217,1.2917115177610334,2.9973998192782196,0.3920262467513903,0.0,0.0,0.0,0.5529225908372828,32.69230769230769,0.7068002625253008,False
rpoA,p.Glu75Ala,Chromosome_3878284_T_G,rifampicin,0.0048047309683217,1.2378902045209903,1.2817500059143132,0.7334712127623098,0.0,0.0,0.0,0.23696682464454977,38.46153846153847,0.8280255127500844,False
mmpL5,p.Asp767Asn,Chromosome_776182_C_T,bedaquiline/clofazimine,0.0049662952307992,11.248654467168999,868.9333525964078,4.846767084617249e-188,0.0,55.00000000000001,0.0,0.315955766192733,13.461538461538462,1.6505934571502075e-186,True
rpoC,c.3039C>T,Chromosome_766408_C_T,rifampicin,0.0053170484550153,1.9375672766415502,4.602642459126374,0.20331551531926817,1.5873015873015872,0.0,0.0,0.7898894154818324,48.07692307692308,0.6736789959418252,False
ndh,c.684C>G,Chromosome_2102359_G_C,isoniazid,0.0054831983298381,1.1840688912809472,0.4267765947670372,0.9346571892880828,0.0,0.0,0.0,0.07898894154818326,40.38461538461539,0.9346571892880828,False
gyrB,c.762G>C,Chromosome_6001_G_C,fluoroquinolones,0.0054831983298381,1.1302475780409043,0.4267765947670372,0.9346571892880828,0.0,0.0,0.0,0.07898894154818326,38.46153846153847,0.9346571892880828,False
kasA,c.-66G>C,Chromosome_2518049_G_C,isoniazid,0.0054831983298381,1.2378902045209903,,,0.0,0.0,0.0,0.0,44.230769230769226,,False
ahpC,c.525A>C,Chromosome_2726717_A_G,isoniazid,0.0054831983298381,1.829924650161464,3.858088915965788,0.27720133176383643,0.0,0.0,0.0,0.7109004739336493,48.07692307692308,0.6743032395683798,False
rpoC,c.117T>C,Chromosome_763486_T_G,rifampicin,0.005817525885758,3.3907427341227128,4.275970210671048,0.23316503781420794,3.1746031746031744,1.3888888888888888,0.0,2.3696682464454977,50.0,0.6741989065099503,False
gyrB,p.Pro94Leu,Chromosome_5520_C_T,fluoroquinolones,0.0061747950547416,2.63724434876211,21.483355676818793,8.3541454164836e-05,0.0,0.0,0.0,3.8704581358609795,0.0,0.0014225253167512353,True
rpoC,c.1018T>C,Chromosome_764387_T_C,rifampicin,0.0100251709553705,2.2066738428417656,2.7780151698992053,0.42713181020136803,0.0,0.2777777777777778,0.8547008547008548,1.1058451816745656,48.07692307692308,0.7531078554279901,False
gid,c.441A>G,Chromosome_4407762_T_C,streptomycin,0.0100251709553705,1.2917115177610334,,,0.0,0.0,0.0,0.0,46.15384615384615,,False
mmpL5,c.1737C>G,Chromosome_776744_G_C,bedaquiline/clofazimine,0.0100251709553705,2.4757804090419806,291.9835118881675,5.403623013922544e-63,23.809523809523807,0.0,0.0,0.47393364928909953,48.07692307692308,1.5773432893021523e-61,True
rpoA,c.54A>G,Chromosome_3878454_T_G,rifampicin,0.0100251709553705,1.829924650161464,3.858088915965788,0.27720133176383643,0.0,0.0,0.0,0.7109004739336493,48.07692307692308,0.6743032395683798,False
mmpL5,c.2625T>C,Chromosome_775856_A_G,bedaquiline/clofazimine,0.017913674150623,1.3993541442411195,2.9973998192782196,0.3920262467513903,0.0,0.0,0.0,0.5529225908372828,36.53846153846153,0.7068002625253008,False
mmpL5,c.2326T>C,Chromosome_776155_A_G,bedaquiline/clofazimine,0.0185488426992305,1.2917115177610334,1.7099483985671524,0.6347243085388814,0.0,0.0,0.0,0.315955766192733,38.46153846153847,0.8089106052688863,False
rpoC,c.3216T>C,Chromosome_766585_T_C,rifampicin,0.0185488426992305,1.883745963401507,4.289152302641995,0.23188624493266743,0.0,0.0,0.0,0.7898894154818324,48.07692307692308,0.6736789959418252,False
rpoA,c.-90G>C,Chromosome_3878597_C_G,rifampicin,0.0237205976365944,5.166846071044134,23.760696013432977,2.802482512653478e-05,3.1746031746031744,1.6666666666666667,12.82051282051282,5.687203791469194,1.9230769230769231,0.0005205823576535097,True
ndh,c.6T>C,Chromosome_2103037_A_G,isoniazid,0.0340277545459794,1.3455328310010763,0.4267765947670372,0.9346571892880828,0.0,0.0,0.0,0.07898894154818326,46.15384615384615,0.9346571892880828,False
mmpL5,c.2745C>G,Chromosome_775736_G_C,bedaquiline/clofazimine,0.0340277545459794,1.4531754574811624,2.138622303038596,0.5441388104829956,0.0,0.0,0.0,0.3949447077409162,42.30769230769231,0.7922971278529128,False
rpoC,c.834G>T,Chromosome_764203_G_C,rifampicin,0.0340277545459794,1.883745963401507,4.289152302641995,0.23188624493266743,0.0,0.0,0.0,0.7898894154818324,48.07692307692308,0.6736789959418252,False
eis,c.805_806delAC,Chromosome_2714526_GGT_G,amikacin/kanamycin,0.034730465040381,2.099031216361679,155.91391402714933,1.3959356611548496e-33,0.0,10.555555555555555,0.0,0.0,1.9230769230769231,3.422834241151691e-32,True
gyrB,c.753T>C,Chromosome_5992_T_C,fluoroquinolones,0.0347631931925986,1.3455328310010763,0.8540263343176302,0.8365056872884371,0.0,0.0,0.0,0.1579778830963665,44.230769230769226,0.8720714052853945,False
mmpR5,p.Asp47Glu,Chromosome_779130_TC_TCC,bedaquiline/clofazimine,0.0415071949222358,3.552206673842842,8.081140970530985,0.04436419624029948,6.349206349206349,5.833333333333333,2.564102564102564,3.0015797788309637,0.0,0.5786223892617783,False
