gene,change,drug_context,variant_id,step8_analysable,step2_compensatory_mechanism,step2_evidence,step2_mdr_frequency,step2_non_mdr_frequency,step2_enrichment_ratio,step2_pvalue,step2_padj_BH,step2_odds_ratio_fisher,step2_log2_odds_ratio,step56_shap_rank,step4_rf_rank,step6_ebm_rank,step456_in_ml_consensus,step8_overall_carriage_pct,step8_lineage_restricted,step8_padj_lineage_BH,step8_mdr_direction_inconsistent,step9_coding_classification,step9_n_independent_origins,step9_n_losses,step9_n_carriers_in_tree,step9_convergence_pattern,step9_gene_dN_dS_event_based,step10_protein_residue_number,step10_wt_aa,step10_mut_aa,step10_grantham_distance,step10_grantham_tier,step10_structure_source,step10_structure_id,step10_rsa,step10_burial_tier,evidence_tier
embR,p.Phe376Leu,ethambutol,Chromosome_1416222_A_G,True,Transcriptional activator of the emb operon. Mutations in embR can modulate embB/embA/embC expression levels and partially compensate for the arabinogalactan synthesis disruption caused by primary embB resistance mutations.,Sharma et al. 2006,0.293915,0.199595,1.4726,2.417754260766673e-06,3.383460708883156e-05,1.6692666419049975,0.7392144233814868,,,,False,27.933261571582342,True,8.265553861440618e-18,True,nonsynonymous,68.0,111.0,519.0,convergent,0.71,376.0,F,L,21.8,conservative,PDB,2FF4,0.015,buried,Flagged anomaly - requires caveat
rpoA,c.-371T>C,rifampicin,Chromosome_3878878_A_G,True,Compensates transcriptional fitness cost of rpoB RRDR mutations. Mutations in the alpha subunit of RNA polymerase restore the binding geometry disrupted by rpoB resistance mutations.,Comas et al. 2012 Nat Genet; Gagneux et al.,0.002296,0.04154,0.0553,8.880813887579726e-10,2.6487027419706534e-07,0.0531028095091077,-4.235067998093089,,,,False,2.4219590958019377,False,0.4726159710449776,False,noncoding_upstream,3.0,0.0,45.0,convergent,0.055,,,,,,,,,,"Strong, convergent, lineage-consistent"
rpoC,c.1542A>G,rifampicin,Chromosome_764911_A_G,True,"Beta-prime subunit of RNA polymerase. Mutations here compensate for the conformational changes in the RNA polymerase complex caused by rpoB RRDR resistance mutations, restoring transcription efficiency.",Comas et al. 2012 Nat Genet; Muller et al. 2017,0.0,0.033435,0.0,1.0634179096914344e-09,2.985076626498544e-07,0.0,-19.93156856932417,,,,False,1.776103336921421,False,0.6736789959418252,False,synonymous,5.0,2.0,33.0,convergent,0.08,,,,,,,,,,"Strong, convergent, lineage-consistent"
kasA,c.750G>C,isoniazid,Chromosome_2518864_G_C,True,Beta-ketoacyl ACP synthase involved in mycolic acid synthesis. Mutations here can partially compensate for inhA-mediated INH resistance by altering the flux through the FAS-II fatty acid synthesis pathway.,Mdluli et al. 1998,0.002296,0.040527,0.0567,1.6440075132885782e-09,4.358446585229498e-07,0.0544879171461449,-4.197919846233377,,,,False,2.4757804090419806,False,0.754105655528361,False,synonymous,10.0,0.0,46.0,convergent,0.116,,,,,,,,,,"Strong, convergent, lineage-consistent"
rpoC,c.2598C>T,rifampicin,Chromosome_765967_C_T,True,"Beta-prime subunit of RNA polymerase. Mutations here compensate for the conformational changes in the RNA polymerase complex caused by rpoB RRDR resistance mutations, restoring transcription efficiency.",Comas et al. 2012 Nat Genet; Muller et al. 2017,0.0,0.032421,0.0,2.111924245183398e-09,5.039051249007589e-07,0.0,-19.93156856932417,,,,False,1.776103336921421,False,0.6743032395683798,False,synonymous,3.0,2.0,33.0,convergent,0.08,,,,,,,,,,"Strong, convergent, lineage-consistent"
rpoC,c.333C>G,rifampicin,Chromosome_763702_C_G,True,"Beta-prime subunit of RNA polymerase. Mutations here compensate for the conformational changes in the RNA polymerase complex caused by rpoB RRDR resistance mutations, restoring transcription efficiency.",Comas et al. 2012 Nat Genet; Muller et al. 2017,0.0,0.032421,0.0,2.111924245183398e-09,5.039051249007589e-07,0.0,-19.93156856932417,,,,False,1.7222820236813776,False,0.6743032395683798,False,synonymous,3.0,3.0,32.0,convergent,0.08,,,,,,,,,,"Strong, convergent, lineage-consistent"
rpoC,c.1089G>C,rifampicin,Chromosome_764458_G_C,True,"Beta-prime subunit of RNA polymerase. Mutations here compensate for the conformational changes in the RNA polymerase complex caused by rpoB RRDR resistance mutations, restoring transcription efficiency.",Comas et al. 2012 Nat Genet; Muller et al. 2017,0.001148,0.035461,0.0324,4.109408622840332e-09,6.911124894856631e-07,0.0312643678160919,-4.999336844373114,,,,False,1.991388589881593,False,0.6736789959418252,False,synonymous,2.0,1.0,37.0,convergent,0.08,,,,,,,,,,"Strong, convergent, lineage-consistent"
rpoC,c.1599T>C,rifampicin,Chromosome_764968_T_C,True,"Beta-prime subunit of RNA polymerase. Mutations here compensate for the conformational changes in the RNA polymerase complex caused by rpoB RRDR resistance mutations, restoring transcription efficiency.",Comas et al. 2012 Nat Genet; Muller et al. 2017,0.001148,0.035461,0.0324,4.109408622840332e-09,6.911124894856631e-07,0.0312643678160919,-4.999336844373114,,,,False,2.1528525296017222,False,0.7922971278529128,False,synonymous,5.0,1.0,40.0,convergent,0.08,,,,,,,,,,"Strong, convergent, lineage-consistent"
rpoC,c.1395T>C,rifampicin,Chromosome_764764_T_C,True,"Beta-prime subunit of RNA polymerase. Mutations here compensate for the conformational changes in the RNA polymerase complex caused by rpoB RRDR resistance mutations, restoring transcription efficiency.",Comas et al. 2012 Nat Genet; Muller et al. 2017,0.002296,0.037487,0.0613,1.0391605304058584e-08,1.2397185127741892e-06,0.0590924641557552,-4.08088202922504,,,,False,2.099031216361679,False,0.6736789959418252,False,synonymous,3.0,0.0,39.0,convergent,0.08,,,,,,,,,,"Strong, convergent, lineage-consistent"
rpoC,c.1446A>G,rifampicin,Chromosome_764815_A_G,True,"Beta-prime subunit of RNA polymerase. Mutations here compensate for the conformational changes in the RNA polymerase complex caused by rpoB RRDR resistance mutations, restoring transcription efficiency.",Comas et al. 2012 Nat Genet; Muller et al. 2017,0.002296,0.037487,0.0613,1.0391605304058584e-08,1.2397185127741892e-06,0.0590924641557552,-4.08088202922504,,,,False,2.099031216361679,False,0.6736789959418252,False,synonymous,3.0,0.0,39.0,convergent,0.08,,,,,,,,,,"Strong, convergent, lineage-consistent"
rpoC,c.1158C>T,rifampicin,Chromosome_764527_C_T,True,"Beta-prime subunit of RNA polymerase. Mutations here compensate for the conformational changes in the RNA polymerase complex caused by rpoB RRDR resistance mutations, restoring transcription efficiency.",Comas et al. 2012 Nat Genet; Muller et al. 2017,0.001148,0.033435,0.0343,1.489849472153778e-08,1.450930955330169e-06,0.0332288401253918,-4.911420254089032,,,,False,1.883745963401507,False,0.6736789959418252,False,synonymous,2.0,1.0,35.0,convergent,0.08,,,,,,,,,,"Strong, convergent, lineage-consistent"
gyrB,c.1602T>C,fluoroquinolones,Chromosome_6841_T_C,True,"DNA gyrase B subunit. gyrB mutations can compensate for the supercoiling defects caused by gyrA QRDR (Quinolone Resistance-Determining Region) primary resistance mutations, restoring adequate DNA replication efficiency.",Avalos Vizcaino et al.; Mayer & Fierer 2014,0.001148,0.033435,0.0343,1.489849472153778e-08,1.450930955330169e-06,0.0332288401253918,-4.911420254089032,,,,False,1.829924650161464,False,0.6743032395683798,False,synonymous,3.0,0.0,34.0,convergent,0.074,,,,,,,,,,"Strong, convergent, lineage-consistent"
rpoA,c.-461T>C,rifampicin,Chromosome_3878968_A_G,True,Compensates transcriptional fitness cost of rpoB RRDR mutations. Mutations in the alpha subunit of RNA polymerase restore the binding geometry disrupted by rpoB resistance mutations.,Comas et al. 2012 Nat Genet; Gagneux et al.,0.001148,0.033435,0.0343,1.489849472153778e-08,1.450930955330169e-06,0.0332288401253918,-4.911420254089032,,,,False,1.829924650161464,False,0.6743032395683798,False,noncoding_upstream,2.0,0.0,34.0,convergent,0.055,,,,,,,,,,"Strong, convergent, lineage-consistent"
rpoC,c.1707A>G,rifampicin,Chromosome_765076_A_G,True,"Beta-prime subunit of RNA polymerase. Mutations here compensate for the conformational changes in the RNA polymerase complex caused by rpoB RRDR resistance mutations, restoring transcription efficiency.",Comas et al. 2012 Nat Genet; Muller et al. 2017,0.0,0.029382,0.0,1.6674391987199943e-08,1.530196126209964e-06,0.0,-19.93156856932417,,,,False,1.991388589881593,False,0.6736789959418252,False,synonymous,2.0,1.0,37.0,convergent,0.08,,,,,,,,,,"Strong, convergent, lineage-consistent"
rpoC,c.3729T>C,rifampicin,Chromosome_767098_T_C,True,"Beta-prime subunit of RNA polymerase. Mutations here compensate for the conformational changes in the RNA polymerase complex caused by rpoB RRDR resistance mutations, restoring transcription efficiency.",Comas et al. 2012 Nat Genet; Muller et al. 2017,0.002296,0.036474,0.063,1.9190620304024557e-08,1.6958822239037991e-06,0.0607978519370924,-4.039835837396149,,,,False,2.045209903121636,False,0.6736789959418252,False,synonymous,2.0,0.0,38.0,convergent,0.08,,,,,,,,,,"Strong, convergent, lineage-consistent"
rpoC,c.1065A>G,rifampicin,Chromosome_764434_A_G,True,"Beta-prime subunit of RNA polymerase. Mutations here compensate for the conformational changes in the RNA polymerase complex caused by rpoB RRDR resistance mutations, restoring transcription efficiency.",Comas et al. 2012 Nat Genet; Muller et al. 2017,0.002296,0.036474,0.063,1.9190620304024557e-08,1.6958822239037991e-06,0.0607978519370924,-4.039835837396149,,,,False,2.045209903121636,False,0.6736789959418252,False,synonymous,2.0,0.0,38.0,convergent,0.08,,,,,,,,,,"Strong, convergent, lineage-consistent"
rpoC,c.1383G>C,rifampicin,Chromosome_764752_G_C,True,"Beta-prime subunit of RNA polymerase. Mutations here compensate for the conformational changes in the RNA polymerase complex caused by rpoB RRDR resistance mutations, restoring transcription efficiency.",Comas et al. 2012 Nat Genet; Muller et al. 2017,0.002296,0.035461,0.0648,3.5418523743612684e-08,2.1668871192887145e-06,0.0626006904487917,-3.997677620451423,,,,False,1.991388589881593,False,0.6736789959418252,False,synonymous,3.0,2.0,37.0,convergent,0.08,,,,,,,,,,"Strong, convergent, lineage-consistent"
rpoC,c.1092A>G,rifampicin,Chromosome_764461_A_G,True,"Beta-prime subunit of RNA polymerase. Mutations here compensate for the conformational changes in the RNA polymerase complex caused by rpoB RRDR resistance mutations, restoring transcription efficiency.",Comas et al. 2012 Nat Genet; Muller et al. 2017,0.002296,0.035461,0.0648,3.5418523743612684e-08,2.1668871192887145e-06,0.0626006904487917,-3.997677620451423,,,,False,2.045209903121636,False,0.6736789959418252,False,synonymous,3.0,1.0,38.0,convergent,0.08,,,,,,,,,,"Strong, convergent, lineage-consistent"
rpoC,c.1704G>C,rifampicin,Chromosome_765073_G_C,True,"Beta-prime subunit of RNA polymerase. Mutations here compensate for the conformational changes in the RNA polymerase complex caused by rpoB RRDR resistance mutations, restoring transcription efficiency.",Comas et al. 2012 Nat Genet; Muller et al. 2017,0.0,0.028369,0.0,3.3281876343306245e-08,2.1668871192887145e-06,0.0,-19.93156856932417,,,,False,1.6146393972012916,False,0.7531078554279901,False,synonymous,3.0,3.0,30.0,convergent,0.08,,,,,,,,,,"Strong, convergent, lineage-consistent"
rpoC,c.3909T>C,rifampicin,Chromosome_767278_T_C,True,"Beta-prime subunit of RNA polymerase. Mutations here compensate for the conformational changes in the RNA polymerase complex caused by rpoB RRDR resistance mutations, restoring transcription efficiency.",Comas et al. 2012 Nat Genet; Muller et al. 2017,0.0,0.028369,0.0,3.3281876343306245e-08,2.1668871192887145e-06,0.0,-19.93156856932417,,,,False,1.6146393972012916,False,0.7922971278529128,False,synonymous,2.0,0.0,30.0,convergent,0.08,,,,,,,,,,"Strong, convergent, lineage-consistent"
gyrB,c.1977G>C,fluoroquinolones,Chromosome_7216_G_C,True,"DNA gyrase B subunit. gyrB mutations can compensate for the supercoiling defects caused by gyrA QRDR (Quinolone Resistance-Determining Region) primary resistance mutations, restoring adequate DNA replication efficiency.",Avalos Vizcaino et al.; Mayer & Fierer 2014,0.0,0.028369,0.0,3.3281876343306245e-08,2.1668871192887145e-06,0.0,-19.93156856932417,,,,False,1.6684607104413347,False,0.7068002625253008,False,synonymous,2.0,5.0,31.0,convergent,0.074,,,,,,,,,,"Strong, convergent, lineage-consistent"
rpoA,c.726T>C,rifampicin,Chromosome_3877782_A_G,True,Compensates transcriptional fitness cost of rpoB RRDR mutations. Mutations in the alpha subunit of RNA polymerase restore the binding geometry disrupted by rpoB resistance mutations.,Comas et al. 2012 Nat Genet; Gagneux et al.,0.002296,0.035461,0.0648,3.5418523743612684e-08,2.1668871192887145e-06,0.0626006904487917,-3.997677620451423,,,,False,2.045209903121636,False,0.6736789959418252,False,synonymous,2.0,0.0,38.0,convergent,0.055,,,,,,,,,,"Strong, convergent, lineage-consistent"
rpoA,c.744C>G,rifampicin,Chromosome_3877764_G_C,True,Compensates transcriptional fitness cost of rpoB RRDR mutations. Mutations in the alpha subunit of RNA polymerase restore the binding geometry disrupted by rpoB resistance mutations.,Comas et al. 2012 Nat Genet; Gagneux et al.,0.0,0.027356,0.0,3.333060973463229e-08,2.1668871192887145e-06,0.0,-19.93156856932417,,,,False,1.6684607104413347,False,0.6840063286490898,False,synonymous,4.0,3.0,31.0,convergent,0.055,,,,,,,,,,"Strong, convergent, lineage-consistent"
gyrB,c.876A>G,fluoroquinolones,Chromosome_6115_A_G,True,"DNA gyrase B subunit. gyrB mutations can compensate for the supercoiling defects caused by gyrA QRDR (Quinolone Resistance-Determining Region) primary resistance mutations, restoring adequate DNA replication efficiency.",Avalos Vizcaino et al.; Mayer & Fierer 2014,0.001148,0.032421,0.0354,2.8379396157178868e-08,2.1668871192887145e-06,0.0343031609195402,-4.865514667812979,,,,False,1.829924650161464,False,0.6743032395683798,False,synonymous,2.0,2.0,34.0,convergent,0.074,,,,,,,,,,"Strong, convergent, lineage-consistent"
rpoC,c.576T>C,rifampicin,Chromosome_763945_T_C,True,"Beta-prime subunit of RNA polymerase. Mutations here compensate for the conformational changes in the RNA polymerase complex caused by rpoB RRDR resistance mutations, restoring transcription efficiency.",Comas et al. 2012 Nat Genet; Muller et al. 2017,0.001148,0.031408,0.0366,5.40712297714981e-08,2.8669767607732104e-06,0.0354467927326659,-4.818201093142218,,,,False,1.7222820236813776,False,0.7068002625253008,False,synonymous,2.0,1.0,32.0,convergent,0.08,,,,,,,,,,"Strong, convergent, lineage-consistent"
rpoA,c.-440G>C,rifampicin,Chromosome_3878947_C_G,True,Compensates transcriptional fitness cost of rpoB RRDR mutations. Mutations in the alpha subunit of RNA polymerase restore the binding geometry disrupted by rpoB resistance mutations.,Comas et al. 2012 Nat Genet; Gagneux et al.,0.001148,0.031408,0.0366,5.40712297714981e-08,2.8669767607732104e-06,0.0354467927326659,-4.818201093142218,,,,False,1.776103336921421,False,0.6840063286490898,False,noncoding_upstream,2.0,1.0,33.0,convergent,0.055,,,,,,,,,,"Strong, convergent, lineage-consistent"
rpoC,c.1440C>T,rifampicin,Chromosome_764809_C_T,True,"Beta-prime subunit of RNA polymerase. Mutations here compensate for the conformational changes in the RNA polymerase complex caused by rpoB RRDR resistance mutations, restoring transcription efficiency.",Comas et al. 2012 Nat Genet; Muller et al. 2017,0.001148,0.031408,0.0366,5.40712297714981e-08,2.8669767607732104e-06,0.0354467927326659,-4.818201093142218,,,,False,1.7222820236813776,False,0.7068002625253008,False,synonymous,3.0,1.0,32.0,convergent,0.08,,,,,,,,,,"Strong, convergent, lineage-consistent"
rpoC,c.1077T>C,rifampicin,Chromosome_764446_T_C,True,"Beta-prime subunit of RNA polymerase. Mutations here compensate for the conformational changes in the RNA polymerase complex caused by rpoB RRDR resistance mutations, restoring transcription efficiency.",Comas et al. 2012 Nat Genet; Muller et al. 2017,0.001148,0.031408,0.0366,5.40712297714981e-08,2.8669767607732104e-06,0.0354467927326659,-4.818201093142218,,,,False,1.7222820236813776,False,0.7068002625253008,False,synonymous,2.0,1.0,32.0,convergent,0.08,,,,,,,,,,"Strong, convergent, lineage-consistent"
rpoC,c.1080G>C,rifampicin,Chromosome_764449_G_C,True,"Beta-prime subunit of RNA polymerase. Mutations here compensate for the conformational changes in the RNA polymerase complex caused by rpoB RRDR resistance mutations, restoring transcription efficiency.",Comas et al. 2012 Nat Genet; Muller et al. 2017,0.001148,0.031408,0.0366,5.40712297714981e-08,2.8669767607732104e-06,0.0354467927326659,-4.818201093142218,,,,False,1.776103336921421,False,0.6840063286490898,False,synonymous,2.0,0.0,33.0,convergent,0.08,,,,,,,,,,"Strong, convergent, lineage-consistent"
mmpL5,p.Leu834Met,bedaquiline/clofazimine,Chromosome_775981_A_T,True,MmpL5 efflux pump structural component. Gain-of-function mutations that increase pump activity may compensate for BDQ/CFZ fitness costs in highly resistant strains. Borderline primary/compensatory — flag for manual review.,Andries et al.; Hartkoorn et al. 2014,0.001148,0.031408,0.0366,5.40712297714981e-08,2.8669767607732104e-06,0.0354467927326659,-4.818201093142218,,,,False,1.776103336921421,False,0.6840063286490898,False,nonsynonymous,2.0,0.0,33.0,convergent,0.305,834.0,L,M,14.3,conservative,PDB,8ZKP,0.108,partially_buried,"Strong, convergent, lineage-consistent"
ahpC,c.483A>G,isoniazid,Chromosome_2726675_A_G,True,Alkyl hydroperoxide reductase. Upregulation compensates for the loss of KatG-mediated oxidative defence when katG is inactivated by INH-resistance mutations. Promoter mutations causing ahpC upregulation are the canonical compensatory mechanism for katG LoF.,Sherman et al. 1996; Heym et al. 1997,0.001148,0.031408,0.0366,5.40712297714981e-08,2.8669767607732104e-06,0.0354467927326659,-4.818201093142218,,,,False,1.7222820236813776,False,0.6840063286490898,False,synonymous,2.0,3.0,32.0,convergent,0.09,,,,,,,,,,"Strong, convergent, lineage-consistent"
rpoC,c.3015A>G,rifampicin,Chromosome_766384_A_G,True,"Beta-prime subunit of RNA polymerase. Mutations here compensate for the conformational changes in the RNA polymerase complex caused by rpoB RRDR resistance mutations, restoring transcription efficiency.",Comas et al. 2012 Nat Genet; Muller et al. 2017,0.002296,0.034448,0.0667,6.532780253396542e-08,2.968993082781743e-06,0.0645095782847085,-3.954342804154798,,,,False,1.991388589881593,False,0.6736789959418252,False,synonymous,2.0,1.0,37.0,convergent,0.08,,,,,,,,,,"Strong, convergent, lineage-consistent"
gyrB,c.1623C>G,fluoroquinolones,Chromosome_6862_C_G,True,"DNA gyrase B subunit. gyrB mutations can compensate for the supercoiling defects caused by gyrA QRDR (Quinolone Resistance-Determining Region) primary resistance mutations, restoring adequate DNA replication efficiency.",Avalos Vizcaino et al.; Mayer & Fierer 2014,0.0,0.026342,0.0,6.381494600269986e-08,2.968993082781743e-06,0.0,-19.93156856932417,,,,False,1.6684607104413347,False,0.7068002625253008,False,synonymous,2.0,4.0,31.0,convergent,0.074,,,,,,,,,,"Strong, convergent, lineage-consistent"
gyrB,c.1572C>T,fluoroquinolones,Chromosome_6811_C_T,True,"DNA gyrase B subunit. gyrB mutations can compensate for the supercoiling defects caused by gyrA QRDR (Quinolone Resistance-Determining Region) primary resistance mutations, restoring adequate DNA replication efficiency.",Avalos Vizcaino et al.; Mayer & Fierer 2014,0.0,0.026342,0.0,6.381494600269986e-08,2.968993082781743e-06,0.0,-19.93156856932417,,,,False,1.3993541442411197,False,0.7531078554279901,False,synonymous,4.0,4.0,26.0,convergent,0.074,,,,,,,,,,"Strong, convergent, lineage-consistent"
rpoC,c.909A>G,rifampicin,Chromosome_764278_A_G,True,"Beta-prime subunit of RNA polymerase. Mutations here compensate for the conformational changes in the RNA polymerase complex caused by rpoB RRDR resistance mutations, restoring transcription efficiency.",Comas et al. 2012 Nat Genet; Muller et al. 2017,0.002296,0.033435,0.0687,1.2041421526788756e-07,4.049208768699166e-06,0.0665341562924992,-3.909761030167342,,,,False,1.883745963401507,False,0.6736789959418252,False,synonymous,2.0,0.0,35.0,convergent,0.08,,,,,,,,,,"Strong, convergent, lineage-consistent"
rpoC,c.1686C>G,rifampicin,Chromosome_765055_C_G,True,"Beta-prime subunit of RNA polymerase. Mutations here compensate for the conformational changes in the RNA polymerase complex caused by rpoB RRDR resistance mutations, restoring transcription efficiency.",Comas et al. 2012 Nat Genet; Muller et al. 2017,0.0,0.025329,0.0,1.221890324167393e-07,4.049208768699166e-06,0.0,-19.93156856932417,,,,False,1.3993541442411197,False,0.6736789959418252,False,synonymous,3.0,3.0,26.0,convergent,0.08,,,,,,,,,,"Strong, convergent, lineage-consistent"
rpoC,c.582G>C,rifampicin,Chromosome_763951_G_C,True,"Beta-prime subunit of RNA polymerase. Mutations here compensate for the conformational changes in the RNA polymerase complex caused by rpoB RRDR resistance mutations, restoring transcription efficiency.",Comas et al. 2012 Nat Genet; Muller et al. 2017,0.0,0.025329,0.0,1.221890324167393e-07,4.049208768699166e-06,0.0,-19.93156856932417,,,,False,1.6146393972012916,False,0.6743032395683798,False,synonymous,4.0,2.0,30.0,convergent,0.08,,,,,,,,,,"Strong, convergent, lineage-consistent"
ndh,c.636T>C,isoniazid,Chromosome_2102407_A_G,True,"NADH dehydrogenase. Loss-of-function mutations raise the NADH/NAD+ ratio, which can compensate for INH-mediated inhibition of InhA (InhA requires NADH as cofactor). Not a direct resistance mutation but modulates the INH activation and target environment.",Miesel et al. 1998,0.0,0.025329,0.0,1.221890324167393e-07,4.049208768699166e-06,0.0,-19.93156856932417,,,,False,1.4531754574811624,False,0.7922971278529128,False,synonymous,3.0,3.0,27.0,convergent,0.102,,,,,,,,,,"Strong, convergent, lineage-consistent"
rpoC,c.348T>C,rifampicin,Chromosome_763717_T_C,True,"Beta-prime subunit of RNA polymerase. Mutations here compensate for the conformational changes in the RNA polymerase complex caused by rpoB RRDR resistance mutations, restoring transcription efficiency.",Comas et al. 2012 Nat Genet; Muller et al. 2017,0.002296,0.033435,0.0687,1.2041421526788756e-07,4.049208768699166e-06,0.0665341562924992,-3.909761030167342,,,,False,1.9375672766415504,False,0.6736789959418252,False,synonymous,7.0,3.0,36.0,convergent,0.08,,,,,,,,,,"Strong, convergent, lineage-consistent"
gyrB,c.1536G>C,fluoroquinolones,Chromosome_6775_G_C,True,"DNA gyrase B subunit. gyrB mutations can compensate for the supercoiling defects caused by gyrA QRDR (Quinolone Resistance-Determining Region) primary resistance mutations, restoring adequate DNA replication efficiency.",Avalos Vizcaino et al.; Mayer & Fierer 2014,0.0,0.025329,0.0,1.221890324167393e-07,4.049208768699166e-06,0.0,-19.93156856932417,,,,False,1.776103336921421,False,0.6736789959418252,False,synonymous,2.0,2.0,33.0,convergent,0.074,,,,,,,,,,"Strong, convergent, lineage-consistent"
rpoC,c.1489T>C,rifampicin,Chromosome_764858_T_C,True,"Beta-prime subunit of RNA polymerase. Mutations here compensate for the conformational changes in the RNA polymerase complex caused by rpoB RRDR resistance mutations, restoring transcription efficiency.",Comas et al. 2012 Nat Genet; Muller et al. 2017,0.002296,0.033435,0.0687,1.2041421526788756e-07,4.049208768699166e-06,0.0665341562924992,-3.909761030167342,,,,False,1.9375672766415504,False,0.6736789959418252,False,synonymous,3.0,1.0,36.0,convergent,0.08,,,,,,,,,,"Strong, convergent, lineage-consistent"
rpoA,c.216T>C,rifampicin,Chromosome_3878292_A_G,True,Compensates transcriptional fitness cost of rpoB RRDR mutations. Mutations in the alpha subunit of RNA polymerase restore the binding geometry disrupted by rpoB resistance mutations.,Comas et al. 2012 Nat Genet; Gagneux et al.,0.002296,0.033435,0.0687,1.2041421526788756e-07,4.049208768699166e-06,0.0665341562924992,-3.909761030167342,,,,False,1.883745963401507,False,0.7528810027529826,False,synonymous,3.0,1.0,35.0,convergent,0.055,,,,,,,,,,"Strong, convergent, lineage-consistent"
rpoC,c.3012C>T,rifampicin,Chromosome_766381_C_T,True,"Beta-prime subunit of RNA polymerase. Mutations here compensate for the conformational changes in the RNA polymerase complex caused by rpoB RRDR resistance mutations, restoring transcription efficiency.",Comas et al. 2012 Nat Genet; Muller et al. 2017,0.002296,0.033435,0.0687,1.2041421526788756e-07,4.049208768699166e-06,0.0665341562924992,-3.909761030167342,,,,False,1.9375672766415504,False,0.6736789959418252,False,synonymous,2.0,2.0,36.0,convergent,0.08,,,,,,,,,,"Strong, convergent, lineage-consistent"
rpoA,c.-407T>C,rifampicin,Chromosome_3878914_A_G,True,Compensates transcriptional fitness cost of rpoB RRDR mutations. Mutations in the alpha subunit of RNA polymerase restore the binding geometry disrupted by rpoB resistance mutations.,Comas et al. 2012 Nat Genet; Gagneux et al.,0.002296,0.033435,0.0687,1.2041421526788756e-07,4.049208768699166e-06,0.0665341562924992,-3.909761030167342,,,,False,1.883745963401507,False,0.6736789959418252,False,noncoding_upstream,2.0,0.0,35.0,convergent,0.055,,,,,,,,,,"Strong, convergent, lineage-consistent"
gyrB,c.888G>C,fluoroquinolones,Chromosome_6127_G_C,True,"DNA gyrase B subunit. gyrB mutations can compensate for the supercoiling defects caused by gyrA QRDR (Quinolone Resistance-Determining Region) primary resistance mutations, restoring adequate DNA replication efficiency.",Avalos Vizcaino et al.; Mayer & Fierer 2014,0.001148,0.030395,0.0378,1.030407697086655e-07,4.049208768699166e-06,0.0366666666666666,-4.769387071858584,,,,False,1.883745963401507,False,0.6736789959418252,False,synonymous,2.0,1.0,35.0,convergent,0.074,,,,,,,,,,"Strong, convergent, lineage-consistent"
rpoC,c.489A>G,rifampicin,Chromosome_763858_A_G,True,"Beta-prime subunit of RNA polymerase. Mutations here compensate for the conformational changes in the RNA polymerase complex caused by rpoB RRDR resistance mutations, restoring transcription efficiency.",Comas et al. 2012 Nat Genet; Muller et al. 2017,0.001148,0.030395,0.0378,1.030407697086655e-07,4.049208768699166e-06,0.0366666666666666,-4.769387071858584,,,,False,1.829924650161464,False,0.6743032395683798,False,synonymous,2.0,0.0,34.0,convergent,0.08,,,,,,,,,,"Strong, convergent, lineage-consistent"
rpoA,c.816G>C,rifampicin,Chromosome_3877692_C_G,True,Compensates transcriptional fitness cost of rpoB RRDR mutations. Mutations in the alpha subunit of RNA polymerase restore the binding geometry disrupted by rpoB resistance mutations.,Comas et al. 2012 Nat Genet; Gagneux et al.,0.001148,0.030395,0.0378,1.030407697086655e-07,4.049208768699166e-06,0.0366666666666666,-4.769387071858584,,,,False,1.7222820236813776,False,0.7068002625253008,False,synonymous,2.0,1.0,32.0,convergent,0.055,,,,,,,,,,"Strong, convergent, lineage-consistent"
gyrB,c.1617T>C,fluoroquinolones,Chromosome_6856_T_C,True,"DNA gyrase B subunit. gyrB mutations can compensate for the supercoiling defects caused by gyrA QRDR (Quinolone Resistance-Determining Region) primary resistance mutations, restoring adequate DNA replication efficiency.",Avalos Vizcaino et al.; Mayer & Fierer 2014,0.001148,0.029382,0.0391,1.9638133615880985e-07,6.085271013960004e-06,0.037970669837495,-4.7189707401274825,,,,False,1.6684607104413347,False,0.7531078554279901,False,synonymous,3.0,2.0,31.0,convergent,0.074,,,,,,,,,,"Strong, convergent, lineage-consistent"
rpoC,c.618C>T,rifampicin,Chromosome_763987_C_T,True,"Beta-prime subunit of RNA polymerase. Mutations here compensate for the conformational changes in the RNA polymerase complex caused by rpoB RRDR resistance mutations, restoring transcription efficiency.",Comas et al. 2012 Nat Genet; Muller et al. 2017,0.001148,0.029382,0.0391,1.9638133615880985e-07,6.085271013960004e-06,0.037970669837495,-4.7189707401274825,,,,False,1.6146393972012916,False,0.6840063286490898,False,synonymous,2.0,4.0,30.0,convergent,0.08,,,,,,,,,,"Strong, convergent, lineage-consistent"
rpoC,c.1083T>C,rifampicin,Chromosome_764452_T_C,True,"Beta-prime subunit of RNA polymerase. Mutations here compensate for the conformational changes in the RNA polymerase complex caused by rpoB RRDR resistance mutations, restoring transcription efficiency.",Comas et al. 2012 Nat Genet; Muller et al. 2017,0.001148,0.029382,0.0391,1.9638133615880985e-07,6.085271013960004e-06,0.037970669837495,-4.7189707401274825,,,,False,1.6684607104413347,False,0.7531078554279901,False,synonymous,3.0,0.0,31.0,convergent,0.08,,,,,,,,,,"Strong, convergent, lineage-consistent"
rpoA,c.765T>C,rifampicin,Chromosome_3877743_A_G,True,Compensates transcriptional fitness cost of rpoB RRDR mutations. Mutations in the alpha subunit of RNA polymerase restore the binding geometry disrupted by rpoB resistance mutations.,Comas et al. 2012 Nat Genet; Gagneux et al.,0.002296,0.032421,0.0708,2.217938524345325e-07,6.414547053439934e-06,0.0686852704257767,-3.863855443891289,,,,False,1.829924650161464,False,0.6736789959418252,False,synonymous,2.0,1.0,34.0,convergent,0.055,,,,,,,,,,"Strong, convergent, lineage-consistent"
rpoC,c.1579T>C,rifampicin,Chromosome_764948_T_C,True,"Beta-prime subunit of RNA polymerase. Mutations here compensate for the conformational changes in the RNA polymerase complex caused by rpoB RRDR resistance mutations, restoring transcription efficiency.",Comas et al. 2012 Nat Genet; Muller et al. 2017,0.002296,0.032421,0.0708,2.217938524345325e-07,6.414547053439934e-06,0.0686852704257767,-3.863855443891289,,,,False,2.2066738428417656,False,0.7922971278529128,False,synonymous,4.0,2.0,41.0,convergent,0.08,,,,,,,,,,"Strong, convergent, lineage-consistent"
rpoC,c.291T>G,rifampicin,Chromosome_763660_T_G,True,"Beta-prime subunit of RNA polymerase. Mutations here compensate for the conformational changes in the RNA polymerase complex caused by rpoB RRDR resistance mutations, restoring transcription efficiency.",Comas et al. 2012 Nat Genet; Muller et al. 2017,0.002296,0.032421,0.0708,2.217938524345325e-07,6.414547053439934e-06,0.0686852704257767,-3.863855443891289,,,,False,2.3681377825618943,False,0.6736789959418252,False,synonymous,7.0,0.0,44.0,convergent,0.08,,,,,,,,,,"Strong, convergent, lineage-consistent"
rpoC,c.3750A>G,rifampicin,Chromosome_767119_A_G,True,"Beta-prime subunit of RNA polymerase. Mutations here compensate for the conformational changes in the RNA polymerase complex caused by rpoB RRDR resistance mutations, restoring transcription efficiency.",Comas et al. 2012 Nat Genet; Muller et al. 2017,0.003444,0.035461,0.0971,2.150927406510265e-07,6.414547053439934e-06,0.0940092165898617,-3.411053985360346,,,,False,2.045209903121636,False,0.6736789959418252,False,synonymous,3.0,1.0,38.0,convergent,0.08,,,,,,,,,,"Strong, convergent, lineage-consistent"
rpoC,c.3594T>C,rifampicin,Chromosome_766963_T_C,True,"Beta-prime subunit of RNA polymerase. Mutations here compensate for the conformational changes in the RNA polymerase complex caused by rpoB RRDR resistance mutations, restoring transcription efficiency.",Comas et al. 2012 Nat Genet; Muller et al. 2017,0.002296,0.032421,0.0708,2.217938524345325e-07,6.414547053439934e-06,0.0686852704257767,-3.863855443891289,,,,False,1.991388589881593,False,0.6736789959418252,False,synonymous,2.0,1.0,37.0,convergent,0.08,,,,,,,,,,"Strong, convergent, lineage-consistent"
rpoA,c.-218A>G,rifampicin,Chromosome_3878725_T_C,True,Compensates transcriptional fitness cost of rpoB RRDR mutations. Mutations in the alpha subunit of RNA polymerase restore the binding geometry disrupted by rpoB resistance mutations.,Comas et al. 2012 Nat Genet; Gagneux et al.,0.0,0.024316,0.0,2.339932620011529e-07,6.417332449824722e-06,0.0,-19.93156856932417,,,,False,1.829924650161464,False,0.6743032395683798,False,noncoding_upstream,3.0,1.0,34.0,convergent,0.055,,,,,,,,,,"Strong, convergent, lineage-consistent"
rpoC,c.1242G>T,rifampicin,Chromosome_764611_G_T,True,"Beta-prime subunit of RNA polymerase. Mutations here compensate for the conformational changes in the RNA polymerase complex caused by rpoB RRDR resistance mutations, restoring transcription efficiency.",Comas et al. 2012 Nat Genet; Muller et al. 2017,0.0,0.024316,0.0,2.339932620011529e-07,6.417332449824722e-06,0.0,-19.93156856932417,,,,False,1.829924650161464,False,0.6736789959418252,False,synonymous,4.0,4.0,34.0,convergent,0.08,,,,,,,,,,"Strong, convergent, lineage-consistent"
kasA,c.1224T>C,isoniazid,Chromosome_2519338_T_C,True,Beta-ketoacyl ACP synthase involved in mycolic acid synthesis. Mutations here can partially compensate for inhA-mediated INH resistance by altering the flux through the FAS-II fatty acid synthesis pathway.,Mdluli et al. 1998,0.0,0.024316,0.0,2.339932620011529e-07,6.417332449824722e-06,0.0,-19.93156856932417,,,,False,1.3993541442411197,False,0.7531078554279901,False,synonymous,2.0,5.0,26.0,convergent,0.116,,,,,,,,,,"Strong, convergent, lineage-consistent"
gyrB,c.1680T>C,fluoroquinolones,Chromosome_6919_T_C,True,"DNA gyrase B subunit. gyrB mutations can compensate for the supercoiling defects caused by gyrA QRDR (Quinolone Resistance-Determining Region) primary resistance mutations, restoring adequate DNA replication efficiency.",Avalos Vizcaino et al.; Mayer & Fierer 2014,0.0,0.024316,0.0,2.339932620011529e-07,6.417332449824722e-06,0.0,-19.93156856932417,,,,False,1.3455328310010763,False,0.8280255127500844,False,synonymous,3.0,1.0,25.0,convergent,0.074,,,,,,,,,,"Strong, convergent, lineage-consistent"
rpoC,c.2976T>C,rifampicin,Chromosome_766345_T_C,True,"Beta-prime subunit of RNA polymerase. Mutations here compensate for the conformational changes in the RNA polymerase complex caused by rpoB RRDR resistance mutations, restoring transcription efficiency.",Comas et al. 2012 Nat Genet; Muller et al. 2017,0.001148,0.028369,0.0405,3.742814322269476e-07,9.502387153409398e-06,0.039367816091954,-4.666839507775564,,,,False,1.5608180839612489,False,0.6840063286490898,False,synonymous,2.0,2.0,29.0,convergent,0.08,,,,,,,,,,"Strong, convergent, lineage-consistent"
rpoC,c.1206T>G,rifampicin,Chromosome_764575_T_G,True,"Beta-prime subunit of RNA polymerase. Mutations here compensate for the conformational changes in the RNA polymerase complex caused by rpoB RRDR resistance mutations, restoring transcription efficiency.",Comas et al. 2012 Nat Genet; Muller et al. 2017,0.003444,0.034448,0.1,3.8553464873694964e-07,9.502387153409398e-06,0.0968758471130387,-3.3677191690637205,,,,False,2.099031216361679,False,0.6736789959418252,False,synonymous,4.0,1.0,39.0,convergent,0.08,,,,,,,,,,"Strong, convergent, lineage-consistent"
rpoA,c.174T>C,rifampicin,Chromosome_3878334_A_G,True,Compensates transcriptional fitness cost of rpoB RRDR mutations. Mutations in the alpha subunit of RNA polymerase restore the binding geometry disrupted by rpoB resistance mutations.,Comas et al. 2012 Nat Genet; Gagneux et al.,0.001148,0.028369,0.0405,3.742814322269476e-07,9.502387153409398e-06,0.039367816091954,-4.666839507775564,,,,False,1.5608180839612489,False,0.7922971278529128,False,synonymous,2.0,1.0,29.0,convergent,0.055,,,,,,,,,,"Strong, convergent, lineage-consistent"
rpoA,c.-281G>C,rifampicin,Chromosome_3878788_C_G,True,Compensates transcriptional fitness cost of rpoB RRDR mutations. Mutations in the alpha subunit of RNA polymerase restore the binding geometry disrupted by rpoB resistance mutations.,Comas et al. 2012 Nat Genet; Gagneux et al.,0.001148,0.028369,0.0405,3.742814322269476e-07,9.502387153409398e-06,0.039367816091954,-4.666839507775564,,,,False,1.6146393972012916,False,0.7922971278529128,False,noncoding_upstream,2.0,0.0,30.0,convergent,0.055,,,,,,,,,,"Strong, convergent, lineage-consistent"
rpoC,c.2331T>C,rifampicin,Chromosome_765700_T_C,True,"Beta-prime subunit of RNA polymerase. Mutations here compensate for the conformational changes in the RNA polymerase complex caused by rpoB RRDR resistance mutations, restoring transcription efficiency.",Comas et al. 2012 Nat Genet; Muller et al. 2017,0.002296,0.031408,0.0731,4.082123567579478e-07,9.502387153409398e-06,0.0709751661160399,-3.816541869220527,,,,False,1.883745963401507,False,0.6736789959418252,False,synonymous,2.0,0.0,35.0,convergent,0.08,,,,,,,,,,"Strong, convergent, lineage-consistent"
rpoA,c.345C>T,rifampicin,Chromosome_3878163_G_A,True,Compensates transcriptional fitness cost of rpoB RRDR mutations. Mutations in the alpha subunit of RNA polymerase restore the binding geometry disrupted by rpoB resistance mutations.,Comas et al. 2012 Nat Genet; Gagneux et al.,0.002296,0.031408,0.0731,4.082123567579478e-07,9.502387153409398e-06,0.0709751661160399,-3.816541869220527,,,,False,1.776103336921421,False,0.6743032395683798,False,synonymous,2.0,2.0,33.0,convergent,0.055,,,,,,,,,,"Strong, convergent, lineage-consistent"
rpoA,c.738A>G,rifampicin,Chromosome_3877770_T_C,True,Compensates transcriptional fitness cost of rpoB RRDR mutations. Mutations in the alpha subunit of RNA polymerase restore the binding geometry disrupted by rpoB resistance mutations.,Comas et al. 2012 Nat Genet; Gagneux et al.,0.002296,0.031408,0.0731,4.082123567579478e-07,9.502387153409398e-06,0.0709751661160399,-3.816541869220527,,,,False,1.829924650161464,False,0.6743032395683798,False,synonymous,2.0,1.0,34.0,convergent,0.055,,,,,,,,,,"Strong, convergent, lineage-consistent"
rpoC,c.3303T>C,rifampicin,Chromosome_766672_T_C,True,"Beta-prime subunit of RNA polymerase. Mutations here compensate for the conformational changes in the RNA polymerase complex caused by rpoB RRDR resistance mutations, restoring transcription efficiency.",Comas et al. 2012 Nat Genet; Muller et al. 2017,0.002296,0.031408,0.0731,4.082123567579478e-07,9.502387153409398e-06,0.0709751661160399,-3.816541869220527,,,,False,1.829924650161464,False,0.6743032395683798,False,synonymous,2.0,0.0,34.0,convergent,0.08,,,,,,,,,,"Strong, convergent, lineage-consistent"
rpoC,c.375G>C,rifampicin,Chromosome_763744_G_C,True,"Beta-prime subunit of RNA polymerase. Mutations here compensate for the conformational changes in the RNA polymerase complex caused by rpoB RRDR resistance mutations, restoring transcription efficiency.",Comas et al. 2012 Nat Genet; Muller et al. 2017,0.002296,0.031408,0.0731,4.082123567579478e-07,9.502387153409398e-06,0.0709751661160399,-3.816541869220527,,,,False,1.829924650161464,False,0.6736789959418252,False,synonymous,3.0,4.0,34.0,convergent,0.08,,,,,,,,,,"Strong, convergent, lineage-consistent"
gyrB,c.1554T>C,fluoroquinolones,Chromosome_6793_T_C,True,"DNA gyrase B subunit. gyrB mutations can compensate for the supercoiling defects caused by gyrA QRDR (Quinolone Resistance-Determining Region) primary resistance mutations, restoring adequate DNA replication efficiency.",Avalos Vizcaino et al.; Mayer & Fierer 2014,0.002296,0.031408,0.0731,4.082123567579478e-07,9.502387153409398e-06,0.0709751661160399,-3.816541869220527,,,,False,1.829924650161464,False,0.6736789959418252,False,synonymous,2.0,1.0,34.0,convergent,0.074,,,,,,,,,,"Strong, convergent, lineage-consistent"
ndh,c.741G>C,isoniazid,Chromosome_2102302_C_G,True,"NADH dehydrogenase. Loss-of-function mutations raise the NADH/NAD+ ratio, which can compensate for INH-mediated inhibition of InhA (InhA requires NADH as cofactor). Not a direct resistance mutation but modulates the INH activation and target environment.",Miesel et al. 1998,0.0,0.023303,0.0,4.4819779830787e-07,9.677827572512017e-06,0.0,-19.93156856932417,,,,False,1.2917115177610334,False,0.8280255127500844,False,synonymous,5.0,2.0,24.0,convergent,0.102,,,,,,,,,,"Strong, convergent, lineage-consistent"
rpoC,c.633C>G,rifampicin,Chromosome_764002_C_G,True,"Beta-prime subunit of RNA polymerase. Mutations here compensate for the conformational changes in the RNA polymerase complex caused by rpoB RRDR resistance mutations, restoring transcription efficiency.",Comas et al. 2012 Nat Genet; Muller et al. 2017,0.0,0.023303,0.0,4.4819779830787e-07,9.677827572512017e-06,0.0,-19.93156856932417,,,,False,1.5608180839612489,False,0.6743032395683798,False,synonymous,3.0,4.0,29.0,convergent,0.08,,,,,,,,,,"Strong, convergent, lineage-consistent"
rpoC,c.2481G>C,rifampicin,Chromosome_765850_G_C,True,"Beta-prime subunit of RNA polymerase. Mutations here compensate for the conformational changes in the RNA polymerase complex caused by rpoB RRDR resistance mutations, restoring transcription efficiency.",Comas et al. 2012 Nat Genet; Muller et al. 2017,0.0,0.023303,0.0,4.4819779830787e-07,9.677827572512017e-06,0.0,-19.93156856932417,,,,False,1.2378902045209903,False,0.9346571892880828,False,synonymous,3.0,2.0,23.0,convergent,0.08,,,,,,,,,,"Strong, convergent, lineage-consistent"
ndh,c.270C>G,isoniazid,Chromosome_2102773_G_C,True,"NADH dehydrogenase. Loss-of-function mutations raise the NADH/NAD+ ratio, which can compensate for INH-mediated inhibition of InhA (InhA requires NADH as cofactor). Not a direct resistance mutation but modulates the INH activation and target environment.",Miesel et al. 1998,0.0,0.023303,0.0,4.4819779830787e-07,9.677827572512017e-06,0.0,-19.93156856932417,,,,False,1.2378902045209903,False,0.8720714052853945,False,synonymous,4.0,2.0,23.0,convergent,0.102,,,,,,,,,,"Strong, convergent, lineage-consistent"
rpoC,c.2523T>C,rifampicin,Chromosome_765892_T_C,True,"Beta-prime subunit of RNA polymerase. Mutations here compensate for the conformational changes in the RNA polymerase complex caused by rpoB RRDR resistance mutations, restoring transcription efficiency.",Comas et al. 2012 Nat Genet; Muller et al. 2017,0.0,0.023303,0.0,4.4819779830787e-07,9.677827572512017e-06,0.0,-19.93156856932417,,,,False,1.2378902045209903,False,0.8720714052853945,False,synonymous,3.0,2.0,23.0,convergent,0.08,,,,,,,,,,"Strong, convergent, lineage-consistent"
mmpL5,c.1311T>C,bedaquiline/clofazimine,Chromosome_777170_A_G,True,MmpL5 efflux pump structural component. Gain-of-function mutations that increase pump activity may compensate for BDQ/CFZ fitness costs in highly resistant strains. Borderline primary/compensatory — flag for manual review.,Andries et al.; Hartkoorn et al. 2014,0.0,0.023303,0.0,4.4819779830787e-07,9.677827572512017e-06,0.0,-19.93156856932417,,,,False,1.2917115177610334,False,0.8089106052688863,False,synonymous,3.0,3.0,24.0,convergent,0.305,,,,,,,,,,"Strong, convergent, lineage-consistent"
gyrB,c.852G>C,fluoroquinolones,Chromosome_6091_G_C,True,"DNA gyrase B subunit. gyrB mutations can compensate for the supercoiling defects caused by gyrA QRDR (Quinolone Resistance-Determining Region) primary resistance mutations, restoring adequate DNA replication efficiency.",Avalos Vizcaino et al.; Mayer & Fierer 2014,0.0,0.023303,0.0,4.4819779830787e-07,9.677827572512017e-06,0.0,-19.93156856932417,,,,False,1.3455328310010763,False,0.8089106052688863,False,synonymous,3.0,3.0,25.0,convergent,0.074,,,,,,,,,,"Strong, convergent, lineage-consistent"
rpoC,c.-972T>C,rifampicin,Chromosome_762398_T_C,True,"Beta-prime subunit of RNA polymerase. Mutations here compensate for the conformational changes in the RNA polymerase complex caused by rpoB RRDR resistance mutations, restoring transcription efficiency.",Comas et al. 2012 Nat Genet; Muller et al. 2017,0.002296,0.030395,0.0755,7.50675783137996e-07,1.4103247390293372e-05,0.0734177215189873,-3.767727847936893,,,,False,1.829924650161464,False,0.6743032395683798,False,noncoding_upstream,2.0,0.0,34.0,convergent,0.08,,,,,,,,,,"Strong, convergent, lineage-consistent"
rpoC,c.-144A>G,rifampicin,Chromosome_763226_A_G,True,"Beta-prime subunit of RNA polymerase. Mutations here compensate for the conformational changes in the RNA polymerase complex caused by rpoB RRDR resistance mutations, restoring transcription efficiency.",Comas et al. 2012 Nat Genet; Muller et al. 2017,0.002296,0.030395,0.0755,7.50675783137996e-07,1.4103247390293372e-05,0.0734177215189873,-3.767727847936893,,,,False,1.7222820236813776,False,0.7068002625253008,False,noncoding_upstream,2.0,2.0,32.0,convergent,0.08,,,,,,,,,,"Strong, convergent, lineage-consistent"
rpoC,c.732C>G,rifampicin,Chromosome_764101_C_G,True,"Beta-prime subunit of RNA polymerase. Mutations here compensate for the conformational changes in the RNA polymerase complex caused by rpoB RRDR resistance mutations, restoring transcription efficiency.",Comas et al. 2012 Nat Genet; Muller et al. 2017,0.002296,0.030395,0.0755,7.50675783137996e-07,1.4103247390293372e-05,0.0734177215189873,-3.767727847936893,,,,False,1.776103336921421,False,0.6840063286490898,False,synonymous,2.0,1.0,33.0,convergent,0.08,,,,,,,,,,"Strong, convergent, lineage-consistent"
gyrB,c.891T>C,fluoroquinolones,Chromosome_6130_T_C,True,"DNA gyrase B subunit. gyrB mutations can compensate for the supercoiling defects caused by gyrA QRDR (Quinolone Resistance-Determining Region) primary resistance mutations, restoring adequate DNA replication efficiency.",Avalos Vizcaino et al.; Mayer & Fierer 2014,0.001148,0.027356,0.042,7.132654974609586e-07,1.4103247390293372e-05,0.0408684546615581,-4.612868497291041,,,,False,1.5608180839612489,False,0.7068002625253008,False,synonymous,2.0,3.0,29.0,convergent,0.074,,,,,,,,,,"Strong, convergent, lineage-consistent"
rpoA,p.Gly122Asp,rifampicin,Chromosome_3878143_C_T,True,Compensates transcriptional fitness cost of rpoB RRDR mutations. Mutations in the alpha subunit of RNA polymerase restore the binding geometry disrupted by rpoB resistance mutations.,Comas et al. 2012 Nat Genet; Gagneux et al.,0.001148,0.027356,0.042,7.132654974609586e-07,1.4103247390293372e-05,0.0408684546615581,-4.612868497291041,,,,False,1.776103336921421,False,0.6736789959418252,False,nonsynonymous,2.0,3.0,33.0,convergent,0.055,122.0,G,D,93.8,moderately_conservative,PDB,7KIN,0.655,exposed,"Strong, convergent, lineage-consistent"
ndh,c.549T>C,isoniazid,Chromosome_2102494_A_G,True,"NADH dehydrogenase. Loss-of-function mutations raise the NADH/NAD+ ratio, which can compensate for INH-mediated inhibition of InhA (InhA requires NADH as cofactor). Not a direct resistance mutation but modulates the INH activation and target environment.",Miesel et al. 1998,0.001148,0.027356,0.042,7.132654974609586e-07,1.4103247390293372e-05,0.0408684546615581,-4.612868497291041,,,,False,1.7222820236813776,False,0.7068002625253008,False,synonymous,2.0,0.0,32.0,convergent,0.102,,,,,,,,,,"Strong, convergent, lineage-consistent"
rpoC,c.225C>T,rifampicin,Chromosome_763594_C_T,True,"Beta-prime subunit of RNA polymerase. Mutations here compensate for the conformational changes in the RNA polymerase complex caused by rpoB RRDR resistance mutations, restoring transcription efficiency.",Comas et al. 2012 Nat Genet; Muller et al. 2017,0.003444,0.033435,0.103,6.900195827497273e-07,1.4103247390293372e-05,0.0999162128194386,-3.323137395076265,,,,False,1.991388589881593,False,0.6736789959418252,False,synonymous,3.0,1.0,37.0,convergent,0.08,,,,,,,,,,"Strong, convergent, lineage-consistent"
rpoC,c.306C>G,rifampicin,Chromosome_763675_C_G,True,"Beta-prime subunit of RNA polymerase. Mutations here compensate for the conformational changes in the RNA polymerase complex caused by rpoB RRDR resistance mutations, restoring transcription efficiency.",Comas et al. 2012 Nat Genet; Muller et al. 2017,0.002296,0.030395,0.0755,7.50675783137996e-07,1.4103247390293372e-05,0.0734177215189873,-3.767727847936893,,,,False,1.776103336921421,False,0.6736789959418252,False,synonymous,4.0,1.0,33.0,convergent,0.08,,,,,,,,,,"Strong, convergent, lineage-consistent"
rpoC,c.1734G>T,rifampicin,Chromosome_765103_G_T,True,"Beta-prime subunit of RNA polymerase. Mutations here compensate for the conformational changes in the RNA polymerase complex caused by rpoB RRDR resistance mutations, restoring transcription efficiency.",Comas et al. 2012 Nat Genet; Muller et al. 2017,0.002296,0.030395,0.0755,7.50675783137996e-07,1.4103247390293372e-05,0.0734177215189873,-3.767727847936893,,,,False,1.9375672766415504,False,0.6736789959418252,False,synonymous,2.0,2.0,36.0,convergent,0.08,,,,,,,,,,"Strong, convergent, lineage-consistent"
rpoC,c.3288A>G,rifampicin,Chromosome_766657_A_G,True,"Beta-prime subunit of RNA polymerase. Mutations here compensate for the conformational changes in the RNA polymerase complex caused by rpoB RRDR resistance mutations, restoring transcription efficiency.",Comas et al. 2012 Nat Genet; Muller et al. 2017,0.002296,0.030395,0.0755,7.50675783137996e-07,1.4103247390293372e-05,0.0734177215189873,-3.767727847936893,,,,False,1.776103336921421,False,0.6840063286490898,False,synonymous,2.0,2.0,33.0,convergent,0.08,,,,,,,,,,"Strong, convergent, lineage-consistent"
rpoC,c.372C>T,rifampicin,Chromosome_763741_C_T,True,"Beta-prime subunit of RNA polymerase. Mutations here compensate for the conformational changes in the RNA polymerase complex caused by rpoB RRDR resistance mutations, restoring transcription efficiency.",Comas et al. 2012 Nat Genet; Muller et al. 2017,0.002296,0.030395,0.0755,7.50675783137996e-07,1.4103247390293372e-05,0.0734177215189873,-3.767727847936893,,,,False,1.776103336921421,False,0.6736789959418252,False,synonymous,4.0,1.0,33.0,convergent,0.08,,,,,,,,,,"Strong, convergent, lineage-consistent"
ahpC,c.408T>C,isoniazid,Chromosome_2726600_T_C,True,Alkyl hydroperoxide reductase. Upregulation compensates for the loss of KatG-mediated oxidative defence when katG is inactivated by INH-resistance mutations. Promoter mutations causing ahpC upregulation are the canonical compensatory mechanism for katG LoF.,Sherman et al. 1996; Heym et al. 1997,0.001148,0.027356,0.042,7.132654974609586e-07,1.4103247390293372e-05,0.0408684546615581,-4.612868497291041,,,,False,1.776103336921421,False,0.6840063286490898,False,synonymous,2.0,2.0,33.0,convergent,0.09,,,,,,,,,,"Strong, convergent, lineage-consistent"
rpoC,c.996C>T,rifampicin,Chromosome_764365_C_T,True,"Beta-prime subunit of RNA polymerase. Mutations here compensate for the conformational changes in the RNA polymerase complex caused by rpoB RRDR resistance mutations, restoring transcription efficiency.",Comas et al. 2012 Nat Genet; Muller et al. 2017,0.003444,0.033435,0.103,6.900195827497273e-07,1.4103247390293372e-05,0.0999162128194386,-3.323137395076265,,,,False,2.099031216361679,False,0.7851807168121022,False,synonymous,4.0,1.0,39.0,convergent,0.08,,,,,,,,,,"Strong, convergent, lineage-consistent"
rpoC,c.1152T>C,rifampicin,Chromosome_764521_T_C,True,"Beta-prime subunit of RNA polymerase. Mutations here compensate for the conformational changes in the RNA polymerase complex caused by rpoB RRDR resistance mutations, restoring transcription efficiency.",Comas et al. 2012 Nat Genet; Muller et al. 2017,0.003444,0.033435,0.103,6.900195827497273e-07,1.4103247390293372e-05,0.0999162128194386,-3.323137395076265,,,,False,1.991388589881593,False,0.6736789959418252,False,synonymous,6.0,0.0,37.0,convergent,0.08,,,,,,,,,,"Strong, convergent, lineage-consistent"
rpoC,c.1458G>C,rifampicin,Chromosome_764827_G_C,True,"Beta-prime subunit of RNA polymerase. Mutations here compensate for the conformational changes in the RNA polymerase complex caused by rpoB RRDR resistance mutations, restoring transcription efficiency.",Comas et al. 2012 Nat Genet; Muller et al. 2017,0.002296,0.030395,0.0755,7.50675783137996e-07,1.4103247390293372e-05,0.0734177215189873,-3.767727847936893,,,,False,1.7222820236813776,False,0.6736789959418252,False,synonymous,2.0,1.0,32.0,convergent,0.08,,,,,,,,,,"Strong, convergent, lineage-consistent"
rpoC,c.2652G>C,rifampicin,Chromosome_766021_G_C,True,"Beta-prime subunit of RNA polymerase. Mutations here compensate for the conformational changes in the RNA polymerase complex caused by rpoB RRDR resistance mutations, restoring transcription efficiency.",Comas et al. 2012 Nat Genet; Muller et al. 2017,0.002296,0.030395,0.0755,7.50675783137996e-07,1.4103247390293372e-05,0.0734177215189873,-3.767727847936893,,,,False,1.829924650161464,False,0.6736789959418252,False,synonymous,2.0,1.0,34.0,convergent,0.08,,,,,,,,,,"Strong, convergent, lineage-consistent"
rpoA,c.141C>G,rifampicin,Chromosome_3878367_G_C,True,Compensates transcriptional fitness cost of rpoB RRDR mutations. Mutations in the alpha subunit of RNA polymerase restore the binding geometry disrupted by rpoB resistance mutations.,Comas et al. 2012 Nat Genet; Gagneux et al.,0.002296,0.030395,0.0755,7.50675783137996e-07,1.4103247390293372e-05,0.0734177215189873,-3.767727847936893,,,,False,1.829924650161464,False,0.6736789959418252,False,synonymous,2.0,1.0,34.0,convergent,0.055,,,,,,,,,,"Strong, convergent, lineage-consistent"
rpoC,c.201G>C,rifampicin,Chromosome_763570_G_C,True,"Beta-prime subunit of RNA polymerase. Mutations here compensate for the conformational changes in the RNA polymerase complex caused by rpoB RRDR resistance mutations, restoring transcription efficiency.",Comas et al. 2012 Nat Genet; Muller et al. 2017,0.002296,0.030395,0.0755,7.50675783137996e-07,1.4103247390293372e-05,0.0734177215189873,-3.767727847936893,,,,False,2.045209903121636,False,0.6840063286490898,False,synonymous,6.0,2.0,38.0,convergent,0.08,,,,,,,,,,"Strong, convergent, lineage-consistent"
rpoA,c.588G>C,rifampicin,Chromosome_3877920_C_G,True,Compensates transcriptional fitness cost of rpoB RRDR mutations. Mutations in the alpha subunit of RNA polymerase restore the binding geometry disrupted by rpoB resistance mutations.,Comas et al. 2012 Nat Genet; Gagneux et al.,0.002296,0.030395,0.0755,7.50675783137996e-07,1.4103247390293372e-05,0.0734177215189873,-3.767727847936893,,,,False,1.7222820236813776,False,0.6840063286490898,False,synonymous,3.0,1.0,32.0,convergent,0.055,,,,,,,,,,"Strong, convergent, lineage-consistent"
ndh,c.363T>C,isoniazid,Chromosome_2102680_A_G,True,"NADH dehydrogenase. Loss-of-function mutations raise the NADH/NAD+ ratio, which can compensate for INH-mediated inhibition of InhA (InhA requires NADH as cofactor). Not a direct resistance mutation but modulates the INH activation and target environment.",Miesel et al. 1998,0.0,0.02229,0.0,8.587540716847694e-07,1.4956111058685106e-05,0.0,-19.93156856932417,,,,False,1.991388589881593,False,0.6736789959418252,False,synonymous,2.0,1.0,37.0,convergent,0.102,,,,,,,,,,"Strong, convergent, lineage-consistent"
rpoC,c.2578T>C,rifampicin,Chromosome_765947_T_C,True,"Beta-prime subunit of RNA polymerase. Mutations here compensate for the conformational changes in the RNA polymerase complex caused by rpoB RRDR resistance mutations, restoring transcription efficiency.",Comas et al. 2012 Nat Genet; Muller et al. 2017,0.0,0.02229,0.0,8.587540716847694e-07,1.4956111058685106e-05,0.0,-19.93156856932417,,,,False,1.1840688912809472,False,0.6840063286490898,False,synonymous,4.0,4.0,22.0,convergent,0.08,,,,,,,,,,"Strong, convergent, lineage-consistent"
gyrB,c.634A>C,fluoroquinolones,Chromosome_5873_A_C,True,"DNA gyrase B subunit. gyrB mutations can compensate for the supercoiling defects caused by gyrA QRDR (Quinolone Resistance-Determining Region) primary resistance mutations, restoring adequate DNA replication efficiency.",Avalos Vizcaino et al.; Mayer & Fierer 2014,0.0,0.02229,0.0,8.587540716847694e-07,1.4956111058685106e-05,0.0,-19.93156856932417,,,,False,1.3455328310010763,False,0.8280255127500844,False,synonymous,3.0,2.0,25.0,convergent,0.074,,,,,,,,,,"Strong, convergent, lineage-consistent"
kasA,c.570C>G,isoniazid,Chromosome_2518684_C_G,True,Beta-ketoacyl ACP synthase involved in mycolic acid synthesis. Mutations here can partially compensate for inhA-mediated INH resistance by altering the flux through the FAS-II fatty acid synthesis pathway.,Mdluli et al. 1998,0.0,0.02229,0.0,8.587540716847694e-07,1.4956111058685106e-05,0.0,-19.93156856932417,,,,False,1.3993541442411197,False,0.7922971278529128,False,synonymous,3.0,3.0,26.0,convergent,0.116,,,,,,,,,,"Strong, convergent, lineage-consistent"
kasA,c.597A>G,isoniazid,Chromosome_2518711_A_G,True,Beta-ketoacyl ACP synthase involved in mycolic acid synthesis. Mutations here can partially compensate for inhA-mediated INH resistance by altering the flux through the FAS-II fatty acid synthesis pathway.,Mdluli et al. 1998,0.0,0.02229,0.0,8.587540716847694e-07,1.4956111058685106e-05,0.0,-19.93156856932417,,,,False,1.2378902045209903,False,0.8720714052853945,False,synonymous,4.0,0.0,23.0,convergent,0.116,,,,,,,,,,"Strong, convergent, lineage-consistent"
rpoA,c.84G>C,rifampicin,Chromosome_3878424_C_G,True,Compensates transcriptional fitness cost of rpoB RRDR mutations. Mutations in the alpha subunit of RNA polymerase restore the binding geometry disrupted by rpoB resistance mutations.,Comas et al. 2012 Nat Genet; Gagneux et al.,0.0,0.02229,0.0,8.587540716847694e-07,1.4956111058685106e-05,0.0,-19.93156856932417,,,,False,1.1840688912809472,False,0.8089106052688863,False,synonymous,5.0,1.0,22.0,convergent,0.055,,,,,,,,,,"Strong, convergent, lineage-consistent"
kasA,c.954C>T,isoniazid,Chromosome_2519068_C_T,True,Beta-ketoacyl ACP synthase involved in mycolic acid synthesis. Mutations here can partially compensate for inhA-mediated INH resistance by altering the flux through the FAS-II fatty acid synthesis pathway.,Mdluli et al. 1998,0.0,0.02229,0.0,8.587540716847694e-07,1.4956111058685106e-05,0.0,-19.93156856932417,,,,False,1.1840688912809472,False,0.8089106052688863,False,synonymous,3.0,2.0,22.0,convergent,0.116,,,,,,,,,,"Strong, convergent, lineage-consistent"
gyrB,c.1713C>G,fluoroquinolones,Chromosome_6952_C_G,True,"DNA gyrase B subunit. gyrB mutations can compensate for the supercoiling defects caused by gyrA QRDR (Quinolone Resistance-Determining Region) primary resistance mutations, restoring adequate DNA replication efficiency.",Avalos Vizcaino et al.; Mayer & Fierer 2014,0.0,0.02229,0.0,8.587540716847694e-07,1.4956111058685106e-05,0.0,-19.93156856932417,,,,False,1.4531754574811624,False,0.8720714052853945,False,synonymous,2.0,1.0,27.0,convergent,0.074,,,,,,,,,,"Strong, convergent, lineage-consistent"
rpoA,c.351C>G,rifampicin,Chromosome_3878157_G_C,True,Compensates transcriptional fitness cost of rpoB RRDR mutations. Mutations in the alpha subunit of RNA polymerase restore the binding geometry disrupted by rpoB resistance mutations.,Comas et al. 2012 Nat Genet; Gagneux et al.,0.0,0.02229,0.0,8.587540716847694e-07,1.4956111058685106e-05,0.0,-19.93156856932417,,,,False,1.1840688912809472,False,0.8280255127500844,False,synonymous,5.0,1.0,22.0,convergent,0.055,,,,,,,,,,"Strong, convergent, lineage-consistent"
gyrB,c.786A>G,fluoroquinolones,Chromosome_6025_A_G,True,"DNA gyrase B subunit. gyrB mutations can compensate for the supercoiling defects caused by gyrA QRDR (Quinolone Resistance-Determining Region) primary resistance mutations, restoring adequate DNA replication efficiency.",Avalos Vizcaino et al.; Mayer & Fierer 2014,0.0,0.02229,0.0,8.587540716847694e-07,1.4956111058685106e-05,0.0,-19.93156856932417,,,,False,1.3455328310010763,False,0.7922971278529128,False,synonymous,6.0,2.0,25.0,convergent,0.074,,,,,,,,,,"Strong, convergent, lineage-consistent"
rpoC,c.2773C>T,rifampicin,Chromosome_766142_C_T,True,"Beta-prime subunit of RNA polymerase. Mutations here compensate for the conformational changes in the RNA polymerase complex caused by rpoB RRDR resistance mutations, restoring transcription efficiency.",Comas et al. 2012 Nat Genet; Muller et al. 2017,0.0,0.02229,0.0,8.587540716847694e-07,1.4956111058685106e-05,0.0,-19.93156856932417,,,,False,1.1840688912809472,False,,False,synonymous,3.0,1.0,22.0,convergent,0.08,,,,,,,,,,"Strong, convergent, lineage-consistent"
mmpL5,p.Met456Leu,bedaquiline/clofazimine,Chromosome_777115_T_G,True,MmpL5 efflux pump structural component. Gain-of-function mutations that increase pump activity may compensate for BDQ/CFZ fitness costs in highly resistant strains. Borderline primary/compensatory — flag for manual review.,Andries et al.; Hartkoorn et al. 2014,0.0,0.02229,0.0,8.587540716847694e-07,1.4956111058685106e-05,0.0,-19.93156856932417,,,,False,1.3455328310010763,False,0.8280255127500844,False,nonsynonymous,3.0,1.0,25.0,convergent,0.305,456.0,M,L,14.3,conservative,PDB,8ZKP,0.0,buried,"Strong, convergent, lineage-consistent"
rpoC,c.-117G>C,rifampicin,Chromosome_763253_G_C,True,"Beta-prime subunit of RNA polymerase. Mutations here compensate for the conformational changes in the RNA polymerase complex caused by rpoB RRDR resistance mutations, restoring transcription efficiency.",Comas et al. 2012 Nat Genet; Muller et al. 2017,0.0,0.02229,0.0,8.587540716847694e-07,1.4956111058685106e-05,0.0,-19.93156856932417,,,,False,1.2378902045209903,False,0.8720714052853945,False,noncoding_upstream,3.0,1.0,23.0,convergent,0.08,,,,,,,,,,"Strong, convergent, lineage-consistent"
rpoC,c.87A>G,rifampicin,Chromosome_763456_A_G,True,"Beta-prime subunit of RNA polymerase. Mutations here compensate for the conformational changes in the RNA polymerase complex caused by rpoB RRDR resistance mutations, restoring transcription efficiency.",Comas et al. 2012 Nat Genet; Muller et al. 2017,0.004592,0.036474,0.1259,1.0212611871098498e-06,1.772166685413892e-05,0.1218762014609765,-3.036511653803584,,,,False,2.1528525296017222,False,0.6736789959418252,False,synonymous,4.0,0.0,40.0,convergent,0.08,,,,,,,,,,"Strong, convergent, lineage-consistent"
rpoC,c.159G>A,rifampicin,Chromosome_763528_G_A,True,"Beta-prime subunit of RNA polymerase. Mutations here compensate for the conformational changes in the RNA polymerase complex caused by rpoB RRDR resistance mutations, restoring transcription efficiency.",Comas et al. 2012 Nat Genet; Muller et al. 2017,0.003444,0.032421,0.1062,1.2330631572026102e-06,2.1242517639605975e-05,0.1031466013824884,-3.277231808800212,,,,False,2.045209903121636,False,0.6736789959418252,False,synonymous,5.0,1.0,38.0,convergent,0.08,,,,,,,,,,"Strong, convergent, lineage-consistent"
rpoC,c.819A>G,rifampicin,Chromosome_764188_A_G,True,"Beta-prime subunit of RNA polymerase. Mutations here compensate for the conformational changes in the RNA polymerase complex caused by rpoB RRDR resistance mutations, restoring transcription efficiency.",Comas et al. 2012 Nat Genet; Muller et al. 2017,0.002296,0.029382,0.0781,1.379125188000039e-06,2.1507141820706487e-05,0.0760287290186897,-3.717311516205792,,,,False,1.6684607104413347,False,0.6743032395683798,False,synonymous,2.0,2.0,31.0,convergent,0.08,,,,,,,,,,"Strong, convergent, lineage-consistent"
kasA,c.-96A>G,isoniazid,Chromosome_2518019_A_G,True,Beta-ketoacyl ACP synthase involved in mycolic acid synthesis. Mutations here can partially compensate for inhA-mediated INH resistance by altering the flux through the FAS-II fatty acid synthesis pathway.,Mdluli et al. 1998,0.002296,0.029382,0.0781,1.379125188000039e-06,2.1507141820706487e-05,0.0760287290186897,-3.717311516205792,,,,False,1.776103336921421,False,0.6743032395683798,False,noncoding_upstream,2.0,1.0,33.0,convergent,0.116,,,,,,,,,,"Strong, convergent, lineage-consistent"
rpoA,c.-235G>A,rifampicin,Chromosome_3878742_C_T,True,Compensates transcriptional fitness cost of rpoB RRDR mutations. Mutations in the alpha subunit of RNA polymerase restore the binding geometry disrupted by rpoB resistance mutations.,Comas et al. 2012 Nat Genet; Gagneux et al.,0.002296,0.029382,0.0781,1.379125188000039e-06,2.1507141820706487e-05,0.0760287290186897,-3.717311516205792,,,,False,1.7222820236813776,False,0.7068002625253008,False,noncoding_upstream,2.0,2.0,32.0,convergent,0.055,,,,,,,,,,"Strong, convergent, lineage-consistent"
gyrB,c.1312T>C,fluoroquinolones,Chromosome_6551_T_C,True,"DNA gyrase B subunit. gyrB mutations can compensate for the supercoiling defects caused by gyrA QRDR (Quinolone Resistance-Determining Region) primary resistance mutations, restoring adequate DNA replication efficiency.",Avalos Vizcaino et al.; Mayer & Fierer 2014,0.001148,0.026342,0.0436,1.35892401248759e-06,2.1507141820706487e-05,0.0424845269672855,-4.5569186881034325,,,,False,1.776103336921421,False,0.6743032395683798,False,synonymous,4.0,2.0,33.0,convergent,0.074,,,,,,,,,,"Strong, convergent, lineage-consistent"
gyrB,p.Glu604Asp,fluoroquinolones,Chromosome_7051_A_C,True,"DNA gyrase B subunit. gyrB mutations can compensate for the supercoiling defects caused by gyrA QRDR (Quinolone Resistance-Determining Region) primary resistance mutations, restoring adequate DNA replication efficiency.",Avalos Vizcaino et al.; Mayer & Fierer 2014,0.001148,0.026342,0.0436,1.35892401248759e-06,2.1507141820706487e-05,0.0424845269672855,-4.5569186881034325,,,,False,1.4531754574811624,False,0.6840063286490898,False,nonsynonymous,3.0,3.0,27.0,convergent,0.074,604.0,E,D,44.6,conservative,PDB,3M4I,0.621,exposed,"Strong, convergent, lineage-consistent"
rpoA,c.-317G>C,rifampicin,Chromosome_3878824_C_G,True,Compensates transcriptional fitness cost of rpoB RRDR mutations. Mutations in the alpha subunit of RNA polymerase restore the binding geometry disrupted by rpoB resistance mutations.,Comas et al. 2012 Nat Genet; Gagneux et al.,0.001148,0.026342,0.0436,1.35892401248759e-06,2.1507141820706487e-05,0.0424845269672855,-4.5569186881034325,,,,False,1.5069967707212055,False,0.7922971278529128,False,noncoding_upstream,3.0,1.0,28.0,convergent,0.055,,,,,,,,,,"Strong, convergent, lineage-consistent"
rpoC,c.729A>G,rifampicin,Chromosome_764098_A_G,True,"Beta-prime subunit of RNA polymerase. Mutations here compensate for the conformational changes in the RNA polymerase complex caused by rpoB RRDR resistance mutations, restoring transcription efficiency.",Comas et al. 2012 Nat Genet; Muller et al. 2017,0.002296,0.029382,0.0781,1.379125188000039e-06,2.1507141820706487e-05,0.0760287290186897,-3.717311516205792,,,,False,1.7222820236813776,False,0.6736789959418252,False,synonymous,2.0,2.0,32.0,convergent,0.08,,,,,,,,,,"Strong, convergent, lineage-consistent"
gyrB,c.1639T>C,fluoroquinolones,Chromosome_6878_T_C,True,"DNA gyrase B subunit. gyrB mutations can compensate for the supercoiling defects caused by gyrA QRDR (Quinolone Resistance-Determining Region) primary resistance mutations, restoring adequate DNA replication efficiency.",Avalos Vizcaino et al.; Mayer & Fierer 2014,0.001148,0.026342,0.0436,1.35892401248759e-06,2.1507141820706487e-05,0.0424845269672855,-4.5569186881034325,,,,False,1.4531754574811624,False,0.7922971278529128,False,synonymous,3.0,1.0,27.0,convergent,0.074,,,,,,,,,,"Strong, convergent, lineage-consistent"
kasA,c.447T>C,isoniazid,Chromosome_2518561_T_C,True,Beta-ketoacyl ACP synthase involved in mycolic acid synthesis. Mutations here can partially compensate for inhA-mediated INH resistance by altering the flux through the FAS-II fatty acid synthesis pathway.,Mdluli et al. 1998,0.001148,0.026342,0.0436,1.35892401248759e-06,2.1507141820706487e-05,0.0424845269672855,-4.5569186881034325,,,,False,1.4531754574811624,False,0.8280255127500844,False,synonymous,2.0,1.0,27.0,convergent,0.116,,,,,,,,,,"Strong, convergent, lineage-consistent"
ndh,c.561A>G,isoniazid,Chromosome_2102482_T_C,True,"NADH dehydrogenase. Loss-of-function mutations raise the NADH/NAD+ ratio, which can compensate for INH-mediated inhibition of InhA (InhA requires NADH as cofactor). Not a direct resistance mutation but modulates the INH activation and target environment.",Miesel et al. 1998,0.001148,0.026342,0.0436,1.35892401248759e-06,2.1507141820706487e-05,0.0424845269672855,-4.5569186881034325,,,,False,1.6146393972012916,False,0.7922971278529128,False,synonymous,2.0,0.0,30.0,convergent,0.102,,,,,,,,,,"Strong, convergent, lineage-consistent"
rpoA,c.522G>C,rifampicin,Chromosome_3877986_C_G,True,Compensates transcriptional fitness cost of rpoB RRDR mutations. Mutations in the alpha subunit of RNA polymerase restore the binding geometry disrupted by rpoB resistance mutations.,Comas et al. 2012 Nat Genet; Gagneux et al.,0.002296,0.029382,0.0781,1.379125188000039e-06,2.1507141820706487e-05,0.0760287290186897,-3.717311516205792,,,,False,1.6684607104413347,False,0.6840063286490898,False,synonymous,3.0,1.0,31.0,convergent,0.055,,,,,,,,,,"Strong, convergent, lineage-consistent"
rpoC,c.-960T>C,rifampicin,Chromosome_762410_T_C,True,"Beta-prime subunit of RNA polymerase. Mutations here compensate for the conformational changes in the RNA polymerase complex caused by rpoB RRDR resistance mutations, restoring transcription efficiency.",Comas et al. 2012 Nat Genet; Muller et al. 2017,0.002296,0.029382,0.0781,1.379125188000039e-06,2.1507141820706487e-05,0.0760287290186897,-3.717311516205792,,,,False,1.883745963401507,False,0.6736789959418252,False,noncoding_upstream,2.0,0.0,35.0,convergent,0.08,,,,,,,,,,"Strong, convergent, lineage-consistent"
rpoC,c.2514C>G,rifampicin,Chromosome_765883_C_G,True,"Beta-prime subunit of RNA polymerase. Mutations here compensate for the conformational changes in the RNA polymerase complex caused by rpoB RRDR resistance mutations, restoring transcription efficiency.",Comas et al. 2012 Nat Genet; Muller et al. 2017,0.0,0.021277,0.0,1.6460457011273087e-06,2.3875167433980296e-05,0.0,-19.93156856932417,,,,False,1.2378902045209903,False,0.8720714052853945,False,synonymous,4.0,1.0,23.0,convergent,0.08,,,,,,,,,,"Strong, convergent, lineage-consistent"
mmpL5,p.Asn466Asp,bedaquiline/clofazimine,Chromosome_777085_T_C,True,MmpL5 efflux pump structural component. Gain-of-function mutations that increase pump activity may compensate for BDQ/CFZ fitness costs in highly resistant strains. Borderline primary/compensatory — flag for manual review.,Andries et al.; Hartkoorn et al. 2014,0.0,0.021277,0.0,1.6460457011273087e-06,2.3875167433980296e-05,0.0,-19.93156856932417,,,,False,1.2378902045209903,False,0.8720714052853945,False,nonsynonymous,3.0,0.0,23.0,convergent,0.305,466.0,N,D,23.0,conservative,PDB,8ZKP,0.066,buried,"Strong, convergent, lineage-consistent"
rpoA,c.612G>C,rifampicin,Chromosome_3877896_C_G,True,Compensates transcriptional fitness cost of rpoB RRDR mutations. Mutations in the alpha subunit of RNA polymerase restore the binding geometry disrupted by rpoB resistance mutations.,Comas et al. 2012 Nat Genet; Gagneux et al.,0.0,0.021277,0.0,1.6460457011273087e-06,2.3875167433980296e-05,0.0,-19.93156856932417,,,,False,1.1840688912809472,False,0.9346571892880828,False,synonymous,4.0,1.0,22.0,convergent,0.055,,,,,,,,,,"Strong, convergent, lineage-consistent"
ndh,c.831G>C,isoniazid,Chromosome_2102212_C_G,True,"NADH dehydrogenase. Loss-of-function mutations raise the NADH/NAD+ ratio, which can compensate for INH-mediated inhibition of InhA (InhA requires NADH as cofactor). Not a direct resistance mutation but modulates the INH activation and target environment.",Miesel et al. 1998,0.0,0.021277,0.0,1.6460457011273087e-06,2.3875167433980296e-05,0.0,-19.93156856932417,,,,False,1.1840688912809472,False,0.9346571892880828,False,synonymous,3.0,0.0,22.0,convergent,0.102,,,,,,,,,,"Strong, convergent, lineage-consistent"
mmpL5,c.1275A>G,bedaquiline/clofazimine,Chromosome_777206_T_C,True,MmpL5 efflux pump structural component. Gain-of-function mutations that increase pump activity may compensate for BDQ/CFZ fitness costs in highly resistant strains. Borderline primary/compensatory — flag for manual review.,Andries et al.; Hartkoorn et al. 2014,0.0,0.021277,0.0,1.6460457011273087e-06,2.3875167433980296e-05,0.0,-19.93156856932417,,,,False,1.2378902045209903,False,0.8280255127500844,False,synonymous,3.0,3.0,23.0,convergent,0.305,,,,,,,,,,"Strong, convergent, lineage-consistent"
gid,c.549G>C,streptomycin,Chromosome_4407654_C_G,True,"Glucose-inhibited division protein A. Mutations in gid reduce streptomycin binding through 16S rRNA methylation changes, compensating for the ribosomal fitness defects caused by primary rpsL and rrs resistance mutations.",Nair et al. 1993; Spies et al.,0.0,0.021277,0.0,1.6460457011273087e-06,2.3875167433980296e-05,0.0,-19.93156856932417,,,,False,1.2378902045209903,False,0.8720714052853945,False,synonymous,2.0,0.0,23.0,convergent,0.722,,,,,,,,,,"Strong, convergent, lineage-consistent"
rpoA,c.582G>C,rifampicin,Chromosome_3877926_C_G,True,Compensates transcriptional fitness cost of rpoB RRDR mutations. Mutations in the alpha subunit of RNA polymerase restore the binding geometry disrupted by rpoB resistance mutations.,Comas et al. 2012 Nat Genet; Gagneux et al.,0.0,0.021277,0.0,1.6460457011273087e-06,2.3875167433980296e-05,0.0,-19.93156856932417,,,,False,1.1840688912809472,False,0.8089106052688863,False,synonymous,3.0,1.0,22.0,convergent,0.055,,,,,,,,,,"Strong, convergent, lineage-consistent"
kasA,c.1059C>G,isoniazid,Chromosome_2519173_C_G,True,Beta-ketoacyl ACP synthase involved in mycolic acid synthesis. Mutations here can partially compensate for inhA-mediated INH resistance by altering the flux through the FAS-II fatty acid synthesis pathway.,Mdluli et al. 1998,0.0,0.021277,0.0,1.6460457011273087e-06,2.3875167433980296e-05,0.0,-19.93156856932417,,,,False,1.1840688912809472,False,0.8089106052688863,False,synonymous,5.0,1.0,22.0,convergent,0.116,,,,,,,,,,"Strong, convergent, lineage-consistent"
gyrB,c.1947C>G,fluoroquinolones,Chromosome_7186_C_G,True,"DNA gyrase B subunit. gyrB mutations can compensate for the supercoiling defects caused by gyrA QRDR (Quinolone Resistance-Determining Region) primary resistance mutations, restoring adequate DNA replication efficiency.",Avalos Vizcaino et al.; Mayer & Fierer 2014,0.0,0.021277,0.0,1.6460457011273087e-06,2.3875167433980296e-05,0.0,-19.93156856932417,,,,False,1.2378902045209903,False,0.7922971278529128,False,synonymous,5.0,1.0,23.0,convergent,0.074,,,,,,,,,,"Strong, convergent, lineage-consistent"
gyrB,p.Thr283Pro,fluoroquinolones,Chromosome_6086_A_C,True,"DNA gyrase B subunit. gyrB mutations can compensate for the supercoiling defects caused by gyrA QRDR (Quinolone Resistance-Determining Region) primary resistance mutations, restoring adequate DNA replication efficiency.",Avalos Vizcaino et al.; Mayer & Fierer 2014,0.0,0.021277,0.0,1.6460457011273087e-06,2.3875167433980296e-05,0.0,-19.93156856932417,,,,False,1.2378902045209903,False,0.8280255127500844,False,nonsynonymous,5.0,1.0,23.0,convergent,0.074,283.0,T,P,37.6,conservative,PDB,3M4I,,,"Strong, convergent, lineage-consistent"
rpoC,c.903G>C,rifampicin,Chromosome_764272_G_C,True,"Beta-prime subunit of RNA polymerase. Mutations here compensate for the conformational changes in the RNA polymerase complex caused by rpoB RRDR resistance mutations, restoring transcription efficiency.",Comas et al. 2012 Nat Genet; Muller et al. 2017,0.0,0.021277,0.0,1.6460457011273087e-06,2.3875167433980296e-05,0.0,-19.93156856932417,,,,False,1.3455328310010763,False,0.8089106052688863,False,synonymous,4.0,3.0,25.0,convergent,0.08,,,,,,,,,,"Strong, convergent, lineage-consistent"
kasA,c.807T>C,isoniazid,Chromosome_2518921_T_C,True,Beta-ketoacyl ACP synthase involved in mycolic acid synthesis. Mutations here can partially compensate for inhA-mediated INH resistance by altering the flux through the FAS-II fatty acid synthesis pathway.,Mdluli et al. 1998,0.0,0.021277,0.0,1.6460457011273087e-06,2.3875167433980296e-05,0.0,-19.93156856932417,,,,False,1.4531754574811624,False,0.7922971278529128,False,synonymous,2.0,1.0,27.0,convergent,0.116,,,,,,,,,,"Strong, convergent, lineage-consistent"
rpoC,c.2904T>C,rifampicin,Chromosome_766273_T_C,True,"Beta-prime subunit of RNA polymerase. Mutations here compensate for the conformational changes in the RNA polymerase complex caused by rpoB RRDR resistance mutations, restoring transcription efficiency.",Comas et al. 2012 Nat Genet; Muller et al. 2017,0.0,0.021277,0.0,1.6460457011273087e-06,2.3875167433980296e-05,0.0,-19.93156856932417,,,,False,1.1302475780409045,False,0.9346571892880828,False,synonymous,2.0,2.0,21.0,convergent,0.08,,,,,,,,,,"Strong, convergent, lineage-consistent"
rpoC,c.1851A>G,rifampicin,Chromosome_765220_A_G,True,"Beta-prime subunit of RNA polymerase. Mutations here compensate for the conformational changes in the RNA polymerase complex caused by rpoB RRDR resistance mutations, restoring transcription efficiency.",Comas et al. 2012 Nat Genet; Muller et al. 2017,0.0,0.021277,0.0,1.6460457011273087e-06,2.3875167433980296e-05,0.0,-19.93156856932417,,,,False,1.1302475780409045,False,0.9346571892880828,False,synonymous,2.0,4.0,21.0,convergent,0.08,,,,,,,,,,"Strong, convergent, lineage-consistent"
rpoC,c.363C>G,rifampicin,Chromosome_763732_C_G,True,"Beta-prime subunit of RNA polymerase. Mutations here compensate for the conformational changes in the RNA polymerase complex caused by rpoB RRDR resistance mutations, restoring transcription efficiency.",Comas et al. 2012 Nat Genet; Muller et al. 2017,0.003444,0.031408,0.1097,2.199850396478752e-06,3.161953642167652e-05,0.1065854021108963,-3.2299182341294497,,,,False,2.045209903121636,False,0.6736789959418252,False,synonymous,5.0,3.0,38.0,convergent,0.08,,,,,,,,,,"Strong, convergent, lineage-consistent"
rpoC,c.354G>C,rifampicin,Chromosome_763723_G_C,True,"Beta-prime subunit of RNA polymerase. Mutations here compensate for the conformational changes in the RNA polymerase complex caused by rpoB RRDR resistance mutations, restoring transcription efficiency.",Comas et al. 2012 Nat Genet; Muller et al. 2017,0.003444,0.031408,0.1097,2.199850396478752e-06,3.161953642167652e-05,0.1065854021108963,-3.2299182341294497,,,,False,1.883745963401507,False,0.6736789959418252,False,synonymous,5.0,1.0,35.0,convergent,0.08,,,,,,,,,,"Strong, convergent, lineage-consistent"
gyrB,c.138T>C,fluoroquinolones,Chromosome_5377_T_C,True,"DNA gyrase B subunit. gyrB mutations can compensate for the supercoiling defects caused by gyrA QRDR (Quinolone Resistance-Determining Region) primary resistance mutations, restoring adequate DNA replication efficiency.",Avalos Vizcaino et al.; Mayer & Fierer 2014,0.001148,0.025329,0.0453,2.587936208596714e-06,3.383460708883156e-05,0.0442298850574712,-4.498834696740773,,,,False,1.4531754574811624,False,0.8089106052688863,False,synonymous,2.0,3.0,27.0,convergent,0.074,,,,,,,,,,"Strong, convergent, lineage-consistent"
kasA,p.Val398Ile,isoniazid,Chromosome_2519306_G_A,True,Beta-ketoacyl ACP synthase involved in mycolic acid synthesis. Mutations here can partially compensate for inhA-mediated INH resistance by altering the flux through the FAS-II fatty acid synthesis pathway.,Mdluli et al. 1998,0.001148,0.025329,0.0453,2.587936208596714e-06,3.383460708883156e-05,0.0442298850574712,-4.498834696740773,,,,False,1.4531754574811624,False,0.8089106052688863,False,nonsynonymous,2.0,1.0,27.0,convergent,0.116,398.0,V,I,29.6,conservative,PDB,6P9K,0.0,buried,"Strong, convergent, lineage-consistent"
gyrB,c.861G>C,fluoroquinolones,Chromosome_6100_G_C,True,"DNA gyrase B subunit. gyrB mutations can compensate for the supercoiling defects caused by gyrA QRDR (Quinolone Resistance-Determining Region) primary resistance mutations, restoring adequate DNA replication efficiency.",Avalos Vizcaino et al.; Mayer & Fierer 2014,0.001148,0.025329,0.0453,2.587936208596714e-06,3.383460708883156e-05,0.0442298850574712,-4.498834696740773,,,,False,1.5608180839612489,False,0.6743032395683798,False,synonymous,3.0,3.0,29.0,convergent,0.074,,,,,,,,,,"Strong, convergent, lineage-consistent"
rpoA,c.-326C>G,rifampicin,Chromosome_3878833_G_C,True,Compensates transcriptional fitness cost of rpoB RRDR mutations. Mutations in the alpha subunit of RNA polymerase restore the binding geometry disrupted by rpoB resistance mutations.,Comas et al. 2012 Nat Genet; Gagneux et al.,0.001148,0.025329,0.0453,2.587936208596714e-06,3.383460708883156e-05,0.0442298850574712,-4.498834696740773,,,,False,1.6146393972012916,False,0.7922971278529128,False,noncoding_upstream,2.0,0.0,30.0,convergent,0.055,,,,,,,,,,"Strong, convergent, lineage-consistent"
rpoC,c.3843G>C,rifampicin,Chromosome_767212_G_C,True,"Beta-prime subunit of RNA polymerase. Mutations here compensate for the conformational changes in the RNA polymerase complex caused by rpoB RRDR resistance mutations, restoring transcription efficiency.",Comas et al. 2012 Nat Genet; Muller et al. 2017,0.002296,0.028369,0.0809,2.5309575284219237e-06,3.383460708883156e-05,0.0788262370540851,-3.665180283853873,,,,False,1.7222820236813776,False,0.7068002625253008,False,synonymous,2.0,1.0,32.0,convergent,0.08,,,,,,,,,,"Strong, convergent, lineage-consistent"
rpoC,c.519G>C,rifampicin,Chromosome_763888_G_C,True,"Beta-prime subunit of RNA polymerase. Mutations here compensate for the conformational changes in the RNA polymerase complex caused by rpoB RRDR resistance mutations, restoring transcription efficiency.",Comas et al. 2012 Nat Genet; Muller et al. 2017,0.002296,0.028369,0.0809,2.5309575284219237e-06,3.383460708883156e-05,0.0788262370540851,-3.665180283853873,,,,False,1.776103336921421,False,0.6840063286490898,False,synonymous,2.0,3.0,33.0,convergent,0.08,,,,,,,,,,"Strong, convergent, lineage-consistent"
rpoA,c.402G>C,rifampicin,Chromosome_3878106_C_G,True,Compensates transcriptional fitness cost of rpoB RRDR mutations. Mutations in the alpha subunit of RNA polymerase restore the binding geometry disrupted by rpoB resistance mutations.,Comas et al. 2012 Nat Genet; Gagneux et al.,0.002296,0.028369,0.0809,2.5309575284219237e-06,3.383460708883156e-05,0.0788262370540851,-3.665180283853873,,,,False,1.6684607104413347,False,0.7531078554279901,False,synonymous,2.0,0.0,31.0,convergent,0.055,,,,,,,,,,"Strong, convergent, lineage-consistent"
rpoC,c.-861T>G,rifampicin,Chromosome_762509_T_G,True,"Beta-prime subunit of RNA polymerase. Mutations here compensate for the conformational changes in the RNA polymerase complex caused by rpoB RRDR resistance mutations, restoring transcription efficiency.",Comas et al. 2012 Nat Genet; Muller et al. 2017,0.001148,0.025329,0.0453,2.587936208596714e-06,3.383460708883156e-05,0.0442298850574712,-4.498834696740773,,,,False,1.829924650161464,False,0.6736789959418252,False,noncoding_upstream,2.0,2.0,34.0,convergent,0.08,,,,,,,,,,"Strong, convergent, lineage-consistent"
rpoA,c.669G>C,rifampicin,Chromosome_3877839_C_G,True,Compensates transcriptional fitness cost of rpoB RRDR mutations. Mutations in the alpha subunit of RNA polymerase restore the binding geometry disrupted by rpoB resistance mutations.,Comas et al. 2012 Nat Genet; Gagneux et al.,0.001148,0.025329,0.0453,2.587936208596714e-06,3.383460708883156e-05,0.0442298850574712,-4.498834696740773,,,,False,1.7222820236813776,False,0.7068002625253008,False,synonymous,2.0,2.0,32.0,convergent,0.055,,,,,,,,,,"Strong, convergent, lineage-consistent"
rpoC,c.1197C>G,rifampicin,Chromosome_764566_C_G,True,"Beta-prime subunit of RNA polymerase. Mutations here compensate for the conformational changes in the RNA polymerase complex caused by rpoB RRDR resistance mutations, restoring transcription efficiency.",Comas et al. 2012 Nat Genet; Muller et al. 2017,0.002296,0.028369,0.0809,2.5309575284219237e-06,3.383460708883156e-05,0.0788262370540851,-3.665180283853873,,,,False,1.6146393972012916,False,0.6840063286490898,False,synonymous,4.0,2.0,30.0,convergent,0.08,,,,,,,,,,"Strong, convergent, lineage-consistent"
rpoA,c.378C>G,rifampicin,Chromosome_3878130_G_C,True,Compensates transcriptional fitness cost of rpoB RRDR mutations. Mutations in the alpha subunit of RNA polymerase restore the binding geometry disrupted by rpoB resistance mutations.,Comas et al. 2012 Nat Genet; Gagneux et al.,0.002296,0.028369,0.0809,2.5309575284219237e-06,3.383460708883156e-05,0.0788262370540851,-3.665180283853873,,,,False,1.6146393972012916,False,0.6840063286490898,False,synonymous,3.0,2.0,30.0,convergent,0.055,,,,,,,,,,"Strong, convergent, lineage-consistent"
rpoC,p.Asp221Glu,rifampicin,Chromosome_764032_C_G,True,"Beta-prime subunit of RNA polymerase. Mutations here compensate for the conformational changes in the RNA polymerase complex caused by rpoB RRDR resistance mutations, restoring transcription efficiency.",Comas et al. 2012 Nat Genet; Muller et al. 2017,0.002296,0.028369,0.0809,2.5309575284219237e-06,3.383460708883156e-05,0.0788262370540851,-3.665180283853873,,,,False,1.6684607104413347,False,0.6736789959418252,False,nonsynonymous,2.0,1.0,31.0,convergent,0.08,221.0,D,E,44.6,conservative,PDB,7KIN,0.342,exposed,"Strong, convergent, lineage-consistent"
rpoC,c.834G>C,rifampicin,Chromosome_764203_G_C,True,"Beta-prime subunit of RNA polymerase. Mutations here compensate for the conformational changes in the RNA polymerase complex caused by rpoB RRDR resistance mutations, restoring transcription efficiency.",Comas et al. 2012 Nat Genet; Muller et al. 2017,0.002296,0.028369,0.0809,2.5309575284219237e-06,3.383460708883156e-05,0.0788262370540851,-3.665180283853873,,,,False,1.883745963401507,False,0.6736789959418252,False,synonymous,2.0,0.0,35.0,convergent,0.08,,,,,,,,,,"Strong, convergent, lineage-consistent"
gyrB,c.897G>A,fluoroquinolones,Chromosome_6136_G_A,True,"DNA gyrase B subunit. gyrB mutations can compensate for the supercoiling defects caused by gyrA QRDR (Quinolone Resistance-Determining Region) primary resistance mutations, restoring adequate DNA replication efficiency.",Avalos Vizcaino et al.; Mayer & Fierer 2014,0.001148,0.025329,0.0453,2.587936208596714e-06,3.383460708883156e-05,0.0442298850574712,-4.498834696740773,,,,False,1.4531754574811624,False,0.7531078554279901,False,synonymous,2.0,3.0,27.0,convergent,0.074,,,,,,,,,,"Strong, convergent, lineage-consistent"
kasA,c.1215C>T,isoniazid,Chromosome_2519329_C_T,True,Beta-ketoacyl ACP synthase involved in mycolic acid synthesis. Mutations here can partially compensate for inhA-mediated INH resistance by altering the flux through the FAS-II fatty acid synthesis pathway.,Mdluli et al. 1998,0.001148,0.025329,0.0453,2.587936208596714e-06,3.383460708883156e-05,0.0442298850574712,-4.498834696740773,,,,False,1.5608180839612489,False,0.7068002625253008,False,synonymous,3.0,4.0,29.0,convergent,0.116,,,,,,,,,,"Strong, convergent, lineage-consistent"
ahpC,c.399C>G,isoniazid,Chromosome_2726591_C_G,True,Alkyl hydroperoxide reductase. Upregulation compensates for the loss of KatG-mediated oxidative defence when katG is inactivated by INH-resistance mutations. Promoter mutations causing ahpC upregulation are the canonical compensatory mechanism for katG LoF.,Sherman et al. 1996; Heym et al. 1997,0.001148,0.025329,0.0453,2.587936208596714e-06,3.383460708883156e-05,0.0442298850574712,-4.498834696740773,,,,False,1.5608180839612489,False,0.7922971278529128,False,synonymous,2.0,1.0,29.0,convergent,0.09,,,,,,,,,,"Strong, convergent, lineage-consistent"
rpoC,c.1720T>C,rifampicin,Chromosome_765089_T_C,True,"Beta-prime subunit of RNA polymerase. Mutations here compensate for the conformational changes in the RNA polymerase complex caused by rpoB RRDR resistance mutations, restoring transcription efficiency.",Comas et al. 2012 Nat Genet; Muller et al. 2017,0.004592,0.033435,0.1374,3.093191231907425e-06,3.683081660041715e-05,0.1333752752437873,-2.9064368465747767,,,,False,2.045209903121636,False,0.6736789959418252,False,synonymous,3.0,1.0,38.0,convergent,0.08,,,,,,,,,,"Strong, convergent, lineage-consistent"
kasA,c.855T>G,isoniazid,Chromosome_2518969_T_G,True,Beta-ketoacyl ACP synthase involved in mycolic acid synthesis. Mutations here can partially compensate for inhA-mediated INH resistance by altering the flux through the FAS-II fatty acid synthesis pathway.,Mdluli et al. 1998,0.0,0.020263,0.0,3.156706619775904e-06,3.683081660041715e-05,0.0,-19.93156856932417,,,,False,1.0764262648008611,False,,False,synonymous,3.0,0.0,20.0,convergent,0.116,,,,,,,,,,"Strong, convergent, lineage-consistent"
rpoC,p.Asp1057Glu,rifampicin,Chromosome_766540_C_G,True,"Beta-prime subunit of RNA polymerase. Mutations here compensate for the conformational changes in the RNA polymerase complex caused by rpoB RRDR resistance mutations, restoring transcription efficiency.",Comas et al. 2012 Nat Genet; Muller et al. 2017,0.0,0.020263,0.0,3.156706619775904e-06,3.683081660041715e-05,0.0,-19.93156856932417,,,,False,1.1840688912809472,False,0.7068002625253008,False,nonsynonymous,3.0,2.0,22.0,convergent,0.08,1057.0,D,E,44.6,conservative,PDB,7KIN,0.561,exposed,"Strong, convergent, lineage-consistent"
gyrB,c.624G>C,fluoroquinolones,Chromosome_5863_G_C,True,"DNA gyrase B subunit. gyrB mutations can compensate for the supercoiling defects caused by gyrA QRDR (Quinolone Resistance-Determining Region) primary resistance mutations, restoring adequate DNA replication efficiency.",Avalos Vizcaino et al.; Mayer & Fierer 2014,0.0,0.020263,0.0,3.156706619775904e-06,3.683081660041715e-05,0.0,-19.93156856932417,,,,False,1.2917115177610334,False,0.8280255127500844,False,synonymous,4.0,0.0,24.0,convergent,0.074,,,,,,,,,,"Strong, convergent, lineage-consistent"
gyrB,c.564A>G,fluoroquinolones,Chromosome_5803_A_G,True,"DNA gyrase B subunit. gyrB mutations can compensate for the supercoiling defects caused by gyrA QRDR (Quinolone Resistance-Determining Region) primary resistance mutations, restoring adequate DNA replication efficiency.",Avalos Vizcaino et al.; Mayer & Fierer 2014,0.0,0.020263,0.0,3.156706619775904e-06,3.683081660041715e-05,0.0,-19.93156856932417,,,,False,1.3455328310010763,False,0.8089106052688863,False,synonymous,2.0,3.0,25.0,convergent,0.074,,,,,,,,,,"Strong, convergent, lineage-consistent"
mmpL5,c.855C>T,bedaquiline/clofazimine,Chromosome_777626_G_A,True,MmpL5 efflux pump structural component. Gain-of-function mutations that increase pump activity may compensate for BDQ/CFZ fitness costs in highly resistant strains. Borderline primary/compensatory — flag for manual review.,Andries et al.; Hartkoorn et al. 2014,0.0,0.020263,0.0,3.156706619775904e-06,3.683081660041715e-05,0.0,-19.93156856932417,,,,False,1.2378902045209903,False,0.8089106052688863,False,synonymous,6.0,2.0,23.0,convergent,0.305,,,,,,,,,,"Strong, convergent, lineage-consistent"
mmpL5,c.1386T>C,bedaquiline/clofazimine,Chromosome_777095_A_G,True,MmpL5 efflux pump structural component. Gain-of-function mutations that increase pump activity may compensate for BDQ/CFZ fitness costs in highly resistant strains. Borderline primary/compensatory — flag for manual review.,Andries et al.; Hartkoorn et al. 2014,0.0,0.020263,0.0,3.156706619775904e-06,3.683081660041715e-05,0.0,-19.93156856932417,,,,False,1.1302475780409045,False,0.8280255127500844,False,synonymous,3.0,4.0,21.0,convergent,0.305,,,,,,,,,,"Strong, convergent, lineage-consistent"
rpoA,c.468T>C,rifampicin,Chromosome_3878040_A_G,True,Compensates transcriptional fitness cost of rpoB RRDR mutations. Mutations in the alpha subunit of RNA polymerase restore the binding geometry disrupted by rpoB resistance mutations.,Comas et al. 2012 Nat Genet; Gagneux et al.,0.0,0.020263,0.0,3.156706619775904e-06,3.683081660041715e-05,0.0,-19.93156856932417,,,,False,1.2917115177610334,False,0.8089106052688863,False,synonymous,5.0,2.0,24.0,convergent,0.055,,,,,,,,,,"Strong, convergent, lineage-consistent"
kasA,c.1113G>C,isoniazid,Chromosome_2519227_G_C,True,Beta-ketoacyl ACP synthase involved in mycolic acid synthesis. Mutations here can partially compensate for inhA-mediated INH resistance by altering the flux through the FAS-II fatty acid synthesis pathway.,Mdluli et al. 1998,0.0,0.020263,0.0,3.156706619775904e-06,3.683081660041715e-05,0.0,-19.93156856932417,,,,False,1.3455328310010763,False,0.7922971278529128,False,synonymous,3.0,4.0,25.0,convergent,0.116,,,,,,,,,,"Strong, convergent, lineage-consistent"
mmpL5,c.834C>G,bedaquiline/clofazimine,Chromosome_777647_G_C,True,MmpL5 efflux pump structural component. Gain-of-function mutations that increase pump activity may compensate for BDQ/CFZ fitness costs in highly resistant strains. Borderline primary/compensatory — flag for manual review.,Andries et al.; Hartkoorn et al. 2014,0.0,0.020263,0.0,3.156706619775904e-06,3.683081660041715e-05,0.0,-19.93156856932417,,,,False,1.3455328310010763,False,0.8089106052688863,False,synonymous,5.0,0.0,25.0,convergent,0.305,,,,,,,,,,"Strong, convergent, lineage-consistent"
rpoC,c.177A>G,rifampicin,Chromosome_763546_A_G,True,"Beta-prime subunit of RNA polymerase. Mutations here compensate for the conformational changes in the RNA polymerase complex caused by rpoB RRDR resistance mutations, restoring transcription efficiency.",Comas et al. 2012 Nat Genet; Muller et al. 2017,0.004592,0.033435,0.1374,3.093191231907425e-06,3.683081660041715e-05,0.1333752752437873,-2.9064368465747767,,,,False,2.045209903121636,False,0.6743032395683798,False,synonymous,5.0,1.0,38.0,convergent,0.08,,,,,,,,,,"Strong, convergent, lineage-consistent"
rpoC,c.1878C>G,rifampicin,Chromosome_765247_C_G,True,"Beta-prime subunit of RNA polymerase. Mutations here compensate for the conformational changes in the RNA polymerase complex caused by rpoB RRDR resistance mutations, restoring transcription efficiency.",Comas et al. 2012 Nat Genet; Muller et al. 2017,0.0,0.020263,0.0,3.156706619775904e-06,3.683081660041715e-05,0.0,-19.93156856932417,,,,False,1.0764262648008611,False,,False,synonymous,2.0,3.0,20.0,convergent,0.08,,,,,,,,,,"Strong, convergent, lineage-consistent"
mmpL5,c.1227G>C,bedaquiline/clofazimine,Chromosome_777254_C_G,True,MmpL5 efflux pump structural component. Gain-of-function mutations that increase pump activity may compensate for BDQ/CFZ fitness costs in highly resistant strains. Borderline primary/compensatory — flag for manual review.,Andries et al.; Hartkoorn et al. 2014,0.0,0.020263,0.0,3.156706619775904e-06,3.683081660041715e-05,0.0,-19.93156856932417,,,,False,1.1302475780409045,False,0.8720714052853945,False,synonymous,4.0,1.0,21.0,convergent,0.305,,,,,,,,,,"Strong, convergent, lineage-consistent"
ahpC,c.351A>G,isoniazid,Chromosome_2726543_A_G,True,Alkyl hydroperoxide reductase. Upregulation compensates for the loss of KatG-mediated oxidative defence when katG is inactivated by INH-resistance mutations. Promoter mutations causing ahpC upregulation are the canonical compensatory mechanism for katG LoF.,Sherman et al. 1996; Heym et al. 1997,0.0,0.020263,0.0,3.156706619775904e-06,3.683081660041715e-05,0.0,-19.93156856932417,,,,False,1.1302475780409045,False,0.9346571892880828,False,synonymous,3.0,0.0,21.0,convergent,0.09,,,,,,,,,,"Strong, convergent, lineage-consistent"
kasA,c.849T>C,isoniazid,Chromosome_2518963_T_C,True,Beta-ketoacyl ACP synthase involved in mycolic acid synthesis. Mutations here can partially compensate for inhA-mediated INH resistance by altering the flux through the FAS-II fatty acid synthesis pathway.,Mdluli et al. 1998,0.0,0.020263,0.0,3.156706619775904e-06,3.683081660041715e-05,0.0,-19.93156856932417,,,,False,1.0764262648008611,False,,False,synonymous,3.0,0.0,20.0,convergent,0.116,,,,,,,,,,"Strong, convergent, lineage-consistent"
kasA,c.894C>G,isoniazid,Chromosome_2519008_C_G,True,Beta-ketoacyl ACP synthase involved in mycolic acid synthesis. Mutations here can partially compensate for inhA-mediated INH resistance by altering the flux through the FAS-II fatty acid synthesis pathway.,Mdluli et al. 1998,0.0,0.020263,0.0,3.156706619775904e-06,3.683081660041715e-05,0.0,-19.93156856932417,,,,False,1.1302475780409045,False,0.9346571892880828,False,synonymous,3.0,1.0,21.0,convergent,0.116,,,,,,,,,,"Strong, convergent, lineage-consistent"
ahpC,p.Ala149Val,isoniazid,Chromosome_2726638_C_T,True,Alkyl hydroperoxide reductase. Upregulation compensates for the loss of KatG-mediated oxidative defence when katG is inactivated by INH-resistance mutations. Promoter mutations causing ahpC upregulation are the canonical compensatory mechanism for katG LoF.,Sherman et al. 1996; Heym et al. 1997,0.0,0.020263,0.0,3.156706619775904e-06,3.683081660041715e-05,0.0,-19.93156856932417,,,,False,1.5069967707212055,False,0.6840063286490898,False,nonsynonymous,3.0,3.0,28.0,convergent,0.09,149.0,A,V,64.4,moderately_conservative,PDB,2BMX,0.0,buried,"Strong, convergent, lineage-consistent"
gyrB,c.384T>C,fluoroquinolones,Chromosome_5623_T_C,True,"DNA gyrase B subunit. gyrB mutations can compensate for the supercoiling defects caused by gyrA QRDR (Quinolone Resistance-Determining Region) primary resistance mutations, restoring adequate DNA replication efficiency.",Avalos Vizcaino et al.; Mayer & Fierer 2014,0.0,0.020263,0.0,3.156706619775904e-06,3.683081660041715e-05,0.0,-19.93156856932417,,,,False,1.2917115177610334,False,0.7922971278529128,False,synonymous,3.0,5.0,24.0,convergent,0.074,,,,,,,,,,"Strong, convergent, lineage-consistent"
kasA,c.903G>C,isoniazid,Chromosome_2519017_G_C,True,Beta-ketoacyl ACP synthase involved in mycolic acid synthesis. Mutations here can partially compensate for inhA-mediated INH resistance by altering the flux through the FAS-II fatty acid synthesis pathway.,Mdluli et al. 1998,0.0,0.020263,0.0,3.156706619775904e-06,3.683081660041715e-05,0.0,-19.93156856932417,,,,False,1.1302475780409045,False,0.9346571892880828,False,synonymous,3.0,1.0,21.0,convergent,0.116,,,,,,,,,,"Strong, convergent, lineage-consistent"
rpoC,p.Ile937Val,rifampicin,Chromosome_766178_A_G,True,"Beta-prime subunit of RNA polymerase. Mutations here compensate for the conformational changes in the RNA polymerase complex caused by rpoB RRDR resistance mutations, restoring transcription efficiency.",Comas et al. 2012 Nat Genet; Muller et al. 2017,0.0,0.020263,0.0,3.156706619775904e-06,3.683081660041715e-05,0.0,-19.93156856932417,,,,False,1.1302475780409045,False,0.9346571892880828,False,nonsynonymous,3.0,2.0,21.0,convergent,0.08,937.0,I,V,29.6,conservative,PDB,7KIN,0.284,exposed,"Strong, convergent, lineage-consistent"
rpoA,c.24C>A,rifampicin,Chromosome_3878484_G_T,True,Compensates transcriptional fitness cost of rpoB RRDR mutations. Mutations in the alpha subunit of RNA polymerase restore the binding geometry disrupted by rpoB resistance mutations.,Comas et al. 2012 Nat Genet; Gagneux et al.,0.0,0.020263,0.0,3.156706619775904e-06,3.683081660041715e-05,0.0,-19.93156856932417,,,,False,1.1302475780409045,False,0.8089106052688863,False,synonymous,3.0,1.0,21.0,convergent,0.055,,,,,,,,,,"Strong, convergent, lineage-consistent"
kasA,c.906G>C,isoniazid,Chromosome_2519020_G_C,True,Beta-ketoacyl ACP synthase involved in mycolic acid synthesis. Mutations here can partially compensate for inhA-mediated INH resistance by altering the flux through the FAS-II fatty acid synthesis pathway.,Mdluli et al. 1998,0.0,0.020263,0.0,3.156706619775904e-06,3.683081660041715e-05,0.0,-19.93156856932417,,,,False,1.1302475780409045,False,0.9346571892880828,False,synonymous,3.0,1.0,21.0,convergent,0.116,,,,,,,,,,"Strong, convergent, lineage-consistent"
kasA,c.663C>T,isoniazid,Chromosome_2518777_C_T,True,Beta-ketoacyl ACP synthase involved in mycolic acid synthesis. Mutations here can partially compensate for inhA-mediated INH resistance by altering the flux through the FAS-II fatty acid synthesis pathway.,Mdluli et al. 1998,0.0,0.020263,0.0,3.156706619775904e-06,3.683081660041715e-05,0.0,-19.93156856932417,,,,False,1.1302475780409045,False,0.8280255127500844,False,synonymous,4.0,0.0,21.0,convergent,0.116,,,,,,,,,,"Strong, convergent, lineage-consistent"
ndh,c.177C>G,isoniazid,Chromosome_2102866_G_C,True,"NADH dehydrogenase. Loss-of-function mutations raise the NADH/NAD+ ratio, which can compensate for INH-mediated inhibition of InhA (InhA requires NADH as cofactor). Not a direct resistance mutation but modulates the INH activation and target environment.",Miesel et al. 1998,0.0,0.020263,0.0,3.156706619775904e-06,3.683081660041715e-05,0.0,-19.93156856932417,,,,False,1.1840688912809472,False,0.8280255127500844,False,synonymous,3.0,3.0,22.0,convergent,0.102,,,,,,,,,,"Strong, convergent, lineage-consistent"
ndh,c.1080G>A,isoniazid,Chromosome_2101963_C_T,True,"NADH dehydrogenase. Loss-of-function mutations raise the NADH/NAD+ ratio, which can compensate for INH-mediated inhibition of InhA (InhA requires NADH as cofactor). Not a direct resistance mutation but modulates the INH activation and target environment.",Miesel et al. 1998,0.0,0.020263,0.0,3.156706619775904e-06,3.683081660041715e-05,0.0,-19.93156856932417,,,,False,1.0764262648008611,False,0.9346571892880828,False,synonymous,4.0,0.0,20.0,convergent,0.102,,,,,,,,,,"Strong, convergent, lineage-consistent"
mmpL5,p.Leu500Gln,bedaquiline/clofazimine,Chromosome_776982_A_T,True,MmpL5 efflux pump structural component. Gain-of-function mutations that increase pump activity may compensate for BDQ/CFZ fitness costs in highly resistant strains. Borderline primary/compensatory — flag for manual review.,Andries et al.; Hartkoorn et al. 2014,0.0,0.020263,0.0,3.156706619775904e-06,3.683081660041715e-05,0.0,-19.93156856932417,,,,False,1.4531754574811624,False,0.7531078554279901,False,nonsynonymous,2.0,2.0,27.0,convergent,0.305,500.0,L,Q,112.4,moderately_radical,PDB,8ZKP,0.055,buried,"Strong, convergent, lineage-consistent"
gyrB,c.663A>G,fluoroquinolones,Chromosome_5902_A_G,True,"DNA gyrase B subunit. gyrB mutations can compensate for the supercoiling defects caused by gyrA QRDR (Quinolone Resistance-Determining Region) primary resistance mutations, restoring adequate DNA replication efficiency.",Avalos Vizcaino et al.; Mayer & Fierer 2014,0.0,0.020263,0.0,3.156706619775904e-06,3.683081660041715e-05,0.0,-19.93156856932417,,,,False,1.2917115177610334,False,0.8280255127500844,False,synonymous,3.0,3.0,24.0,convergent,0.074,,,,,,,,,,"Strong, convergent, lineage-consistent"
rpoA,c.12A>T,rifampicin,Chromosome_3878496_T_A,True,Compensates transcriptional fitness cost of rpoB RRDR mutations. Mutations in the alpha subunit of RNA polymerase restore the binding geometry disrupted by rpoB resistance mutations.,Comas et al. 2012 Nat Genet; Gagneux et al.,0.003444,0.030395,0.1133,3.917727046160983e-06,4.548757533888129e-05,0.1102534562211981,-3.181104212845816,,,,False,1.9375672766415504,False,0.6736789959418252,False,synonymous,6.0,1.0,36.0,convergent,0.055,,,,,,,,,,"Strong, convergent, lineage-consistent"
rpoA,c.-257A>G,rifampicin,Chromosome_3878764_T_C,True,Compensates transcriptional fitness cost of rpoB RRDR mutations. Mutations in the alpha subunit of RNA polymerase restore the binding geometry disrupted by rpoB resistance mutations.,Comas et al. 2012 Nat Genet; Gagneux et al.,0.003444,0.030395,0.1133,3.917727046160983e-06,4.548757533888129e-05,0.1102534562211981,-3.181104212845816,,,,False,1.776103336921421,False,0.6840063286490898,False,noncoding_upstream,3.0,2.0,33.0,convergent,0.055,,,,,,,,,,"Strong, convergent, lineage-consistent"
rpoC,c.2766G>A,rifampicin,Chromosome_766135_G_A,True,"Beta-prime subunit of RNA polymerase. Mutations here compensate for the conformational changes in the RNA polymerase complex caused by rpoB RRDR resistance mutations, restoring transcription efficiency.",Comas et al. 2012 Nat Genet; Muller et al. 2017,0.002296,0.027356,0.0839,4.639048186425298e-06,5.1482646385166325e-05,0.0818309679069172,-3.6112092733693504,,,,False,1.6684607104413347,False,0.7531078554279901,False,synonymous,4.0,1.0,31.0,convergent,0.08,,,,,,,,,,"Strong, convergent, lineage-consistent"
rpoA,c.-719G>C,rifampicin,Chromosome_3879226_C_G,True,Compensates transcriptional fitness cost of rpoB RRDR mutations. Mutations in the alpha subunit of RNA polymerase restore the binding geometry disrupted by rpoB resistance mutations.,Comas et al. 2012 Nat Genet; Gagneux et al.,0.002296,0.027356,0.0839,4.639048186425298e-06,5.1482646385166325e-05,0.0818309679069172,-3.6112092733693504,,,,False,1.5608180839612489,False,0.8089106052688863,False,noncoding_upstream,2.0,0.0,29.0,convergent,0.055,,,,,,,,,,"Strong, convergent, lineage-consistent"
rpoA,c.-715T>C,rifampicin,Chromosome_3879222_A_G,True,Compensates transcriptional fitness cost of rpoB RRDR mutations. Mutations in the alpha subunit of RNA polymerase restore the binding geometry disrupted by rpoB resistance mutations.,Comas et al. 2012 Nat Genet; Gagneux et al.,0.002296,0.027356,0.0839,4.639048186425298e-06,5.1482646385166325e-05,0.0818309679069172,-3.6112092733693504,,,,False,1.5608180839612489,False,0.8089106052688863,False,noncoding_upstream,2.0,0.0,29.0,convergent,0.055,,,,,,,,,,"Strong, convergent, lineage-consistent"
rpoA,c.-239A>G,rifampicin,Chromosome_3878746_T_C,True,Compensates transcriptional fitness cost of rpoB RRDR mutations. Mutations in the alpha subunit of RNA polymerase restore the binding geometry disrupted by rpoB resistance mutations.,Comas et al. 2012 Nat Genet; Gagneux et al.,0.002296,0.027356,0.0839,4.639048186425298e-06,5.1482646385166325e-05,0.0818309679069172,-3.6112092733693504,,,,False,1.5608180839612489,False,0.7068002625253008,False,noncoding_upstream,2.0,3.0,29.0,convergent,0.055,,,,,,,,,,"Strong, convergent, lineage-consistent"
rpoC,c.3837C>G,rifampicin,Chromosome_767206_C_G,True,"Beta-prime subunit of RNA polymerase. Mutations here compensate for the conformational changes in the RNA polymerase complex caused by rpoB RRDR resistance mutations, restoring transcription efficiency.",Comas et al. 2012 Nat Genet; Muller et al. 2017,0.002296,0.027356,0.0839,4.639048186425298e-06,5.1482646385166325e-05,0.0818309679069172,-3.6112092733693504,,,,False,1.776103336921421,False,0.6840063286490898,False,synonymous,2.0,1.0,33.0,convergent,0.08,,,,,,,,,,"Strong, convergent, lineage-consistent"
rpoC,c.-18T>A,rifampicin,Chromosome_763352_T_A,True,"Beta-prime subunit of RNA polymerase. Mutations here compensate for the conformational changes in the RNA polymerase complex caused by rpoB RRDR resistance mutations, restoring transcription efficiency.",Comas et al. 2012 Nat Genet; Muller et al. 2017,0.002296,0.027356,0.0839,4.639048186425298e-06,5.1482646385166325e-05,0.0818309679069172,-3.6112092733693504,,,,False,1.6684607104413347,False,0.7531078554279901,False,noncoding_upstream,4.0,0.0,31.0,convergent,0.08,,,,,,,,,,"Strong, convergent, lineage-consistent"
rpoA,p.Ile299Val,rifampicin,Chromosome_3877613_T_C,True,Compensates transcriptional fitness cost of rpoB RRDR mutations. Mutations in the alpha subunit of RNA polymerase restore the binding geometry disrupted by rpoB resistance mutations.,Comas et al. 2012 Nat Genet; Gagneux et al.,0.002296,0.027356,0.0839,4.639048186425298e-06,5.1482646385166325e-05,0.0818309679069172,-3.6112092733693504,,,,False,1.6146393972012916,False,0.7922971278529128,False,nonsynonymous,2.0,1.0,30.0,convergent,0.055,299.0,I,V,29.6,conservative,PDB,7KIN,,,"Strong, convergent, lineage-consistent"
rpoC,c.-19T>C,rifampicin,Chromosome_763351_T_C,True,"Beta-prime subunit of RNA polymerase. Mutations here compensate for the conformational changes in the RNA polymerase complex caused by rpoB RRDR resistance mutations, restoring transcription efficiency.",Comas et al. 2012 Nat Genet; Muller et al. 2017,0.002296,0.027356,0.0839,4.639048186425298e-06,5.1482646385166325e-05,0.0818309679069172,-3.6112092733693504,,,,False,1.6684607104413347,False,0.7531078554279901,False,noncoding_upstream,4.0,0.0,31.0,convergent,0.08,,,,,,,,,,"Strong, convergent, lineage-consistent"
rpoC,c.3180G>C,rifampicin,Chromosome_766549_G_C,True,"Beta-prime subunit of RNA polymerase. Mutations here compensate for the conformational changes in the RNA polymerase complex caused by rpoB RRDR resistance mutations, restoring transcription efficiency.",Comas et al. 2012 Nat Genet; Muller et al. 2017,0.002296,0.027356,0.0839,4.639048186425298e-06,5.1482646385166325e-05,0.0818309679069172,-3.6112092733693504,,,,False,1.7222820236813776,False,0.7068002625253008,False,synonymous,2.0,3.0,32.0,convergent,0.08,,,,,,,,,,"Strong, convergent, lineage-consistent"
rpoC,c.-86C>T,rifampicin,Chromosome_763284_C_T,True,"Beta-prime subunit of RNA polymerase. Mutations here compensate for the conformational changes in the RNA polymerase complex caused by rpoB RRDR resistance mutations, restoring transcription efficiency.",Comas et al. 2012 Nat Genet; Muller et al. 2017,0.002296,0.027356,0.0839,4.639048186425298e-06,5.1482646385166325e-05,0.0818309679069172,-3.6112092733693504,,,,False,1.5608180839612489,False,0.7922971278529128,False,noncoding_upstream,2.0,2.0,29.0,convergent,0.08,,,,,,,,,,"Strong, convergent, lineage-consistent"
rpoC,c.3840T>C,rifampicin,Chromosome_767209_T_C,True,"Beta-prime subunit of RNA polymerase. Mutations here compensate for the conformational changes in the RNA polymerase complex caused by rpoB RRDR resistance mutations, restoring transcription efficiency.",Comas et al. 2012 Nat Genet; Muller et al. 2017,0.002296,0.027356,0.0839,4.639048186425298e-06,5.1482646385166325e-05,0.0818309679069172,-3.6112092733693504,,,,False,1.776103336921421,False,0.6840063286490898,False,synonymous,2.0,1.0,33.0,convergent,0.08,,,,,,,,,,"Strong, convergent, lineage-consistent"
rpoC,c.1059G>C,rifampicin,Chromosome_764428_G_C,True,"Beta-prime subunit of RNA polymerase. Mutations here compensate for the conformational changes in the RNA polymerase complex caused by rpoB RRDR resistance mutations, restoring transcription efficiency.",Comas et al. 2012 Nat Genet; Muller et al. 2017,0.002296,0.027356,0.0839,4.639048186425298e-06,5.1482646385166325e-05,0.0818309679069172,-3.6112092733693504,,,,False,1.776103336921421,False,0.7845273118476559,False,synonymous,6.0,2.0,33.0,convergent,0.08,,,,,,,,,,"Strong, convergent, lineage-consistent"
rpoC,c.3690T>G,rifampicin,Chromosome_767059_T_G,True,"Beta-prime subunit of RNA polymerase. Mutations here compensate for the conformational changes in the RNA polymerase complex caused by rpoB RRDR resistance mutations, restoring transcription efficiency.",Comas et al. 2012 Nat Genet; Muller et al. 2017,0.002296,0.027356,0.0839,4.639048186425298e-06,5.1482646385166325e-05,0.0818309679069172,-3.6112092733693504,,,,False,1.7222820236813776,False,0.7068002625253008,False,synonymous,3.0,1.0,32.0,convergent,0.08,,,,,,,,,,"Strong, convergent, lineage-consistent"
rpoC,c.3603G>C,rifampicin,Chromosome_766972_G_C,True,"Beta-prime subunit of RNA polymerase. Mutations here compensate for the conformational changes in the RNA polymerase complex caused by rpoB RRDR resistance mutations, restoring transcription efficiency.",Comas et al. 2012 Nat Genet; Muller et al. 2017,0.002296,0.027356,0.0839,4.639048186425298e-06,5.1482646385166325e-05,0.0818309679069172,-3.6112092733693504,,,,False,1.5608180839612489,False,0.7922971278529128,False,synonymous,3.0,1.0,29.0,convergent,0.08,,,,,,,,,,"Strong, convergent, lineage-consistent"
rpoC,c.2994G>C,rifampicin,Chromosome_766363_G_C,True,"Beta-prime subunit of RNA polymerase. Mutations here compensate for the conformational changes in the RNA polymerase complex caused by rpoB RRDR resistance mutations, restoring transcription efficiency.",Comas et al. 2012 Nat Genet; Muller et al. 2017,0.001148,0.024316,0.0472,4.925337657383974e-06,5.22304695578585e-05,0.0461206896551724,-4.438442103613787,,,,False,1.5069967707212055,False,0.6736789959418252,False,synonymous,3.0,1.0,28.0,convergent,0.08,,,,,,,,,,"Strong, convergent, lineage-consistent"
kasA,c.1191A>G,isoniazid,Chromosome_2519305_A_G,True,Beta-ketoacyl ACP synthase involved in mycolic acid synthesis. Mutations here can partially compensate for inhA-mediated INH resistance by altering the flux through the FAS-II fatty acid synthesis pathway.,Mdluli et al. 1998,0.001148,0.024316,0.0472,4.925337657383974e-06,5.22304695578585e-05,0.0461206896551724,-4.438442103613787,,,,False,1.5608180839612489,False,0.8089106052688863,False,synonymous,2.0,0.0,29.0,convergent,0.116,,,,,,,,,,"Strong, convergent, lineage-consistent"
ahpC,c.165A>G,isoniazid,Chromosome_2726357_A_G,True,Alkyl hydroperoxide reductase. Upregulation compensates for the loss of KatG-mediated oxidative defence when katG is inactivated by INH-resistance mutations. Promoter mutations causing ahpC upregulation are the canonical compensatory mechanism for katG LoF.,Sherman et al. 1996; Heym et al. 1997,0.001148,0.024316,0.0472,4.925337657383974e-06,5.22304695578585e-05,0.0461206896551724,-4.438442103613787,,,,False,1.6146393972012916,False,0.7922971278529128,False,synonymous,2.0,0.0,30.0,convergent,0.09,,,,,,,,,,"Strong, convergent, lineage-consistent"
gyrB,c.102T>C,fluoroquinolones,Chromosome_5341_T_C,True,"DNA gyrase B subunit. gyrB mutations can compensate for the supercoiling defects caused by gyrA QRDR (Quinolone Resistance-Determining Region) primary resistance mutations, restoring adequate DNA replication efficiency.",Avalos Vizcaino et al.; Mayer & Fierer 2014,0.001148,0.024316,0.0472,4.925337657383974e-06,5.22304695578585e-05,0.0461206896551724,-4.438442103613787,,,,False,1.4531754574811624,False,0.8089106052688863,False,synonymous,2.0,3.0,27.0,convergent,0.074,,,,,,,,,,"Strong, convergent, lineage-consistent"
rpoA,c.642G>C,rifampicin,Chromosome_3877866_C_G,True,Compensates transcriptional fitness cost of rpoB RRDR mutations. Mutations in the alpha subunit of RNA polymerase restore the binding geometry disrupted by rpoB resistance mutations.,Comas et al. 2012 Nat Genet; Gagneux et al.,0.001148,0.024316,0.0472,4.925337657383974e-06,5.22304695578585e-05,0.0461206896551724,-4.438442103613787,,,,False,1.3455328310010763,False,0.7531078554279901,False,synonymous,3.0,2.0,25.0,convergent,0.055,,,,,,,,,,"Strong, convergent, lineage-consistent"
ndh,c.171A>G,isoniazid,Chromosome_2102872_T_C,True,"NADH dehydrogenase. Loss-of-function mutations raise the NADH/NAD+ ratio, which can compensate for INH-mediated inhibition of InhA (InhA requires NADH as cofactor). Not a direct resistance mutation but modulates the INH activation and target environment.",Miesel et al. 1998,0.001148,0.024316,0.0472,4.925337657383974e-06,5.22304695578585e-05,0.0461206896551724,-4.438442103613787,,,,False,1.3993541442411197,False,0.7531078554279901,False,synonymous,2.0,2.0,26.0,convergent,0.102,,,,,,,,,,"Strong, convergent, lineage-consistent"
ahpC,c.156T>C,isoniazid,Chromosome_2726348_T_C,True,Alkyl hydroperoxide reductase. Upregulation compensates for the loss of KatG-mediated oxidative defence when katG is inactivated by INH-resistance mutations. Promoter mutations causing ahpC upregulation are the canonical compensatory mechanism for katG LoF.,Sherman et al. 1996; Heym et al. 1997,0.001148,0.024316,0.0472,4.925337657383974e-06,5.22304695578585e-05,0.0461206896551724,-4.438442103613787,,,,False,1.6146393972012916,False,0.7922971278529128,False,synonymous,2.0,0.0,30.0,convergent,0.09,,,,,,,,,,"Strong, convergent, lineage-consistent"
rpoC,c.1170C>G,rifampicin,Chromosome_764539_C_G,True,"Beta-prime subunit of RNA polymerase. Mutations here compensate for the conformational changes in the RNA polymerase complex caused by rpoB RRDR resistance mutations, restoring transcription efficiency.",Comas et al. 2012 Nat Genet; Muller et al. 2017,0.004592,0.032421,0.1416,5.3732557262128064e-06,5.68540495021896e-05,0.1376874279123414,-2.860531260298724,,,,False,2.099031216361679,False,0.6736789959418252,False,synonymous,5.0,1.0,39.0,convergent,0.08,,,,,,,,,,"Strong, convergent, lineage-consistent"
rpoC,c.1879T>C,rifampicin,Chromosome_765248_T_C,True,"Beta-prime subunit of RNA polymerase. Mutations here compensate for the conformational changes in the RNA polymerase complex caused by rpoB RRDR resistance mutations, restoring transcription efficiency.",Comas et al. 2012 Nat Genet; Muller et al. 2017,0.0,0.01925,0.0,6.057525430229788e-06,5.9847849592249584e-05,0.0,-19.93156856932417,,,,False,1.0764262648008611,False,,False,synonymous,2.0,3.0,20.0,convergent,0.08,,,,,,,,,,"Strong, convergent, lineage-consistent"
ndh,c.186T>C,isoniazid,Chromosome_2102857_A_G,True,"NADH dehydrogenase. Loss-of-function mutations raise the NADH/NAD+ ratio, which can compensate for INH-mediated inhibition of InhA (InhA requires NADH as cofactor). Not a direct resistance mutation but modulates the INH activation and target environment.",Miesel et al. 1998,0.0,0.01925,0.0,6.057525430229788e-06,5.9847849592249584e-05,0.0,-19.93156856932417,,,,False,1.3455328310010763,False,0.7068002625253008,False,synonymous,4.0,3.0,25.0,convergent,0.102,,,,,,,,,,"Strong, convergent, lineage-consistent"
whiB7,c.-490T>C,multiple,Chromosome_3569169_A_G,True,"WhiB7 is a transcriptional activator of multiple intrinsic resistance mechanisms including eis (aminoglycoside), tap (efflux), and others. Mutations affecting whiB7 activity can modulate broad fitness costs of MDR. Emerging evidence for compensatory role in MDR-TB fitness restoration.",Burian et al. 2012; Larsson et al.,0.0,0.01925,0.0,6.057525430229788e-06,5.9847849592249584e-05,0.0,-19.93156856932417,,,,False,1.1840688912809472,False,0.9346571892880828,False,noncoding_upstream,3.0,1.0,22.0,convergent,undefined_dS_zero,,,,,,,,,,"Strong, convergent, lineage-consistent"
ahpC,c.336C>G,isoniazid,Chromosome_2726528_C_G,True,Alkyl hydroperoxide reductase. Upregulation compensates for the loss of KatG-mediated oxidative defence when katG is inactivated by INH-resistance mutations. Promoter mutations causing ahpC upregulation are the canonical compensatory mechanism for katG LoF.,Sherman et al. 1996; Heym et al. 1997,0.0,0.01925,0.0,6.057525430229788e-06,5.9847849592249584e-05,0.0,-19.93156856932417,,,,False,1.0764262648008611,False,0.8720714052853945,False,synonymous,3.0,0.0,20.0,convergent,0.09,,,,,,,,,,"Strong, convergent, lineage-consistent"
ndh,c.231T>C,isoniazid,Chromosome_2102812_A_G,True,"NADH dehydrogenase. Loss-of-function mutations raise the NADH/NAD+ ratio, which can compensate for INH-mediated inhibition of InhA (InhA requires NADH as cofactor). Not a direct resistance mutation but modulates the INH activation and target environment.",Miesel et al. 1998,0.0,0.01925,0.0,6.057525430229788e-06,5.9847849592249584e-05,0.0,-19.93156856932417,,,,False,1.1302475780409045,False,0.8720714052853945,False,synonymous,3.0,2.0,21.0,convergent,0.102,,,,,,,,,,"Strong, convergent, lineage-consistent"
ndh,c.183G>C,isoniazid,Chromosome_2102860_C_G,True,"NADH dehydrogenase. Loss-of-function mutations raise the NADH/NAD+ ratio, which can compensate for INH-mediated inhibition of InhA (InhA requires NADH as cofactor). Not a direct resistance mutation but modulates the INH activation and target environment.",Miesel et al. 1998,0.0,0.01925,0.0,6.057525430229788e-06,5.9847849592249584e-05,0.0,-19.93156856932417,,,,False,1.3455328310010763,False,0.7068002625253008,False,synonymous,5.0,4.0,25.0,convergent,0.102,,,,,,,,,,"Strong, convergent, lineage-consistent"
gyrB,c.87T>C,fluoroquinolones,Chromosome_5326_T_C,True,"DNA gyrase B subunit. gyrB mutations can compensate for the supercoiling defects caused by gyrA QRDR (Quinolone Resistance-Determining Region) primary resistance mutations, restoring adequate DNA replication efficiency.",Avalos Vizcaino et al.; Mayer & Fierer 2014,0.0,0.01925,0.0,6.057525430229788e-06,5.9847849592249584e-05,0.0,-19.93156856932417,,,,False,1.1840688912809472,False,0.4958088337263294,False,synonymous,4.0,2.0,22.0,convergent,0.074,,,,,,,,,,"Strong, convergent, lineage-consistent"
rpoC,c.3057C>T,rifampicin,Chromosome_766426_C_T,True,"Beta-prime subunit of RNA polymerase. Mutations here compensate for the conformational changes in the RNA polymerase complex caused by rpoB RRDR resistance mutations, restoring transcription efficiency.",Comas et al. 2012 Nat Genet; Muller et al. 2017,0.003444,0.029382,0.1172,6.963821919878048e-06,6.865983099516125e-05,0.1141744795804862,-3.130687881114715,,,,False,1.7222820236813776,False,0.6736789959418252,False,synonymous,2.0,2.0,32.0,convergent,0.08,,,,,,,,,,"Strong, convergent, lineage-consistent"
rpoC,c.2772C>T,rifampicin,Chromosome_766141_C_T,True,"Beta-prime subunit of RNA polymerase. Mutations here compensate for the conformational changes in the RNA polymerase complex caused by rpoB RRDR resistance mutations, restoring transcription efficiency.",Comas et al. 2012 Nat Genet; Muller et al. 2017,0.002296,0.026342,0.0872,8.490933624405117e-06,8.087571907317609e-05,0.0850668319022749,-3.555259464181742,,,,False,1.5608180839612489,False,0.8089106052688863,False,synonymous,2.0,1.0,29.0,convergent,0.08,,,,,,,,,,"Strong, convergent, lineage-consistent"
rpoC,c.2760C>G,rifampicin,Chromosome_766129_C_G,True,"Beta-prime subunit of RNA polymerase. Mutations here compensate for the conformational changes in the RNA polymerase complex caused by rpoB RRDR resistance mutations, restoring transcription efficiency.",Comas et al. 2012 Nat Genet; Muller et al. 2017,0.002296,0.026342,0.0872,8.490933624405117e-06,8.087571907317609e-05,0.0850668319022749,-3.555259464181742,,,,False,1.6146393972012916,False,0.7922971278529128,False,synonymous,3.0,1.0,30.0,convergent,0.08,,,,,,,,,,"Strong, convergent, lineage-consistent"
ndh,c.144T>C,isoniazid,Chromosome_2102899_A_G,True,"NADH dehydrogenase. Loss-of-function mutations raise the NADH/NAD+ ratio, which can compensate for INH-mediated inhibition of InhA (InhA requires NADH as cofactor). Not a direct resistance mutation but modulates the INH activation and target environment.",Miesel et al. 1998,0.002296,0.026342,0.0872,8.490933624405117e-06,8.087571907317609e-05,0.0850668319022749,-3.555259464181742,,,,False,1.5069967707212055,False,0.7531078554279901,False,synonymous,2.0,3.0,28.0,convergent,0.102,,,,,,,,,,"Strong, convergent, lineage-consistent"
rpoC,c.204G>C,rifampicin,Chromosome_763573_G_C,True,"Beta-prime subunit of RNA polymerase. Mutations here compensate for the conformational changes in the RNA polymerase complex caused by rpoB RRDR resistance mutations, restoring transcription efficiency.",Comas et al. 2012 Nat Genet; Muller et al. 2017,0.002296,0.026342,0.0872,8.490933624405117e-06,8.087571907317609e-05,0.0850668319022749,-3.555259464181742,,,,False,1.6146393972012916,False,0.7652118595579627,False,synonymous,4.0,1.0,30.0,convergent,0.08,,,,,,,,,,"Strong, convergent, lineage-consistent"
ndh,c.642T>C,isoniazid,Chromosome_2102401_A_G,True,"NADH dehydrogenase. Loss-of-function mutations raise the NADH/NAD+ ratio, which can compensate for INH-mediated inhibition of InhA (InhA requires NADH as cofactor). Not a direct resistance mutation but modulates the INH activation and target environment.",Miesel et al. 1998,0.002296,0.026342,0.0872,8.490933624405117e-06,8.087571907317609e-05,0.0850668319022749,-3.555259464181742,,,,False,1.776103336921421,False,0.6840063286490898,False,synonymous,2.0,1.0,33.0,convergent,0.102,,,,,,,,,,"Strong, convergent, lineage-consistent"
rpoC,c.405G>C,rifampicin,Chromosome_763774_G_C,True,"Beta-prime subunit of RNA polymerase. Mutations here compensate for the conformational changes in the RNA polymerase complex caused by rpoB RRDR resistance mutations, restoring transcription efficiency.",Comas et al. 2012 Nat Genet; Muller et al. 2017,0.002296,0.026342,0.0872,8.490933624405117e-06,8.087571907317609e-05,0.0850668319022749,-3.555259464181742,,,,False,1.5069967707212055,False,0.6840063286490898,False,synonymous,3.0,1.0,28.0,convergent,0.08,,,,,,,,,,"Strong, convergent, lineage-consistent"
rpoC,c.900G>C,rifampicin,Chromosome_764269_G_C,True,"Beta-prime subunit of RNA polymerase. Mutations here compensate for the conformational changes in the RNA polymerase complex caused by rpoB RRDR resistance mutations, restoring transcription efficiency.",Comas et al. 2012 Nat Genet; Muller et al. 2017,0.002296,0.026342,0.0872,8.490933624405117e-06,8.087571907317609e-05,0.0850668319022749,-3.555259464181742,,,,False,1.6146393972012916,False,0.7922971278529128,False,synonymous,2.0,1.0,30.0,convergent,0.08,,,,,,,,,,"Strong, convergent, lineage-consistent"
ndh,c.726A>G,isoniazid,Chromosome_2102317_T_C,True,"NADH dehydrogenase. Loss-of-function mutations raise the NADH/NAD+ ratio, which can compensate for INH-mediated inhibition of InhA (InhA requires NADH as cofactor). Not a direct resistance mutation but modulates the INH activation and target environment.",Miesel et al. 1998,0.002296,0.026342,0.0872,8.490933624405117e-06,8.087571907317609e-05,0.0850668319022749,-3.555259464181742,,,,False,1.6146393972012916,False,0.7922971278529128,False,synonymous,2.0,0.0,30.0,convergent,0.102,,,,,,,,,,"Strong, convergent, lineage-consistent"
rpoC,c.2052C>G,rifampicin,Chromosome_765421_C_G,True,"Beta-prime subunit of RNA polymerase. Mutations here compensate for the conformational changes in the RNA polymerase complex caused by rpoB RRDR resistance mutations, restoring transcription efficiency.",Comas et al. 2012 Nat Genet; Muller et al. 2017,0.002296,0.026342,0.0872,8.490933624405117e-06,8.087571907317609e-05,0.0850668319022749,-3.555259464181742,,,,False,1.6146393972012916,False,0.6840063286490898,False,synonymous,2.0,2.0,30.0,convergent,0.08,,,,,,,,,,"Strong, convergent, lineage-consistent"
rpoA,c.66G>C,rifampicin,Chromosome_3878442_C_G,True,Compensates transcriptional fitness cost of rpoB RRDR mutations. Mutations in the alpha subunit of RNA polymerase restore the binding geometry disrupted by rpoB resistance mutations.,Comas et al. 2012 Nat Genet; Gagneux et al.,0.002296,0.026342,0.0872,8.490933624405117e-06,8.087571907317609e-05,0.0850668319022749,-3.555259464181742,,,,False,1.829924650161464,False,0.6743032395683798,False,synonymous,2.0,0.0,34.0,convergent,0.055,,,,,,,,,,"Strong, convergent, lineage-consistent"
rpoC,p.Met672Leu,rifampicin,Chromosome_765383_A_C,True,"Beta-prime subunit of RNA polymerase. Mutations here compensate for the conformational changes in the RNA polymerase complex caused by rpoB RRDR resistance mutations, restoring transcription efficiency.",Comas et al. 2012 Nat Genet; Muller et al. 2017,0.002296,0.026342,0.0872,8.490933624405117e-06,8.087571907317609e-05,0.0850668319022749,-3.555259464181742,,,,False,1.883745963401507,False,0.6736789959418252,False,nonsynonymous,2.0,1.0,35.0,convergent,0.08,672.0,M,L,14.3,conservative,PDB,7KIN,0.096,buried,"Strong, convergent, lineage-consistent"
rpoA,c.546G>T,rifampicin,Chromosome_3877962_C_A,True,Compensates transcriptional fitness cost of rpoB RRDR mutations. Mutations in the alpha subunit of RNA polymerase restore the binding geometry disrupted by rpoB resistance mutations.,Comas et al. 2012 Nat Genet; Gagneux et al.,0.002296,0.026342,0.0872,8.490933624405117e-06,8.087571907317609e-05,0.0850668319022749,-3.555259464181742,,,,False,1.883745963401507,False,0.6736789959418252,False,synonymous,2.0,1.0,35.0,convergent,0.055,,,,,,,,,,"Strong, convergent, lineage-consistent"
rpoC,c.762T>C,rifampicin,Chromosome_764131_T_C,True,"Beta-prime subunit of RNA polymerase. Mutations here compensate for the conformational changes in the RNA polymerase complex caused by rpoB RRDR resistance mutations, restoring transcription efficiency.",Comas et al. 2012 Nat Genet; Muller et al. 2017,0.002296,0.026342,0.0872,8.490933624405117e-06,8.087571907317609e-05,0.0850668319022749,-3.555259464181742,,,,False,1.5608180839612489,False,0.7922971278529128,False,synonymous,2.0,2.0,29.0,convergent,0.08,,,,,,,,,,"Strong, convergent, lineage-consistent"
rpoA,c.441C>G,rifampicin,Chromosome_3878067_G_C,True,Compensates transcriptional fitness cost of rpoB RRDR mutations. Mutations in the alpha subunit of RNA polymerase restore the binding geometry disrupted by rpoB resistance mutations.,Comas et al. 2012 Nat Genet; Gagneux et al.,0.001148,0.023303,0.0493,9.365633110517814e-06,8.57827278376027e-05,0.048175912043978,-4.375544210563142,,,,False,1.3455328310010763,False,0.8280255127500844,False,synonymous,2.0,1.0,25.0,convergent,0.055,,,,,,,,,,"Strong, convergent, lineage-consistent"
whiB7,c.-547G>C,multiple,Chromosome_3569226_C_G,True,"WhiB7 is a transcriptional activator of multiple intrinsic resistance mechanisms including eis (aminoglycoside), tap (efflux), and others. Mutations affecting whiB7 activity can modulate broad fitness costs of MDR. Emerging evidence for compensatory role in MDR-TB fitness restoration.",Burian et al. 2012; Larsson et al.,0.001148,0.023303,0.0493,9.365633110517814e-06,8.57827278376027e-05,0.048175912043978,-4.375544210563142,,,,False,1.2917115177610334,False,0.8089106052688863,False,noncoding_upstream,2.0,1.0,24.0,convergent,undefined_dS_zero,,,,,,,,,,"Strong, convergent, lineage-consistent"
rpoA,c.204G>C,rifampicin,Chromosome_3878304_C_G,True,Compensates transcriptional fitness cost of rpoB RRDR mutations. Mutations in the alpha subunit of RNA polymerase restore the binding geometry disrupted by rpoB resistance mutations.,Comas et al. 2012 Nat Genet; Gagneux et al.,0.001148,0.023303,0.0493,9.365633110517814e-06,8.57827278376027e-05,0.048175912043978,-4.375544210563142,,,,False,1.4531754574811624,False,0.7531078554279901,False,synonymous,2.0,3.0,27.0,convergent,0.055,,,,,,,,,,"Strong, convergent, lineage-consistent"
kasA,p.Phe11Tyr,isoniazid,Chromosome_2518146_T_A,True,Beta-ketoacyl ACP synthase involved in mycolic acid synthesis. Mutations here can partially compensate for inhA-mediated INH resistance by altering the flux through the FAS-II fatty acid synthesis pathway.,Mdluli et al. 1998,0.001148,0.023303,0.0493,9.365633110517814e-06,8.57827278376027e-05,0.048175912043978,-4.375544210563142,,,,False,1.3455328310010763,False,0.8720714052853945,False,nonsynonymous,2.0,1.0,25.0,convergent,0.116,11.0,F,Y,21.6,conservative,PDB,6P9K,0.116,partially_buried,"Strong, convergent, lineage-consistent"
rpoC,p.Ser971Gly,rifampicin,Chromosome_766280_A_G,True,"Beta-prime subunit of RNA polymerase. Mutations here compensate for the conformational changes in the RNA polymerase complex caused by rpoB RRDR resistance mutations, restoring transcription efficiency.",Comas et al. 2012 Nat Genet; Muller et al. 2017,0.001148,0.023303,0.0493,9.365633110517814e-06,8.57827278376027e-05,0.048175912043978,-4.375544210563142,,,,False,1.5608180839612489,False,0.8089106052688863,False,nonsynonymous,2.0,0.0,29.0,convergent,0.08,971.0,S,G,55.3,moderately_conservative,PDB,7KIN,0.66,exposed,"Strong, convergent, lineage-consistent"
gyrB,c.1302C>T,fluoroquinolones,Chromosome_6541_C_T,True,"DNA gyrase B subunit. gyrB mutations can compensate for the supercoiling defects caused by gyrA QRDR (Quinolone Resistance-Determining Region) primary resistance mutations, restoring adequate DNA replication efficiency.",Avalos Vizcaino et al.; Mayer & Fierer 2014,0.0,0.018237,0.0,1.1632651366829169e-05,9.983995022033956e-05,0.0,-19.93156856932417,,,,False,1.1840688912809472,False,0.8280255127500844,False,synonymous,5.0,2.0,22.0,convergent,0.074,,,,,,,,,,"Strong, convergent, lineage-consistent"
mmpL5,c.2428T>C,bedaquiline/clofazimine,Chromosome_776053_A_G,True,MmpL5 efflux pump structural component. Gain-of-function mutations that increase pump activity may compensate for BDQ/CFZ fitness costs in highly resistant strains. Borderline primary/compensatory — flag for manual review.,Andries et al.; Hartkoorn et al. 2014,0.0,0.018237,0.0,1.1632651366829169e-05,9.983995022033956e-05,0.0,-19.93156856932417,,,,False,1.2917115177610334,False,0.7068002625253008,False,synonymous,3.0,4.0,24.0,convergent,0.305,,,,,,,,,,"Strong, convergent, lineage-consistent"
kasA,c.865A>C,isoniazid,Chromosome_2518979_A_C,True,Beta-ketoacyl ACP synthase involved in mycolic acid synthesis. Mutations here can partially compensate for inhA-mediated INH resistance by altering the flux through the FAS-II fatty acid synthesis pathway.,Mdluli et al. 1998,0.0,0.018237,0.0,1.1632651366829169e-05,9.983995022033956e-05,0.0,-19.93156856932417,,,,False,1.0764262648008611,False,,False,synonymous,3.0,0.0,20.0,convergent,0.116,,,,,,,,,,"Strong, convergent, lineage-consistent"
gyrB,c.543A>G,fluoroquinolones,Chromosome_5782_A_G,True,"DNA gyrase B subunit. gyrB mutations can compensate for the supercoiling defects caused by gyrA QRDR (Quinolone Resistance-Determining Region) primary resistance mutations, restoring adequate DNA replication efficiency.",Avalos Vizcaino et al.; Mayer & Fierer 2014,0.0,0.018237,0.0,1.1632651366829169e-05,9.983995022033956e-05,0.0,-19.93156856932417,,,,False,1.0764262648008611,False,,False,synonymous,2.0,0.0,20.0,convergent,0.074,,,,,,,,,,"Strong, convergent, lineage-consistent"
rpoC,p.Gln892Glu,rifampicin,Chromosome_766043_C_G,True,"Beta-prime subunit of RNA polymerase. Mutations here compensate for the conformational changes in the RNA polymerase complex caused by rpoB RRDR resistance mutations, restoring transcription efficiency.",Comas et al. 2012 Nat Genet; Muller et al. 2017,0.002296,0.025329,0.0907,1.5515629103376702e-05,0.0001303531374671,0.0885615650172612,-3.497175472819083,,,,False,1.6146393972012916,False,0.7068002625253008,False,nonsynonymous,2.0,1.0,30.0,convergent,0.08,892.0,Q,E,29.3,conservative,PDB,7KIN,0.61,exposed,"Strong, convergent, lineage-consistent"
kasA,c.765A>G,isoniazid,Chromosome_2518879_A_G,True,Beta-ketoacyl ACP synthase involved in mycolic acid synthesis. Mutations here can partially compensate for inhA-mediated INH resistance by altering the flux through the FAS-II fatty acid synthesis pathway.,Mdluli et al. 1998,0.002296,0.025329,0.0907,1.5515629103376702e-05,0.0001303531374671,0.0885615650172612,-3.497175472819083,,,,False,1.7222820236813776,False,0.6736789959418252,False,synonymous,2.0,1.0,32.0,convergent,0.116,,,,,,,,,,"Strong, convergent, lineage-consistent"
rpoC,c.3222A>G,rifampicin,Chromosome_766591_A_G,True,"Beta-prime subunit of RNA polymerase. Mutations here compensate for the conformational changes in the RNA polymerase complex caused by rpoB RRDR resistance mutations, restoring transcription efficiency.",Comas et al. 2012 Nat Genet; Muller et al. 2017,0.002296,0.025329,0.0907,1.5515629103376702e-05,0.0001303531374671,0.0885615650172612,-3.497175472819083,,,,False,1.4531754574811624,False,0.8089106052688863,False,synonymous,2.0,1.0,27.0,convergent,0.08,,,,,,,,,,"Strong, convergent, lineage-consistent"
gyrB,c.783G>C,fluoroquinolones,Chromosome_6022_G_C,True,"DNA gyrase B subunit. gyrB mutations can compensate for the supercoiling defects caused by gyrA QRDR (Quinolone Resistance-Determining Region) primary resistance mutations, restoring adequate DNA replication efficiency.",Avalos Vizcaino et al.; Mayer & Fierer 2014,0.002296,0.025329,0.0907,1.5515629103376702e-05,0.0001303531374671,0.0885615650172612,-3.497175472819083,,,,False,1.5608180839612489,False,0.7068002625253008,False,synonymous,4.0,3.0,29.0,convergent,0.074,,,,,,,,,,"Strong, convergent, lineage-consistent"
rpoC,c.3693C>A,rifampicin,Chromosome_767062_C_A,True,"Beta-prime subunit of RNA polymerase. Mutations here compensate for the conformational changes in the RNA polymerase complex caused by rpoB RRDR resistance mutations, restoring transcription efficiency.",Comas et al. 2012 Nat Genet; Muller et al. 2017,0.002296,0.025329,0.0907,1.5515629103376702e-05,0.0001303531374671,0.0885615650172612,-3.497175472819083,,,,False,1.5608180839612489,False,0.6736789959418252,False,synonymous,4.0,1.0,29.0,convergent,0.08,,,,,,,,,,"Strong, convergent, lineage-consistent"
rpoC,c.-165G>C,rifampicin,Chromosome_763205_G_C,True,"Beta-prime subunit of RNA polymerase. Mutations here compensate for the conformational changes in the RNA polymerase complex caused by rpoB RRDR resistance mutations, restoring transcription efficiency.",Comas et al. 2012 Nat Genet; Muller et al. 2017,0.002296,0.025329,0.0907,1.5515629103376702e-05,0.0001303531374671,0.0885615650172612,-3.497175472819083,,,,False,1.5069967707212055,False,0.6840063286490898,False,noncoding_upstream,3.0,1.0,28.0,convergent,0.08,,,,,,,,,,"Strong, convergent, lineage-consistent"
rpoC,c.3021C>T,rifampicin,Chromosome_766390_C_T,True,"Beta-prime subunit of RNA polymerase. Mutations here compensate for the conformational changes in the RNA polymerase complex caused by rpoB RRDR resistance mutations, restoring transcription efficiency.",Comas et al. 2012 Nat Genet; Muller et al. 2017,0.002296,0.025329,0.0907,1.5515629103376702e-05,0.0001303531374671,0.0885615650172612,-3.497175472819083,,,,False,1.5069967707212055,False,0.6736789959418252,False,synonymous,3.0,4.0,28.0,convergent,0.08,,,,,,,,,,"Strong, convergent, lineage-consistent"
rpoC,c.447C>G,rifampicin,Chromosome_763816_C_G,True,"Beta-prime subunit of RNA polymerase. Mutations here compensate for the conformational changes in the RNA polymerase complex caused by rpoB RRDR resistance mutations, restoring transcription efficiency.",Comas et al. 2012 Nat Genet; Muller et al. 2017,0.002296,0.025329,0.0907,1.5515629103376702e-05,0.0001303531374671,0.0885615650172612,-3.497175472819083,,,,False,1.5069967707212055,False,0.6840063286490898,False,synonymous,2.0,4.0,28.0,convergent,0.08,,,,,,,,,,"Strong, convergent, lineage-consistent"
kasA,c.1122G>A,isoniazid,Chromosome_2519236_G_A,True,Beta-ketoacyl ACP synthase involved in mycolic acid synthesis. Mutations here can partially compensate for inhA-mediated INH resistance by altering the flux through the FAS-II fatty acid synthesis pathway.,Mdluli et al. 1998,0.001148,0.02229,0.0515,1.7788335691259193e-05,0.0001471160102576,0.0504179728317659,-4.3099180772179455,,,,False,1.2917115177610334,False,0.8089106052688863,False,synonymous,2.0,0.0,24.0,convergent,0.116,,,,,,,,,,"Strong, convergent, lineage-consistent"
gyrB,p.Ala295Gly,fluoroquinolones,Chromosome_6123_C_G,True,"DNA gyrase B subunit. gyrB mutations can compensate for the supercoiling defects caused by gyrA QRDR (Quinolone Resistance-Determining Region) primary resistance mutations, restoring adequate DNA replication efficiency.",Avalos Vizcaino et al.; Mayer & Fierer 2014,0.001148,0.02229,0.0515,1.7788335691259193e-05,0.0001471160102576,0.0504179728317659,-4.3099180772179455,,,,False,1.3993541442411197,False,0.8089106052688863,False,nonsynonymous,2.0,1.0,26.0,convergent,0.074,295.0,A,G,60.0,moderately_conservative,PDB,3M4I,,,"Strong, convergent, lineage-consistent"
ndh,c.534T>C,isoniazid,Chromosome_2102509_A_G,True,"NADH dehydrogenase. Loss-of-function mutations raise the NADH/NAD+ ratio, which can compensate for INH-mediated inhibition of InhA (InhA requires NADH as cofactor). Not a direct resistance mutation but modulates the INH activation and target environment.",Miesel et al. 1998,0.001148,0.02229,0.0515,1.7788335691259193e-05,0.0001471160102576,0.0504179728317659,-4.3099180772179455,,,,False,1.6146393972012916,False,0.7922971278529128,False,synonymous,2.0,0.0,30.0,convergent,0.102,,,,,,,,,,"Strong, convergent, lineage-consistent"
kasA,c.618C>G,isoniazid,Chromosome_2518732_C_G,True,Beta-ketoacyl ACP synthase involved in mycolic acid synthesis. Mutations here can partially compensate for inhA-mediated INH resistance by altering the flux through the FAS-II fatty acid synthesis pathway.,Mdluli et al. 1998,0.001148,0.02229,0.0515,1.7788335691259193e-05,0.0001471160102576,0.0504179728317659,-4.3099180772179455,,,,False,1.2917115177610334,False,0.7531078554279901,False,synonymous,2.0,6.0,24.0,convergent,0.116,,,,,,,,,,"Strong, convergent, lineage-consistent"
rpoA,c.-299C>G,rifampicin,Chromosome_3878806_G_C,True,Compensates transcriptional fitness cost of rpoB RRDR mutations. Mutations in the alpha subunit of RNA polymerase restore the binding geometry disrupted by rpoB resistance mutations.,Comas et al. 2012 Nat Genet; Gagneux et al.,0.001148,0.02229,0.0515,1.7788335691259193e-05,0.0001471160102576,0.0504179728317659,-4.3099180772179455,,,,False,1.3993541442411197,False,0.8089106052688863,False,noncoding_upstream,2.0,2.0,26.0,convergent,0.055,,,,,,,,,,"Strong, convergent, lineage-consistent"
rpoC,c.1710T>G,rifampicin,Chromosome_765079_T_G,True,"Beta-prime subunit of RNA polymerase. Mutations here compensate for the conformational changes in the RNA polymerase complex caused by rpoB RRDR resistance mutations, restoring transcription efficiency.",Comas et al. 2012 Nat Genet; Muller et al. 2017,0.003444,0.027356,0.1259,2.186201676939692e-05,0.000174337877306,0.1228878648233487,-3.024585638278273,,,,False,1.991388589881593,False,0.6736789959418252,False,synonymous,2.0,1.0,37.0,convergent,0.08,,,,,,,,,,"Strong, convergent, lineage-consistent"
kasA,p.Gln3Lys,isoniazid,Chromosome_2518121_C_A,True,Beta-ketoacyl ACP synthase involved in mycolic acid synthesis. Mutations here can partially compensate for inhA-mediated INH resistance by altering the flux through the FAS-II fatty acid synthesis pathway.,Mdluli et al. 1998,0.0,0.017224,0.0,2.235850396297177e-05,0.000174337877306,0.0,-19.93156856932417,,,,False,1.1302475780409045,False,,False,nonsynonymous,3.0,1.0,21.0,convergent,0.116,3.0,Q,K,53.2,moderately_conservative,PDB,6P9K,0.77,exposed,"Strong, convergent, lineage-consistent"
ndh,c.198A>C,isoniazid,Chromosome_2102845_T_G,True,"NADH dehydrogenase. Loss-of-function mutations raise the NADH/NAD+ ratio, which can compensate for INH-mediated inhibition of InhA (InhA requires NADH as cofactor). Not a direct resistance mutation but modulates the INH activation and target environment.",Miesel et al. 1998,0.0,0.017224,0.0,2.235850396297177e-05,0.000174337877306,0.0,-19.93156856932417,,,,False,1.2378902045209903,False,0.8089106052688863,False,synonymous,3.0,4.0,23.0,convergent,0.102,,,,,,,,,,"Strong, convergent, lineage-consistent"
rpoC,c.1036A>C,rifampicin,Chromosome_764405_A_C,True,"Beta-prime subunit of RNA polymerase. Mutations here compensate for the conformational changes in the RNA polymerase complex caused by rpoB RRDR resistance mutations, restoring transcription efficiency.",Comas et al. 2012 Nat Genet; Muller et al. 2017,0.0,0.017224,0.0,2.235850396297177e-05,0.000174337877306,0.0,-19.93156856932417,,,,False,2.2604951560818085,False,0.6736789959418252,False,synonymous,6.0,0.0,42.0,convergent,0.08,,,,,,,,,,"Strong, convergent, lineage-consistent"
ndh,p.Asn88Asp,isoniazid,Chromosome_2102781_T_C,True,"NADH dehydrogenase. Loss-of-function mutations raise the NADH/NAD+ ratio, which can compensate for INH-mediated inhibition of InhA (InhA requires NADH as cofactor). Not a direct resistance mutation but modulates the INH activation and target environment.",Miesel et al. 1998,0.0,0.017224,0.0,2.235850396297177e-05,0.000174337877306,0.0,-19.93156856932417,,,,False,1.0764262648008611,False,0.8280255127500844,False,nonsynonymous,5.0,0.0,20.0,convergent,0.102,88.0,N,D,23.0,conservative,AlphaFold,P95160,0.391,exposed,"Strong, convergent, lineage-consistent"
mmpL5,c.1287A>G,bedaquiline/clofazimine,Chromosome_777194_T_C,True,MmpL5 efflux pump structural component. Gain-of-function mutations that increase pump activity may compensate for BDQ/CFZ fitness costs in highly resistant strains. Borderline primary/compensatory — flag for manual review.,Andries et al.; Hartkoorn et al. 2014,0.0,0.017224,0.0,2.235850396297177e-05,0.000174337877306,0.0,-19.93156856932417,,,,False,1.2378902045209903,False,0.8280255127500844,False,synonymous,3.0,3.0,23.0,convergent,0.305,,,,,,,,,,"Strong, convergent, lineage-consistent"
gyrB,c.393A>G,fluoroquinolones,Chromosome_5632_A_G,True,"DNA gyrase B subunit. gyrB mutations can compensate for the supercoiling defects caused by gyrA QRDR (Quinolone Resistance-Determining Region) primary resistance mutations, restoring adequate DNA replication efficiency.",Avalos Vizcaino et al.; Mayer & Fierer 2014,0.0,0.017224,0.0,2.235850396297177e-05,0.000174337877306,0.0,-19.93156856932417,,,,False,1.2917115177610334,False,0.8089106052688863,False,synonymous,3.0,4.0,24.0,convergent,0.074,,,,,,,,,,"Strong, convergent, lineage-consistent"
rpoC,c.327T>C,rifampicin,Chromosome_763696_T_C,True,"Beta-prime subunit of RNA polymerase. Mutations here compensate for the conformational changes in the RNA polymerase complex caused by rpoB RRDR resistance mutations, restoring transcription efficiency.",Comas et al. 2012 Nat Genet; Muller et al. 2017,0.004592,0.029382,0.1563,2.774144060785631e-05,0.0002159578378151,0.1524082249532673,-2.713987332613227,,,,False,1.776103336921421,False,0.6736789959418252,False,synonymous,6.0,5.0,33.0,convergent,0.08,,,,,,,,,,"Strong, convergent, lineage-consistent"
rpoA,c.-725A>G,rifampicin,Chromosome_3879232_T_C,True,Compensates transcriptional fitness cost of rpoB RRDR mutations. Mutations in the alpha subunit of RNA polymerase restore the binding geometry disrupted by rpoB resistance mutations.,Comas et al. 2012 Nat Genet; Gagneux et al.,0.002296,0.024316,0.0944,2.829821593626717e-05,0.0002167561580222,0.0923475258918297,-3.436782879692097,,,,False,1.3993541442411197,False,0.8089106052688863,False,noncoding_upstream,2.0,1.0,26.0,convergent,0.055,,,,,,,,,,"Strong, convergent, lineage-consistent"
rpoC,c.1167G>C,rifampicin,Chromosome_764536_G_C,True,"Beta-prime subunit of RNA polymerase. Mutations here compensate for the conformational changes in the RNA polymerase complex caused by rpoB RRDR resistance mutations, restoring transcription efficiency.",Comas et al. 2012 Nat Genet; Muller et al. 2017,0.002296,0.024316,0.0944,2.829821593626717e-05,0.0002167561580222,0.0923475258918297,-3.436782879692097,,,,False,1.991388589881593,False,0.6736789959418252,False,synonymous,6.0,3.0,37.0,convergent,0.08,,,,,,,,,,"Strong, convergent, lineage-consistent"
rpoC,c.-612G>C,rifampicin,Chromosome_762758_G_C,True,"Beta-prime subunit of RNA polymerase. Mutations here compensate for the conformational changes in the RNA polymerase complex caused by rpoB RRDR resistance mutations, restoring transcription efficiency.",Comas et al. 2012 Nat Genet; Muller et al. 2017,0.002296,0.024316,0.0944,2.829821593626717e-05,0.0002167561580222,0.0923475258918297,-3.436782879692097,,,,False,1.5608180839612489,False,0.8089106052688863,False,noncoding_upstream,2.0,0.0,29.0,convergent,0.08,,,,,,,,,,"Strong, convergent, lineage-consistent"
rpoC,c.3228C>G,rifampicin,Chromosome_766597_C_G,True,"Beta-prime subunit of RNA polymerase. Mutations here compensate for the conformational changes in the RNA polymerase complex caused by rpoB RRDR resistance mutations, restoring transcription efficiency.",Comas et al. 2012 Nat Genet; Muller et al. 2017,0.002296,0.024316,0.0944,2.829821593626717e-05,0.0002167561580222,0.0923475258918297,-3.436782879692097,,,,False,1.4531754574811624,False,0.8089106052688863,False,synonymous,3.0,0.0,27.0,convergent,0.08,,,,,,,,,,"Strong, convergent, lineage-consistent"
rpoC,c.837T>C,rifampicin,Chromosome_764206_T_C,True,"Beta-prime subunit of RNA polymerase. Mutations here compensate for the conformational changes in the RNA polymerase complex caused by rpoB RRDR resistance mutations, restoring transcription efficiency.",Comas et al. 2012 Nat Genet; Muller et al. 2017,0.002296,0.024316,0.0944,2.829821593626717e-05,0.0002167561580222,0.0923475258918297,-3.436782879692097,,,,False,1.883745963401507,False,0.6736789959418252,False,synonymous,2.0,0.0,35.0,convergent,0.08,,,,,,,,,,"Strong, convergent, lineage-consistent"
rpoC,c.2160C>T,rifampicin,Chromosome_765529_C_T,True,"Beta-prime subunit of RNA polymerase. Mutations here compensate for the conformational changes in the RNA polymerase complex caused by rpoB RRDR resistance mutations, restoring transcription efficiency.",Comas et al. 2012 Nat Genet; Muller et al. 2017,0.002296,0.024316,0.0944,2.829821593626717e-05,0.0002167561580222,0.0923475258918297,-3.436782879692097,,,,False,1.4531754574811624,False,0.7068002625253008,False,synonymous,2.0,2.0,27.0,convergent,0.08,,,,,,,,,,"Strong, convergent, lineage-consistent"
rpoC,p.Ser654Asn,rifampicin,Chromosome_765330_G_A,True,"Beta-prime subunit of RNA polymerase. Mutations here compensate for the conformational changes in the RNA polymerase complex caused by rpoB RRDR resistance mutations, restoring transcription efficiency.",Comas et al. 2012 Nat Genet; Muller et al. 2017,0.002296,0.024316,0.0944,2.829821593626717e-05,0.0002167561580222,0.0923475258918297,-3.436782879692097,,,,False,1.4531754574811624,False,0.7068002625253008,False,nonsynonymous,2.0,5.0,27.0,convergent,0.08,654.0,S,N,46.2,conservative,PDB,7KIN,0.022,buried,"Strong, convergent, lineage-consistent"
rpoA,c.72A>G,rifampicin,Chromosome_3878436_T_C,True,Compensates transcriptional fitness cost of rpoB RRDR mutations. Mutations in the alpha subunit of RNA polymerase restore the binding geometry disrupted by rpoB resistance mutations.,Comas et al. 2012 Nat Genet; Gagneux et al.,0.002296,0.024316,0.0944,2.829821593626717e-05,0.0002167561580222,0.0923475258918297,-3.436782879692097,,,,False,1.5069967707212055,False,0.6840063286490898,False,synonymous,3.0,1.0,28.0,convergent,0.055,,,,,,,,,,"Strong, convergent, lineage-consistent"
kasA,c.1044C>T,isoniazid,Chromosome_2519158_C_T,True,Beta-ketoacyl ACP synthase involved in mycolic acid synthesis. Mutations here can partially compensate for inhA-mediated INH resistance by altering the flux through the FAS-II fatty acid synthesis pathway.,Mdluli et al. 1998,0.001148,0.020263,0.0567,3.3369924992747835e-05,0.0002469129633452,0.0555747126436781,-4.169427606146612,,,,False,1.2378902045209903,False,0.7531078554279901,False,synonymous,3.0,3.0,23.0,convergent,0.116,,,,,,,,,,"Strong, convergent, lineage-consistent"
rpoA,c.-506A>G,rifampicin,Chromosome_3879013_T_C,True,Compensates transcriptional fitness cost of rpoB RRDR mutations. Mutations in the alpha subunit of RNA polymerase restore the binding geometry disrupted by rpoB resistance mutations.,Comas et al. 2012 Nat Genet; Gagneux et al.,0.001148,0.021277,0.054,3.373580303878289e-05,0.0002469129633452,0.0528735632183908,-4.2413096346790775,,,,False,1.2917115177610334,False,0.8089106052688863,False,noncoding_upstream,3.0,0.0,24.0,convergent,0.055,,,,,,,,,,"Strong, convergent, lineage-consistent"
ahpC,c.201G>C,isoniazid,Chromosome_2726393_G_C,True,Alkyl hydroperoxide reductase. Upregulation compensates for the loss of KatG-mediated oxidative defence when katG is inactivated by INH-resistance mutations. Promoter mutations causing ahpC upregulation are the canonical compensatory mechanism for katG LoF.,Sherman et al. 1996; Heym et al. 1997,0.001148,0.021277,0.054,3.373580303878289e-05,0.0002469129633452,0.0528735632183908,-4.2413096346790775,,,,False,1.3993541442411197,False,0.8280255127500844,False,synonymous,2.0,2.0,26.0,convergent,0.09,,,,,,,,,,"Strong, convergent, lineage-consistent"
whiB7,c.-556C>G,multiple,Chromosome_3569235_G_C,True,"WhiB7 is a transcriptional activator of multiple intrinsic resistance mechanisms including eis (aminoglycoside), tap (efflux), and others. Mutations affecting whiB7 activity can modulate broad fitness costs of MDR. Emerging evidence for compensatory role in MDR-TB fitness restoration.",Burian et al. 2012; Larsson et al.,0.001148,0.021277,0.054,3.373580303878289e-05,0.0002469129633452,0.0528735632183908,-4.2413096346790775,,,,False,1.3993541442411197,False,0.8280255127500844,False,noncoding_upstream,2.0,0.0,26.0,convergent,undefined_dS_zero,,,,,,,,,,"Strong, convergent, lineage-consistent"
gyrB,c.108G>C,fluoroquinolones,Chromosome_5347_G_C,True,"DNA gyrase B subunit. gyrB mutations can compensate for the supercoiling defects caused by gyrA QRDR (Quinolone Resistance-Determining Region) primary resistance mutations, restoring adequate DNA replication efficiency.",Avalos Vizcaino et al.; Mayer & Fierer 2014,0.001148,0.021277,0.054,3.373580303878289e-05,0.0002469129633452,0.0528735632183908,-4.2413096346790775,,,,False,1.2917115177610334,False,0.8089106052688863,False,synonymous,4.0,1.0,24.0,convergent,0.074,,,,,,,,,,"Strong, convergent, lineage-consistent"
ndh,c.810G>A,isoniazid,Chromosome_2102233_C_T,True,"NADH dehydrogenase. Loss-of-function mutations raise the NADH/NAD+ ratio, which can compensate for INH-mediated inhibition of InhA (InhA requires NADH as cofactor). Not a direct resistance mutation but modulates the INH activation and target environment.",Miesel et al. 1998,0.001148,0.021277,0.054,3.373580303878289e-05,0.0002469129633452,0.0528735632183908,-4.2413096346790775,,,,False,1.3455328310010763,False,0.7922971278529128,False,synonymous,3.0,2.0,25.0,convergent,0.102,,,,,,,,,,"Strong, convergent, lineage-consistent"
rpoC,c.1281G>T,rifampicin,Chromosome_764650_G_T,True,"Beta-prime subunit of RNA polymerase. Mutations here compensate for the conformational changes in the RNA polymerase complex caused by rpoB RRDR resistance mutations, restoring transcription efficiency.",Comas et al. 2012 Nat Genet; Muller et al. 2017,0.001148,0.021277,0.054,3.373580303878289e-05,0.0002469129633452,0.0528735632183908,-4.2413096346790775,,,,False,1.991388589881593,False,0.6736789959418252,False,synonymous,5.0,2.0,37.0,convergent,0.08,,,,,,,,,,"Strong, convergent, lineage-consistent"
rpoC,c.2943T>G,rifampicin,Chromosome_766312_T_G,True,"Beta-prime subunit of RNA polymerase. Mutations here compensate for the conformational changes in the RNA polymerase complex caused by rpoB RRDR resistance mutations, restoring transcription efficiency.",Comas et al. 2012 Nat Genet; Muller et al. 2017,0.001148,0.021277,0.054,3.373580303878289e-05,0.0002469129633452,0.0528735632183908,-4.2413096346790775,,,,False,1.7222820236813776,False,0.6736789959418252,False,synonymous,4.0,1.0,32.0,convergent,0.08,,,,,,,,,,"Strong, convergent, lineage-consistent"
ahpC,c.198G>C,isoniazid,Chromosome_2726390_G_C,True,Alkyl hydroperoxide reductase. Upregulation compensates for the loss of KatG-mediated oxidative defence when katG is inactivated by INH-resistance mutations. Promoter mutations causing ahpC upregulation are the canonical compensatory mechanism for katG LoF.,Sherman et al. 1996; Heym et al. 1997,0.001148,0.021277,0.054,3.373580303878289e-05,0.0002469129633452,0.0528735632183908,-4.2413096346790775,,,,False,1.5069967707212055,False,0.7068002625253008,False,synonymous,2.0,3.0,28.0,convergent,0.09,,,,,,,,,,"Strong, convergent, lineage-consistent"
ahpC,c.495C>G,isoniazid,Chromosome_2726687_C_G,True,Alkyl hydroperoxide reductase. Upregulation compensates for the loss of KatG-mediated oxidative defence when katG is inactivated by INH-resistance mutations. Promoter mutations causing ahpC upregulation are the canonical compensatory mechanism for katG LoF.,Sherman et al. 1996; Heym et al. 1997,0.001148,0.020263,0.0567,3.3369924992747835e-05,0.0002469129633452,0.0555747126436781,-4.169427606146612,,,,False,1.2378902045209903,False,0.8280255127500844,False,synonymous,2.0,3.0,23.0,convergent,0.09,,,,,,,,,,"Strong, convergent, lineage-consistent"
rpoA,p.Asp12Glu,rifampicin,Chromosome_3878472_G_T,True,Compensates transcriptional fitness cost of rpoB RRDR mutations. Mutations in the alpha subunit of RNA polymerase restore the binding geometry disrupted by rpoB resistance mutations.,Comas et al. 2012 Nat Genet; Gagneux et al.,0.003444,0.026342,0.1307,3.859528668100247e-05,0.0002820470260976,0.1277472527472527,-2.968635829090665,,,,False,1.6146393972012916,False,0.7068002625253008,False,nonsynonymous,3.0,1.0,30.0,convergent,0.055,12.0,D,E,44.6,conservative,PDB,7KIN,0.365,exposed,"Strong, convergent, lineage-consistent"
ndh,c.471A>G,isoniazid,Chromosome_2102572_T_C,True,"NADH dehydrogenase. Loss-of-function mutations raise the NADH/NAD+ ratio, which can compensate for INH-mediated inhibition of InhA (InhA requires NADH as cofactor). Not a direct resistance mutation but modulates the INH activation and target environment.",Miesel et al. 1998,0.0,0.016211,0.0,4.30179592736006e-05,0.0002988088815918,0.0,-19.93156856932417,,,,False,1.4531754574811624,False,0.8280255127500844,False,synonymous,2.0,2.0,27.0,convergent,0.102,,,,,,,,,,"Strong, convergent, lineage-consistent"
rpoC,c.1185C>T,rifampicin,Chromosome_764554_C_T,True,"Beta-prime subunit of RNA polymerase. Mutations here compensate for the conformational changes in the RNA polymerase complex caused by rpoB RRDR resistance mutations, restoring transcription efficiency.",Comas et al. 2012 Nat Genet; Muller et al. 2017,0.002296,0.023303,0.0985,5.149848281061068e-05,0.0003500723076527,0.096462700755491,-3.3738849866414515,,,,False,1.3455328310010763,False,0.7922971278529128,False,synonymous,2.0,1.0,25.0,convergent,0.08,,,,,,,,,,"Strong, convergent, lineage-consistent"
rpoC,c.1224C>T,rifampicin,Chromosome_764593_C_T,True,"Beta-prime subunit of RNA polymerase. Mutations here compensate for the conformational changes in the RNA polymerase complex caused by rpoB RRDR resistance mutations, restoring transcription efficiency.",Comas et al. 2012 Nat Genet; Muller et al. 2017,0.002296,0.023303,0.0985,5.149848281061068e-05,0.0003500723076527,0.096462700755491,-3.3738849866414515,,,,False,1.3455328310010763,False,0.7922971278529128,False,synonymous,2.0,1.0,25.0,convergent,0.08,,,,,,,,,,"Strong, convergent, lineage-consistent"
ahpC,c.144G>C,isoniazid,Chromosome_2726336_G_C,True,Alkyl hydroperoxide reductase. Upregulation compensates for the loss of KatG-mediated oxidative defence when katG is inactivated by INH-resistance mutations. Promoter mutations causing ahpC upregulation are the canonical compensatory mechanism for katG LoF.,Sherman et al. 1996; Heym et al. 1997,0.002296,0.023303,0.0985,5.149848281061068e-05,0.0003500723076527,0.096462700755491,-3.3738849866414515,,,,False,1.4531754574811624,False,0.8280255127500844,False,synonymous,2.0,1.0,27.0,convergent,0.09,,,,,,,,,,"Strong, convergent, lineage-consistent"
rpoC,c.3078T>C,rifampicin,Chromosome_766447_T_C,True,"Beta-prime subunit of RNA polymerase. Mutations here compensate for the conformational changes in the RNA polymerase complex caused by rpoB RRDR resistance mutations, restoring transcription efficiency.",Comas et al. 2012 Nat Genet; Muller et al. 2017,0.002296,0.023303,0.0985,5.149848281061068e-05,0.0003500723076527,0.096462700755491,-3.3738849866414515,,,,False,1.3455328310010763,False,0.8280255127500844,False,synonymous,2.0,3.0,25.0,convergent,0.08,,,,,,,,,,"Strong, convergent, lineage-consistent"
kasA,c.106C>T,isoniazid,Chromosome_2518220_C_T,True,Beta-ketoacyl ACP synthase involved in mycolic acid synthesis. Mutations here can partially compensate for inhA-mediated INH resistance by altering the flux through the FAS-II fatty acid synthesis pathway.,Mdluli et al. 1998,0.002296,0.023303,0.0985,5.149848281061068e-05,0.0003500723076527,0.096462700755491,-3.3738849866414515,,,,False,1.3455328310010763,False,0.8280255127500844,False,synonymous,2.0,1.0,25.0,convergent,0.116,,,,,,,,,,"Strong, convergent, lineage-consistent"
kasA,c.-122G>T,isoniazid,Chromosome_2517993_G_T,True,Beta-ketoacyl ACP synthase involved in mycolic acid synthesis. Mutations here can partially compensate for inhA-mediated INH resistance by altering the flux through the FAS-II fatty acid synthesis pathway.,Mdluli et al. 1998,0.002296,0.023303,0.0985,5.149848281061068e-05,0.0003500723076527,0.096462700755491,-3.3738849866414515,,,,False,1.5608180839612489,False,0.6743032395683798,False,noncoding_upstream,3.0,1.0,29.0,convergent,0.116,,,,,,,,,,"Strong, convergent, lineage-consistent"
rpoC,c.2172C>G,rifampicin,Chromosome_765541_C_G,True,"Beta-prime subunit of RNA polymerase. Mutations here compensate for the conformational changes in the RNA polymerase complex caused by rpoB RRDR resistance mutations, restoring transcription efficiency.",Comas et al. 2012 Nat Genet; Muller et al. 2017,0.002296,0.023303,0.0985,5.149848281061068e-05,0.0003500723076527,0.096462700755491,-3.3738849866414515,,,,False,1.5069967707212055,False,0.8280255127500844,False,synonymous,2.0,0.0,28.0,convergent,0.08,,,,,,,,,,"Strong, convergent, lineage-consistent"
rpoC,c.2658G>C,rifampicin,Chromosome_766027_G_C,True,"Beta-prime subunit of RNA polymerase. Mutations here compensate for the conformational changes in the RNA polymerase complex caused by rpoB RRDR resistance mutations, restoring transcription efficiency.",Comas et al. 2012 Nat Genet; Muller et al. 2017,0.002296,0.023303,0.0985,5.149848281061068e-05,0.0003500723076527,0.096462700755491,-3.3738849866414515,,,,False,1.6684607104413347,False,0.6736789959418252,False,synonymous,2.0,1.0,31.0,convergent,0.08,,,,,,,,,,"Strong, convergent, lineage-consistent"
rpoC,c.1563C>A,rifampicin,Chromosome_764932_C_A,True,"Beta-prime subunit of RNA polymerase. Mutations here compensate for the conformational changes in the RNA polymerase complex caused by rpoB RRDR resistance mutations, restoring transcription efficiency.",Comas et al. 2012 Nat Genet; Muller et al. 2017,0.002296,0.023303,0.0985,5.149848281061068e-05,0.0003500723076527,0.096462700755491,-3.3738849866414515,,,,False,1.6146393972012916,False,0.7068002625253008,False,synonymous,2.0,1.0,30.0,convergent,0.08,,,,,,,,,,"Strong, convergent, lineage-consistent"
gyrB,c.1995C>T,fluoroquinolones,Chromosome_7234_C_T,True,"DNA gyrase B subunit. gyrB mutations can compensate for the supercoiling defects caused by gyrA QRDR (Quinolone Resistance-Determining Region) primary resistance mutations, restoring adequate DNA replication efficiency.",Avalos Vizcaino et al.; Mayer & Fierer 2014,0.002296,0.023303,0.0985,5.149848281061068e-05,0.0003500723076527,0.096462700755491,-3.3738849866414515,,,,False,1.5608180839612489,False,0.6840063286490898,False,synonymous,3.0,3.0,29.0,convergent,0.074,,,,,,,,,,"Strong, convergent, lineage-consistent"
gyrB,c.105C>G,fluoroquinolones,Chromosome_5344_C_G,True,"DNA gyrase B subunit. gyrB mutations can compensate for the supercoiling defects caused by gyrA QRDR (Quinolone Resistance-Determining Region) primary resistance mutations, restoring adequate DNA replication efficiency.",Avalos Vizcaino et al.; Mayer & Fierer 2014,0.001148,0.01925,0.0596,6.117308282885352e-05,0.0004094220915277,0.0585601935874168,-4.093935866905081,,,,False,1.1840688912809472,False,0.8089106052688863,False,synonymous,3.0,1.0,22.0,convergent,0.074,,,,,,,,,,"Strong, convergent, lineage-consistent"
kasA,c.510C>G,isoniazid,Chromosome_2518624_C_G,True,Beta-ketoacyl ACP synthase involved in mycolic acid synthesis. Mutations here can partially compensate for inhA-mediated INH resistance by altering the flux through the FAS-II fatty acid synthesis pathway.,Mdluli et al. 1998,0.001148,0.01925,0.0596,6.117308282885352e-05,0.0004094220915277,0.0585601935874168,-4.093935866905081,,,,False,1.1840688912809472,False,0.7531078554279901,False,synonymous,3.0,3.0,22.0,convergent,0.116,,,,,,,,,,"Strong, convergent, lineage-consistent"
ahpC,p.Val134Ala,isoniazid,Chromosome_2726593_T_C,True,Alkyl hydroperoxide reductase. Upregulation compensates for the loss of KatG-mediated oxidative defence when katG is inactivated by INH-resistance mutations. Promoter mutations causing ahpC upregulation are the canonical compensatory mechanism for katG LoF.,Sherman et al. 1996; Heym et al. 1997,0.001148,0.01925,0.0596,6.117308282885352e-05,0.0004094220915277,0.0585601935874168,-4.093935866905081,,,,False,1.4531754574811624,False,0.6840063286490898,False,nonsynonymous,3.0,4.0,27.0,convergent,0.09,134.0,V,A,64.4,moderately_conservative,PDB,2BMX,0.0,buried,"Strong, convergent, lineage-consistent"
kasA,c.822C>G,isoniazid,Chromosome_2518936_C_G,True,Beta-ketoacyl ACP synthase involved in mycolic acid synthesis. Mutations here can partially compensate for inhA-mediated INH resistance by altering the flux through the FAS-II fatty acid synthesis pathway.,Mdluli et al. 1998,0.001148,0.01925,0.0596,6.117308282885352e-05,0.0004094220915277,0.0585601935874168,-4.093935866905081,,,,False,1.2378902045209903,False,0.8280255127500844,False,synonymous,2.0,0.0,23.0,convergent,0.116,,,,,,,,,,"Strong, convergent, lineage-consistent"
rpoA,c.18C>A,rifampicin,Chromosome_3878490_G_T,True,Compensates transcriptional fitness cost of rpoB RRDR mutations. Mutations in the alpha subunit of RNA polymerase restore the binding geometry disrupted by rpoB resistance mutations.,Comas et al. 2012 Nat Genet; Gagneux et al.,0.003444,0.025329,0.136,6.794807634503383e-05,0.0004534940144314,0.1329953917050691,-2.910551837728006,,,,False,1.829924650161464,False,0.6743032395683798,False,synonymous,4.0,1.0,34.0,convergent,0.055,,,,,,,,,,"Strong, convergent, lineage-consistent"
rpoC,c.1011G>C,rifampicin,Chromosome_764380_G_C,True,"Beta-prime subunit of RNA polymerase. Mutations here compensate for the conformational changes in the RNA polymerase complex caused by rpoB RRDR resistance mutations, restoring transcription efficiency.",Comas et al. 2012 Nat Genet; Muller et al. 2017,0.003444,0.025329,0.136,6.794807634503383e-05,0.0004534940144314,0.1329953917050691,-2.910551837728006,,,,False,1.6684607104413347,False,0.7528810027529826,False,synonymous,5.0,4.0,31.0,convergent,0.08,,,,,,,,,,"Strong, convergent, lineage-consistent"
rpoC,c.1281G>C,rifampicin,Chromosome_764650_G_T,True,"Beta-prime subunit of RNA polymerase. Mutations here compensate for the conformational changes in the RNA polymerase complex caused by rpoB RRDR resistance mutations, restoring transcription efficiency.",Comas et al. 2012 Nat Genet; Muller et al. 2017,0.0,0.015198,0.0,8.286413426543201e-05,0.0005148797509305,0.0,-19.93156856932417,,,,False,1.991388589881593,False,0.6736789959418252,False,synonymous,5.0,2.0,37.0,convergent,0.08,,,,,,,,,,"Strong, convergent, lineage-consistent"
rpoC,c.-975G>C,rifampicin,Chromosome_762395_G_C,True,"Beta-prime subunit of RNA polymerase. Mutations here compensate for the conformational changes in the RNA polymerase complex caused by rpoB RRDR resistance mutations, restoring transcription efficiency.",Comas et al. 2012 Nat Genet; Muller et al. 2017,0.002296,0.02229,0.103,9.34813699078538e-05,0.0005726483917846,0.1009519824249398,-3.308258853296255,,,,False,1.3455328310010763,False,0.7068002625253008,False,noncoding_upstream,3.0,5.0,25.0,convergent,0.08,,,,,,,,,,"Strong, convergent, lineage-consistent"
kasA,c.771T>C,isoniazid,Chromosome_2518885_T_C,True,Beta-ketoacyl ACP synthase involved in mycolic acid synthesis. Mutations here can partially compensate for inhA-mediated INH resistance by altering the flux through the FAS-II fatty acid synthesis pathway.,Mdluli et al. 1998,0.002296,0.02229,0.103,9.34813699078538e-05,0.0005726483917846,0.1009519824249398,-3.308258853296255,,,,False,1.3993541442411197,False,0.8280255127500844,False,synonymous,2.0,3.0,26.0,convergent,0.116,,,,,,,,,,"Strong, convergent, lineage-consistent"
gyrB,c.1029C>G,fluoroquinolones,Chromosome_6268_C_G,True,"DNA gyrase B subunit. gyrB mutations can compensate for the supercoiling defects caused by gyrA QRDR (Quinolone Resistance-Determining Region) primary resistance mutations, restoring adequate DNA replication efficiency.",Avalos Vizcaino et al.; Mayer & Fierer 2014,0.002296,0.02229,0.103,9.34813699078538e-05,0.0005726483917846,0.1009519824249398,-3.308258853296255,,,,False,1.3455328310010763,False,0.7922971278529128,False,synonymous,4.0,2.0,25.0,convergent,0.074,,,,,,,,,,"Strong, convergent, lineage-consistent"
rpoC,c.267T>C,rifampicin,Chromosome_763636_T_C,True,"Beta-prime subunit of RNA polymerase. Mutations here compensate for the conformational changes in the RNA polymerase complex caused by rpoB RRDR resistance mutations, restoring transcription efficiency.",Comas et al. 2012 Nat Genet; Muller et al. 2017,0.002296,0.02229,0.103,9.34813699078538e-05,0.0005726483917846,0.1009519824249398,-3.308258853296255,,,,False,1.6146393972012916,False,0.6840063286490898,False,synonymous,6.0,1.0,30.0,convergent,0.08,,,,,,,,,,"Strong, convergent, lineage-consistent"
ahpC,c.111T>C,isoniazid,Chromosome_2726303_T_C,True,Alkyl hydroperoxide reductase. Upregulation compensates for the loss of KatG-mediated oxidative defence when katG is inactivated by INH-resistance mutations. Promoter mutations causing ahpC upregulation are the canonical compensatory mechanism for katG LoF.,Sherman et al. 1996; Heym et al. 1997,0.002296,0.02229,0.103,9.34813699078538e-05,0.0005726483917846,0.1009519824249398,-3.308258853296255,,,,False,1.5608180839612489,False,0.8089106052688863,False,synonymous,2.0,0.0,29.0,convergent,0.09,,,,,,,,,,"Strong, convergent, lineage-consistent"
rpoC,c.888G>C,rifampicin,Chromosome_764257_G_C,True,"Beta-prime subunit of RNA polymerase. Mutations here compensate for the conformational changes in the RNA polymerase complex caused by rpoB RRDR resistance mutations, restoring transcription efficiency.",Comas et al. 2012 Nat Genet; Muller et al. 2017,0.002296,0.02229,0.103,9.34813699078538e-05,0.0005726483917846,0.1009519824249398,-3.308258853296255,,,,False,1.3455328310010763,False,0.7068002625253008,False,synonymous,2.0,4.0,25.0,convergent,0.08,,,,,,,,,,"Strong, convergent, lineage-consistent"
rpoA,c.432C>T,rifampicin,Chromosome_3878076_G_A,True,Compensates transcriptional fitness cost of rpoB RRDR mutations. Mutations in the alpha subunit of RNA polymerase restore the binding geometry disrupted by rpoB resistance mutations.,Comas et al. 2012 Nat Genet; Gagneux et al.,0.002296,0.02229,0.103,9.34813699078538e-05,0.0005726483917846,0.1009519824249398,-3.308258853296255,,,,False,1.2917115177610334,False,0.8280255127500844,False,synonymous,4.0,1.0,24.0,convergent,0.055,,,,,,,,,,"Strong, convergent, lineage-consistent"
rpoC,c.2370G>T,rifampicin,Chromosome_765739_G_T,True,"Beta-prime subunit of RNA polymerase. Mutations here compensate for the conformational changes in the RNA polymerase complex caused by rpoB RRDR resistance mutations, restoring transcription efficiency.",Comas et al. 2012 Nat Genet; Muller et al. 2017,0.002296,0.02229,0.103,9.34813699078538e-05,0.0005726483917846,0.1009519824249398,-3.308258853296255,,,,False,1.2917115177610334,False,0.8089106052688863,False,synonymous,3.0,0.0,24.0,convergent,0.08,,,,,,,,,,"Strong, convergent, lineage-consistent"
rpoA,c.414C>G,rifampicin,Chromosome_3878094_G_C,True,Compensates transcriptional fitness cost of rpoB RRDR mutations. Mutations in the alpha subunit of RNA polymerase restore the binding geometry disrupted by rpoB resistance mutations.,Comas et al. 2012 Nat Genet; Gagneux et al.,0.002296,0.02229,0.103,9.34813699078538e-05,0.0005726483917846,0.1009519824249398,-3.308258853296255,,,,False,1.3455328310010763,False,0.8089106052688863,False,synonymous,2.0,2.0,25.0,convergent,0.055,,,,,,,,,,"Strong, convergent, lineage-consistent"
rpoC,c.1050C>G,rifampicin,Chromosome_764419_C_G,True,"Beta-prime subunit of RNA polymerase. Mutations here compensate for the conformational changes in the RNA polymerase complex caused by rpoB RRDR resistance mutations, restoring transcription efficiency.",Comas et al. 2012 Nat Genet; Muller et al. 2017,0.001148,0.018237,0.063,0.0001119849182256,0.0006833657669726,0.0618773946360153,-4.014443736763322,,,,False,1.1302475780409045,False,0.8720714052853945,False,synonymous,5.0,0.0,21.0,convergent,0.08,,,,,,,,,,"Strong, convergent, lineage-consistent"
rpoA,c.30C>G,rifampicin,Chromosome_3878478_G_C,True,Compensates transcriptional fitness cost of rpoB RRDR mutations. Mutations in the alpha subunit of RNA polymerase restore the binding geometry disrupted by rpoB resistance mutations.,Comas et al. 2012 Nat Genet; Gagneux et al.,0.003444,0.024316,0.1416,0.0001192570228461,0.0007258858584464,0.1386808755760368,-2.85015924460102,,,,False,1.4531754574811624,False,0.8089106052688863,False,synonymous,3.0,0.0,27.0,convergent,0.055,,,,,,,,,,"Strong, convergent, lineage-consistent"
rpoC,c.3039C>G,rifampicin,Chromosome_766408_C_T,True,"Beta-prime subunit of RNA polymerase. Mutations here compensate for the conformational changes in the RNA polymerase complex caused by rpoB RRDR resistance mutations, restoring transcription efficiency.",Comas et al. 2012 Nat Genet; Muller et al. 2017,0.0,0.014184,0.0,0.0001598320181063,0.0009090803222923,0.0,-19.93156856932417,,,,False,1.9375672766415504,False,0.6736789959418252,False,synonymous,3.0,1.0,36.0,convergent,0.08,,,,,,,,,,"Strong, convergent, lineage-consistent"
gyrB,p.Lys526Gln,fluoroquinolones,Chromosome_6815_A_C,True,"DNA gyrase B subunit. gyrB mutations can compensate for the supercoiling defects caused by gyrA QRDR (Quinolone Resistance-Determining Region) primary resistance mutations, restoring adequate DNA replication efficiency.",Avalos Vizcaino et al.; Mayer & Fierer 2014,0.021814,0.00304,7.1744,0.0001536363008679,0.0009090803222923,7.314553990610329,2.870769897835831,,,,False,1.2378902045209903,False,0.2724217545712204,False,nonsynonymous,4.0,2.0,23.0,convergent,0.074,526.0,K,Q,53.2,moderately_conservative,PDB,3M4I,0.035,buried,"Strong, convergent, lineage-consistent"
ndh,c.420C>G,isoniazid,Chromosome_2102623_G_C,True,"NADH dehydrogenase. Loss-of-function mutations raise the NADH/NAD+ ratio, which can compensate for INH-mediated inhibition of InhA (InhA requires NADH as cofactor). Not a direct resistance mutation but modulates the INH activation and target environment.",Miesel et al. 1998,0.002296,0.021277,0.1079,0.0001691911525153,0.00094651838195,0.1058688147295742,-3.239650410757388,,,,False,1.2917115177610334,False,0.8089106052688863,False,synonymous,3.0,0.0,24.0,convergent,0.102,,,,,,,,,,"Strong, convergent, lineage-consistent"
rpoA,c.132G>C,rifampicin,Chromosome_3878376_C_G,True,Compensates transcriptional fitness cost of rpoB RRDR mutations. Mutations in the alpha subunit of RNA polymerase restore the binding geometry disrupted by rpoB resistance mutations.,Comas et al. 2012 Nat Genet; Gagneux et al.,0.002296,0.021277,0.1079,0.0001691911525153,0.00094651838195,0.1058688147295742,-3.239650410757388,,,,False,1.3993541442411197,False,0.8280255127500844,False,synonymous,2.0,0.0,26.0,convergent,0.055,,,,,,,,,,"Strong, convergent, lineage-consistent"
rpoC,c.2211G>C,rifampicin,Chromosome_765580_G_C,True,"Beta-prime subunit of RNA polymerase. Mutations here compensate for the conformational changes in the RNA polymerase complex caused by rpoB RRDR resistance mutations, restoring transcription efficiency.",Comas et al. 2012 Nat Genet; Muller et al. 2017,0.002296,0.021277,0.1079,0.0001691911525153,0.00094651838195,0.1058688147295742,-3.239650410757388,,,,False,1.2378902045209903,False,0.8280255127500844,False,synonymous,2.0,0.0,23.0,convergent,0.08,,,,,,,,,,"Strong, convergent, lineage-consistent"
ndh,c.150G>C,isoniazid,Chromosome_2102893_C_G,True,"NADH dehydrogenase. Loss-of-function mutations raise the NADH/NAD+ ratio, which can compensate for INH-mediated inhibition of InhA (InhA requires NADH as cofactor). Not a direct resistance mutation but modulates the INH activation and target environment.",Miesel et al. 1998,0.002296,0.021277,0.1079,0.0001691911525153,0.00094651838195,0.1058688147295742,-3.239650410757388,,,,False,1.2378902045209903,False,0.8280255127500844,False,synonymous,3.0,1.0,23.0,convergent,0.102,,,,,,,,,,"Strong, convergent, lineage-consistent"
gid,c.600G>A,streptomycin,Chromosome_4407603_C_T,True,"Glucose-inhibited division protein A. Mutations in gid reduce streptomycin binding through 16S rRNA methylation changes, compensating for the ribosomal fitness defects caused by primary rpsL and rrs resistance mutations.",Nair et al. 1993; Spies et al.,0.002296,0.021277,0.1079,0.0001691911525153,0.00094651838195,0.1058688147295742,-3.239650410757388,,,,False,1.2378902045209903,False,0.8280255127500844,False,synonymous,2.0,0.0,23.0,convergent,0.722,,,,,,,,,,"Strong, convergent, lineage-consistent"
rpoA,c.-209C>G,rifampicin,Chromosome_3878716_G_C,True,Compensates transcriptional fitness cost of rpoB RRDR mutations. Mutations in the alpha subunit of RNA polymerase restore the binding geometry disrupted by rpoB resistance mutations.,Comas et al. 2012 Nat Genet; Gagneux et al.,0.002296,0.021277,0.1079,0.0001691911525153,0.00094651838195,0.1058688147295742,-3.239650410757388,,,,False,1.3455328310010763,False,0.7922971278529128,False,noncoding_upstream,4.0,0.0,25.0,convergent,0.055,,,,,,,,,,"Strong, convergent, lineage-consistent"
rpoC,c.72C>T,rifampicin,Chromosome_763441_C_T,True,"Beta-prime subunit of RNA polymerase. Mutations here compensate for the conformational changes in the RNA polymerase complex caused by rpoB RRDR resistance mutations, restoring transcription efficiency.",Comas et al. 2012 Nat Genet; Muller et al. 2017,0.002296,0.021277,0.1079,0.0001691911525153,0.00094651838195,0.1058688147295742,-3.239650410757388,,,,False,1.2378902045209903,False,0.8280255127500844,False,synonymous,2.0,0.0,23.0,convergent,0.08,,,,,,,,,,"Strong, convergent, lineage-consistent"
rpoA,p.Met123Leu,rifampicin,Chromosome_3878141_T_G,True,Compensates transcriptional fitness cost of rpoB RRDR mutations. Mutations in the alpha subunit of RNA polymerase restore the binding geometry disrupted by rpoB resistance mutations.,Comas et al. 2012 Nat Genet; Gagneux et al.,0.002296,0.021277,0.1079,0.0001691911525153,0.00094651838195,0.1058688147295742,-3.239650410757388,,,,False,1.2378902045209903,False,0.8280255127500844,False,nonsynonymous,2.0,0.0,23.0,convergent,0.055,123.0,M,L,14.3,conservative,PDB,7KIN,0.118,partially_buried,"Strong, convergent, lineage-consistent"
rpoA,c.-230G>C,rifampicin,Chromosome_3878737_C_G,True,Compensates transcriptional fitness cost of rpoB RRDR mutations. Mutations in the alpha subunit of RNA polymerase restore the binding geometry disrupted by rpoB resistance mutations.,Comas et al. 2012 Nat Genet; Gagneux et al.,0.002296,0.021277,0.1079,0.0001691911525153,0.00094651838195,0.1058688147295742,-3.239650410757388,,,,False,1.2378902045209903,False,0.8280255127500844,False,noncoding_upstream,2.0,0.0,23.0,convergent,0.055,,,,,,,,,,"Strong, convergent, lineage-consistent"
rpoC,c.2727G>C,rifampicin,Chromosome_766096_G_C,True,"Beta-prime subunit of RNA polymerase. Mutations here compensate for the conformational changes in the RNA polymerase complex caused by rpoB RRDR resistance mutations, restoring transcription efficiency.",Comas et al. 2012 Nat Genet; Muller et al. 2017,0.002296,0.021277,0.1079,0.0001691911525153,0.00094651838195,0.1058688147295742,-3.239650410757388,,,,False,1.2917115177610334,False,0.8280255127500844,False,synonymous,2.0,2.0,24.0,convergent,0.08,,,,,,,,,,"Strong, convergent, lineage-consistent"
gid,c.594G>C,streptomycin,Chromosome_4407609_C_G,True,"Glucose-inhibited division protein A. Mutations in gid reduce streptomycin binding through 16S rRNA methylation changes, compensating for the ribosomal fitness defects caused by primary rpsL and rrs resistance mutations.",Nair et al. 1993; Spies et al.,0.002296,0.021277,0.1079,0.0001691911525153,0.00094651838195,0.1058688147295742,-3.239650410757388,,,,False,1.2378902045209903,False,0.8280255127500844,False,synonymous,2.0,0.0,23.0,convergent,0.722,,,,,,,,,,"Strong, convergent, lineage-consistent"
ndh,c.525T>G,isoniazid,Chromosome_2102518_A_C,True,"NADH dehydrogenase. Loss-of-function mutations raise the NADH/NAD+ ratio, which can compensate for INH-mediated inhibition of InhA (InhA requires NADH as cofactor). Not a direct resistance mutation but modulates the INH activation and target environment.",Miesel et al. 1998,0.001148,0.017224,0.0667,0.0002046979980973,0.0011345166630903,0.0655848546315077,-3.93049349491194,,,,False,1.4531754574811624,False,0.8280255127500844,False,synonymous,2.0,1.0,27.0,convergent,0.102,,,,,,,,,,"Strong, convergent, lineage-consistent"
gyrB,c.132T>C,fluoroquinolones,Chromosome_5371_T_C,True,"DNA gyrase B subunit. gyrB mutations can compensate for the supercoiling defects caused by gyrA QRDR (Quinolone Resistance-Determining Region) primary resistance mutations, restoring adequate DNA replication efficiency.",Avalos Vizcaino et al.; Mayer & Fierer 2014,0.002296,0.020263,0.1133,0.0003051779735552,0.0016208847428265,0.111277330264672,-3.167768382224921,,,,False,1.3455328310010763,False,0.7922971278529128,False,synonymous,4.0,2.0,25.0,convergent,0.074,,,,,,,,,,"Strong, convergent, lineage-consistent"
rpoC,c.2988C>T,rifampicin,Chromosome_766357_C_T,True,"Beta-prime subunit of RNA polymerase. Mutations here compensate for the conformational changes in the RNA polymerase complex caused by rpoB RRDR resistance mutations, restoring transcription efficiency.",Comas et al. 2012 Nat Genet; Muller et al. 2017,0.002296,0.020263,0.1133,0.0003051779735552,0.0016208847428265,0.111277330264672,-3.167768382224921,,,,False,1.2917115177610334,False,0.6736789959418252,False,synonymous,3.0,0.0,24.0,convergent,0.08,,,,,,,,,,"Strong, convergent, lineage-consistent"
rpoC,c.2685C>G,rifampicin,Chromosome_766054_C_G,True,"Beta-prime subunit of RNA polymerase. Mutations here compensate for the conformational changes in the RNA polymerase complex caused by rpoB RRDR resistance mutations, restoring transcription efficiency.",Comas et al. 2012 Nat Genet; Muller et al. 2017,0.002296,0.020263,0.1133,0.0003051779735552,0.0016208847428265,0.111277330264672,-3.167768382224921,,,,False,1.1840688912809472,False,0.8720714052853945,False,synonymous,2.0,1.0,22.0,convergent,0.08,,,,,,,,,,"Strong, convergent, lineage-consistent"
rpoC,c.2568T>C,rifampicin,Chromosome_765937_T_C,True,"Beta-prime subunit of RNA polymerase. Mutations here compensate for the conformational changes in the RNA polymerase complex caused by rpoB RRDR resistance mutations, restoring transcription efficiency.",Comas et al. 2012 Nat Genet; Muller et al. 2017,0.002296,0.020263,0.1133,0.0003051779735552,0.0016208847428265,0.111277330264672,-3.167768382224921,,,,False,1.1840688912809472,False,0.7531078554279901,False,synonymous,3.0,3.0,22.0,convergent,0.08,,,,,,,,,,"Strong, convergent, lineage-consistent"
rpoC,c.2256C>G,rifampicin,Chromosome_765625_C_G,True,"Beta-prime subunit of RNA polymerase. Mutations here compensate for the conformational changes in the RNA polymerase complex caused by rpoB RRDR resistance mutations, restoring transcription efficiency.",Comas et al. 2012 Nat Genet; Muller et al. 2017,0.002296,0.020263,0.1133,0.0003051779735552,0.0016208847428265,0.111277330264672,-3.167768382224921,,,,False,1.3455328310010763,False,0.8089106052688863,False,synonymous,2.0,3.0,25.0,convergent,0.08,,,,,,,,,,"Strong, convergent, lineage-consistent"
rpoC,c.1929G>C,rifampicin,Chromosome_765298_G_C,True,"Beta-prime subunit of RNA polymerase. Mutations here compensate for the conformational changes in the RNA polymerase complex caused by rpoB RRDR resistance mutations, restoring transcription efficiency.",Comas et al. 2012 Nat Genet; Muller et al. 2017,0.002296,0.020263,0.1133,0.0003051779735552,0.0016208847428265,0.111277330264672,-3.167768382224921,,,,False,1.3455328310010763,False,0.8720714052853945,False,synonymous,2.0,2.0,25.0,convergent,0.08,,,,,,,,,,"Strong, convergent, lineage-consistent"
mmpL5,c.2763C>G,bedaquiline/clofazimine,Chromosome_775718_G_C,True,MmpL5 efflux pump structural component. Gain-of-function mutations that increase pump activity may compensate for BDQ/CFZ fitness costs in highly resistant strains. Borderline primary/compensatory — flag for manual review.,Andries et al.; Hartkoorn et al. 2014,0.0,0.013171,0.0,0.0003087561255719,0.0016208847428265,0.0,-19.93156856932417,,,,False,1.4531754574811624,False,0.7922971278529128,False,synonymous,5.0,1.0,27.0,convergent,0.305,,,,,,,,,,"Strong, convergent, lineage-consistent"
rpoA,c.54A>C,rifampicin,Chromosome_3878454_T_G,True,Compensates transcriptional fitness cost of rpoB RRDR mutations. Mutations in the alpha subunit of RNA polymerase restore the binding geometry disrupted by rpoB resistance mutations.,Comas et al. 2012 Nat Genet; Gagneux et al.,0.003444,0.02229,0.1545,0.0003634483256129,0.0019017274230536,0.1516024298282362,-2.721635218205178,,,,False,1.829924650161464,False,0.6743032395683798,False,synonymous,2.0,0.0,34.0,convergent,0.055,,,,,,,,,,"Strong, convergent, lineage-consistent"
rpoC,c.1191T>C,rifampicin,Chromosome_764560_T_C,True,"Beta-prime subunit of RNA polymerase. Mutations here compensate for the conformational changes in the RNA polymerase complex caused by rpoB RRDR resistance mutations, restoring transcription efficiency.",Comas et al. 2012 Nat Genet; Muller et al. 2017,0.003444,0.02229,0.1545,0.0003634483256129,0.0019017274230536,0.1516024298282362,-2.721635218205178,,,,False,1.3993541442411197,False,0.7531078554279901,False,synonymous,5.0,1.0,26.0,convergent,0.08,,,,,,,,,,"Strong, convergent, lineage-consistent"
rpoC,c.-222G>C,rifampicin,Chromosome_763148_G_C,True,"Beta-prime subunit of RNA polymerase. Mutations here compensate for the conformational changes in the RNA polymerase complex caused by rpoB RRDR resistance mutations, restoring transcription efficiency.",Comas et al. 2012 Nat Genet; Muller et al. 2017,0.003444,0.02229,0.1545,0.0003634483256129,0.0019017274230536,0.1516024298282362,-2.721635218205178,,,,False,1.3455328310010763,False,0.7922971278529128,False,noncoding_upstream,4.0,0.0,25.0,convergent,0.08,,,,,,,,,,"Strong, convergent, lineage-consistent"
ahpC,c.18T>C,isoniazid,Chromosome_2726210_T_C,True,Alkyl hydroperoxide reductase. Upregulation compensates for the loss of KatG-mediated oxidative defence when katG is inactivated by INH-resistance mutations. Promoter mutations causing ahpC upregulation are the canonical compensatory mechanism for katG LoF.,Sherman et al. 1996; Heym et al. 1997,0.005741,0.026342,0.2179,0.0004221642293405,0.0021945181943495,0.2134038017409842,-2.228342217206704,,,,False,1.829924650161464,False,0.4726159710449776,False,synonymous,3.0,1.0,34.0,convergent,0.09,,,,,,,,,,"Strong, convergent, lineage-consistent"
rpoC,c.3526T>C,rifampicin,Chromosome_766895_T_C,True,"Beta-prime subunit of RNA polymerase. Mutations here compensate for the conformational changes in the RNA polymerase complex caused by rpoB RRDR resistance mutations, restoring transcription efficiency.",Comas et al. 2012 Nat Genet; Muller et al. 2017,0.002296,0.01925,0.1193,0.0005483067631698,0.0028134622299427,0.1172551632245169,-3.092276642983391,,,,False,1.1840688912809472,False,0.6743032395683798,False,synonymous,2.0,2.0,22.0,convergent,0.08,,,,,,,,,,"Strong, convergent, lineage-consistent"
rpoC,c.3525T>C,rifampicin,Chromosome_766894_T_C,True,"Beta-prime subunit of RNA polymerase. Mutations here compensate for the conformational changes in the RNA polymerase complex caused by rpoB RRDR resistance mutations, restoring transcription efficiency.",Comas et al. 2012 Nat Genet; Muller et al. 2017,0.002296,0.01925,0.1193,0.0005483067631698,0.0028134622299427,0.1172551632245169,-3.092276642983391,,,,False,1.1840688912809472,False,0.6743032395683798,False,synonymous,2.0,2.0,22.0,convergent,0.08,,,,,,,,,,"Strong, convergent, lineage-consistent"
rpoC,p.His748Gln,rifampicin,Chromosome_765613_C_G,True,"Beta-prime subunit of RNA polymerase. Mutations here compensate for the conformational changes in the RNA polymerase complex caused by rpoB RRDR resistance mutations, restoring transcription efficiency.",Comas et al. 2012 Nat Genet; Muller et al. 2017,0.002296,0.01925,0.1193,0.0005483067631698,0.0028134622299427,0.1172551632245169,-3.092276642983391,,,,False,1.2917115177610334,False,0.8089106052688863,False,nonsynonymous,3.0,0.0,24.0,convergent,0.08,748.0,H,Q,24.1,conservative,PDB,7KIN,0.437,exposed,"Strong, convergent, lineage-consistent"
rpoA,p.Ser203Asn,rifampicin,Chromosome_3877900_C_T,True,Compensates transcriptional fitness cost of rpoB RRDR mutations. Mutations in the alpha subunit of RNA polymerase restore the binding geometry disrupted by rpoB resistance mutations.,Comas et al. 2012 Nat Genet; Gagneux et al.,0.002296,0.01925,0.1193,0.0005483067631698,0.0028134622299427,0.1172551632245169,-3.092276642983391,,,,False,1.6684607104413347,False,0.7531078554279901,False,nonsynonymous,2.0,2.0,31.0,convergent,0.055,203.0,S,N,46.2,conservative,PDB,7KIN,0.291,exposed,"Strong, convergent, lineage-consistent"
rpoC,c.846A>G,rifampicin,Chromosome_764215_A_G,True,"Beta-prime subunit of RNA polymerase. Mutations here compensate for the conformational changes in the RNA polymerase complex caused by rpoB RRDR resistance mutations, restoring transcription efficiency.",Comas et al. 2012 Nat Genet; Muller et al. 2017,0.002296,0.01925,0.1193,0.0005483067631698,0.0028134622299427,0.1172551632245169,-3.092276642983391,,,,False,1.6146393972012916,False,0.6736789959418252,False,synonymous,3.0,2.0,30.0,convergent,0.08,,,,,,,,,,"Strong, convergent, lineage-consistent"
rpoC,p.Asp279Glu,rifampicin,Chromosome_764206_T_C,True,"Beta-prime subunit of RNA polymerase. Mutations here compensate for the conformational changes in the RNA polymerase complex caused by rpoB RRDR resistance mutations, restoring transcription efficiency.",Comas et al. 2012 Nat Genet; Muller et al. 2017,0.0,0.012158,0.0,0.0005974467439184,0.0029667178584587,0.0,-19.93156856932417,,,,False,1.883745963401507,False,0.6736789959418252,False,synonymous,2.0,0.0,35.0,convergent,0.08,,,,,,,,,,"Strong, convergent, lineage-consistent"
kasA,c.-80C>G,isoniazid,Chromosome_2518035_C_G,True,Beta-ketoacyl ACP synthase involved in mycolic acid synthesis. Mutations here can partially compensate for inhA-mediated INH resistance by altering the flux through the FAS-II fatty acid synthesis pathway.,Mdluli et al. 1998,0.0,0.012158,0.0,0.0005974467439184,0.0029667178584587,0.0,-19.93156856932417,,,,False,1.1840688912809472,False,,False,noncoding_upstream,4.0,2.0,22.0,convergent,0.116,,,,,,,,,,"Strong, convergent, lineage-consistent"
kasA,c.-81T>C,isoniazid,Chromosome_2518034_T_C,True,Beta-ketoacyl ACP synthase involved in mycolic acid synthesis. Mutations here can partially compensate for inhA-mediated INH resistance by altering the flux through the FAS-II fatty acid synthesis pathway.,Mdluli et al. 1998,0.0,0.012158,0.0,0.0005974467439184,0.0029667178584587,0.0,-19.93156856932417,,,,False,1.1840688912809472,False,,False,noncoding_upstream,4.0,2.0,22.0,convergent,0.116,,,,,,,,,,"Strong, convergent, lineage-consistent"
kasA,c.-74T>C,isoniazid,Chromosome_2518041_T_C,True,Beta-ketoacyl ACP synthase involved in mycolic acid synthesis. Mutations here can partially compensate for inhA-mediated INH resistance by altering the flux through the FAS-II fatty acid synthesis pathway.,Mdluli et al. 1998,0.0,0.012158,0.0,0.0005974467439184,0.0029667178584587,0.0,-19.93156856932417,,,,False,1.1840688912809472,False,,False,noncoding_upstream,4.0,2.0,22.0,convergent,0.116,,,,,,,,,,"Strong, convergent, lineage-consistent"
rpoC,c.-212C>T,rifampicin,Chromosome_763158_C_T,True,"Beta-prime subunit of RNA polymerase. Mutations here compensate for the conformational changes in the RNA polymerase complex caused by rpoB RRDR resistance mutations, restoring transcription efficiency.",Comas et al. 2012 Nat Genet; Muller et al. 2017,0.003444,0.021277,0.1619,0.0006305358296789,0.0031277723276797,0.1589861751152073,-2.6530267756663104,,,,False,1.3993541442411197,False,0.7531078554279901,False,noncoding_upstream,4.0,1.0,26.0,convergent,0.08,,,,,,,,,,"Strong, convergent, lineage-consistent"
rpoA,c.-229A>G,rifampicin,Chromosome_3878736_T_C,True,Compensates transcriptional fitness cost of rpoB RRDR mutations. Mutations in the alpha subunit of RNA polymerase restore the binding geometry disrupted by rpoB resistance mutations.,Comas et al. 2012 Nat Genet; Gagneux et al.,0.002296,0.018237,0.1259,0.0009806806293263,0.0048047309683217,0.1238971998465669,-3.0127845128416317,,,,False,1.2917115177610334,False,0.7068002625253008,False,noncoding_upstream,4.0,3.0,24.0,convergent,0.055,,,,,,,,,,"Strong, convergent, lineage-consistent"
rpoA,p.Glu75Ala,rifampicin,Chromosome_3878284_T_G,True,Compensates transcriptional fitness cost of rpoB RRDR mutations. Mutations in the alpha subunit of RNA polymerase restore the binding geometry disrupted by rpoB resistance mutations.,Comas et al. 2012 Nat Genet; Gagneux et al.,0.002296,0.018237,0.1259,0.0009806806293263,0.0048047309683217,0.1238971998465669,-3.0127845128416317,,,,False,1.2378902045209903,False,0.8280255127500844,False,nonsynonymous,2.0,0.0,23.0,convergent,0.055,75.0,E,A,106.7,moderately_radical,PDB,7KIN,0.251,exposed,"Strong, convergent, lineage-consistent"
rpoC,c.3039C>T,rifampicin,Chromosome_766408_C_T,True,"Beta-prime subunit of RNA polymerase. Mutations here compensate for the conformational changes in the RNA polymerase complex caused by rpoB RRDR resistance mutations, restoring transcription efficiency.",Comas et al. 2012 Nat Genet; Muller et al. 2017,0.003444,0.020263,0.17,0.0010885910185561,0.0053170484550153,0.1671082949308756,-2.581144747133844,,,,False,1.9375672766415504,False,0.6736789959418252,False,synonymous,3.0,1.0,36.0,convergent,0.08,,,,,,,,,,"Strong, convergent, lineage-consistent"
ndh,c.684C>G,isoniazid,Chromosome_2102359_G_C,True,"NADH dehydrogenase. Loss-of-function mutations raise the NADH/NAD+ ratio, which can compensate for INH-mediated inhibition of InhA (InhA requires NADH as cofactor). Not a direct resistance mutation but modulates the INH activation and target environment.",Miesel et al. 1998,0.0,0.011145,0.0,0.0011582279791443,0.0054831983298381,0.0,-19.93156856932417,,,,False,1.1840688912809472,False,0.9346571892880828,False,synonymous,2.0,2.0,22.0,convergent,0.102,,,,,,,,,,"Strong, convergent, lineage-consistent"
gyrB,c.762G>C,fluoroquinolones,Chromosome_6001_G_C,True,"DNA gyrase B subunit. gyrB mutations can compensate for the supercoiling defects caused by gyrA QRDR (Quinolone Resistance-Determining Region) primary resistance mutations, restoring adequate DNA replication efficiency.",Avalos Vizcaino et al.; Mayer & Fierer 2014,0.0,0.011145,0.0,0.0011582279791443,0.0054831983298381,0.0,-19.93156856932417,,,,False,1.1302475780409045,False,0.9346571892880828,False,synonymous,3.0,1.0,21.0,convergent,0.074,,,,,,,,,,"Strong, convergent, lineage-consistent"
rpoC,c.117T>C,rifampicin,Chromosome_763486_T_G,True,"Beta-prime subunit of RNA polymerase. Mutations here compensate for the conformational changes in the RNA polymerase complex caused by rpoB RRDR resistance mutations, restoring transcription efficiency.",Comas et al. 2012 Nat Genet; Muller et al. 2017,0.001148,0.014184,0.0809,0.0012373823918785,0.005817525885758,0.0798850574712643,-3.645930518012584,,,,False,3.3907427341227128,False,0.6741989065099503,False,synonymous,19.0,1.0,63.0,convergent,0.08,,,,,,,,,,"Strong, convergent, lineage-consistent"
rpoC,c.1018T>C,rifampicin,Chromosome_764387_T_C,True,"Beta-prime subunit of RNA polymerase. Mutations here compensate for the conformational changes in the RNA polymerase complex caused by rpoB RRDR resistance mutations, restoring transcription efficiency.",Comas et al. 2012 Nat Genet; Muller et al. 2017,0.001148,0.013171,0.0872,0.0022447695226251,0.0100251709553705,0.0861184792219275,-3.5375333467948407,,,,False,2.2066738428417656,False,0.7531078554279901,False,synonymous,5.0,0.0,41.0,convergent,0.08,,,,,,,,,,"Strong, convergent, lineage-consistent"
rpoA,c.54A>G,rifampicin,Chromosome_3878454_T_G,True,Compensates transcriptional fitness cost of rpoB RRDR mutations. Mutations in the alpha subunit of RNA polymerase restore the binding geometry disrupted by rpoB resistance mutations.,Comas et al. 2012 Nat Genet; Gagneux et al.,0.0,0.010132,0.0,0.0022499912181898,0.0100251709553705,0.0,-19.93156856932417,,,,False,1.829924650161464,False,0.6743032395683798,False,synonymous,2.0,0.0,34.0,convergent,0.055,,,,,,,,,,"Strong, convergent, lineage-consistent"
mmpL5,c.2625T>C,bedaquiline/clofazimine,Chromosome_775856_A_G,True,MmpL5 efflux pump structural component. Gain-of-function mutations that increase pump activity may compensate for BDQ/CFZ fitness costs in highly resistant strains. Borderline primary/compensatory — flag for manual review.,Andries et al.; Hartkoorn et al. 2014,0.001148,0.012158,0.0944,0.0040617341640767,0.017913674150623,0.0933908045977011,-3.420575682820274,,,,False,1.3993541442411197,False,0.7068002625253008,False,synonymous,4.0,2.0,26.0,convergent,0.305,,,,,,,,,,"Strong, convergent, lineage-consistent"
mmpL5,c.2326T>C,bedaquiline/clofazimine,Chromosome_776155_A_G,True,MmpL5 efflux pump structural component. Gain-of-function mutations that increase pump activity may compensate for BDQ/CFZ fitness costs in highly resistant strains. Borderline primary/compensatory — flag for manual review.,Andries et al.; Hartkoorn et al. 2014,0.0,0.009119,0.0,0.0043806675863438,0.0185488426992305,0.0,-19.93156856932417,,,,False,1.2917115177610334,False,0.8089106052688863,False,synonymous,2.0,1.0,24.0,convergent,0.305,,,,,,,,,,"Strong, convergent, lineage-consistent"
mmpL5,c.2745C>G,bedaquiline/clofazimine,Chromosome_775736_G_C,True,MmpL5 efflux pump structural component. Gain-of-function mutations that increase pump activity may compensate for BDQ/CFZ fitness costs in highly resistant strains. Borderline primary/compensatory — flag for manual review.,Andries et al.; Hartkoorn et al. 2014,0.0,0.008105,0.0,0.0085497229045744,0.0340277545459794,0.0,-19.93156856932417,,,,False,1.4531754574811624,False,0.7922971278529128,False,synonymous,3.0,2.0,27.0,convergent,0.305,,,,,,,,,,"Strong, convergent, lineage-consistent"
rpoC,c.834G>T,rifampicin,Chromosome_764203_G_C,True,"Beta-prime subunit of RNA polymerase. Mutations here compensate for the conformational changes in the RNA polymerase complex caused by rpoB RRDR resistance mutations, restoring transcription efficiency.",Comas et al. 2012 Nat Genet; Muller et al. 2017,0.0,0.008105,0.0,0.0085497229045744,0.0340277545459794,0.0,-19.93156856932417,,,,False,1.883745963401507,False,0.6736789959418252,False,synonymous,2.0,0.0,35.0,convergent,0.08,,,,,,,,,,"Strong, convergent, lineage-consistent"
gyrB,c.753T>C,fluoroquinolones,Chromosome_5992_T_C,True,"DNA gyrase B subunit. gyrB mutations can compensate for the supercoiling defects caused by gyrA QRDR (Quinolone Resistance-Determining Region) primary resistance mutations, restoring adequate DNA replication efficiency.",Avalos Vizcaino et al.; Mayer & Fierer 2014,0.002296,0.013171,0.1743,0.0087927858724783,0.0347631931925986,0.1724351597769319,-2.53587412287315,,,,False,1.3455328310010763,False,0.8720714052853945,False,synonymous,3.0,1.0,25.0,convergent,0.074,,,,,,,,,,"Strong, convergent, lineage-consistent"
mmpR5,p.Asp47Glu,bedaquiline/clofazimine,Chromosome_779130_TC_TCC,True,"Transcriptional repressor of the MmpS5-MmpL5 efflux pump. Loss-of-function mutations in mmpR5 upregulate MmpL5-mediated drug efflux. Classified here as compensatory in the context of pre-existing BDQ resistance conferring fitness loss, though some literature treats this as a primary low-level resistance mechanism. Flag for manual review.",Andries et al.; Hartkoorn et al. 2014,0.006889,0.0,6888.6338,0.0105159678669285,0.0415071949222358,999.0,9.964340867792416,,,,False,3.552206673842842,False,0.5786223892617783,False,indel_not_classified,58.0,2.0,66.0,convergent,undefined_dS_zero,,,,,,,,,,"Strong, convergent, lineage-consistent"
kasA,p.Gly269Ser,isoniazid,Chromosome_2518919_G_A,True,Beta-ketoacyl ACP synthase involved in mycolic acid synthesis. Mutations here can partially compensate for inhA-mediated INH resistance by altering the flux through the FAS-II fatty acid synthesis pathway.,Mdluli et al. 1998,0.315729,0.031408,10.0521,9.174102788663652e-67,4.3778818507502943e-63,14.229270404849537,3.830789785543734,,,,False,17.06135629709365,True,8.760988696468609e-34,False,nonsynonymous,13.0,0.0,317.0,convergent,0.116,269.0,G,S,55.3,moderately_conservative,PDB,6P9K,0.0,buried,Convergent but lineage-restricted
mmpL5,p.Ile948Val,bedaquiline/clofazimine,Chromosome_775639_T_C,True,MmpL5 efflux pump structural component. Gain-of-function mutations that increase pump activity may compensate for BDQ/CFZ fitness costs in highly resistant strains. Borderline primary/compensatory — flag for manual review.,Andries et al.; Hartkoorn et al. 2014,0.967853,0.732523,1.3213,6.674538104764621e-50,1.5925447917968387e-46,10.993479549496149,3.458576181291814,,,,False,86.11410118406889,True,2.9930263922811723e-22,False,nonsynonymous,25.0,1.0,1600.0,convergent,0.305,948.0,I,V,29.6,conservative,PDB,8ZKP,0.582,exposed,Convergent but lineage-restricted
gid,p.Leu16Arg,streptomycin,Chromosome_4408156_A_C,True,"Glucose-inhibited division protein A. Mutations in gid reduce streptomycin binding through 16S rRNA methylation changes, compensating for the ribosomal fitness defects caused by primary rpsL and rrs resistance mutations.",Nair et al. 1993; Spies et al.,0.339839,0.116515,2.9167,1.7733056214984047e-31,2.820738141930129e-28,3.9033950850661623,1.9647294936297637,,,,False,23.2508073196986,True,2.6591924817832123e-50,False,nonsynonymous,16.0,3.0,432.0,convergent,0.722,16.0,L,R,101.9,moderately_radical,PDB,7CFE,0.114,partially_buried,Convergent but lineage-restricted
rpoC,p.Val483Gly,rifampicin,Chromosome_764817_T_G,True,"Beta-prime subunit of RNA polymerase. Mutations here compensate for the conformational changes in the RNA polymerase complex caused by rpoB RRDR resistance mutations, restoring transcription efficiency.",Comas et al. 2012 Nat Genet; Muller et al. 2017,0.107922,0.002026,53.2332,1.0241943046049521e-29,1.2218638053937076e-26,59.58172458172458,5.896797977613666,,,,False,6.189451022604951,True,6.329065140050269e-72,False,nonsynonymous,28.0,4.0,115.0,convergent,0.08,483.0,V,G,108.8,moderately_radical,PDB,7KIN,0.0,buried,Convergent but lineage-restricted
rpoC,c.1626C>G,rifampicin,Chromosome_764995_C_G,True,"Beta-prime subunit of RNA polymerase. Mutations here compensate for the conformational changes in the RNA polymerase complex caused by rpoB RRDR resistance mutations, restoring transcription efficiency.",Comas et al. 2012 Nat Genet; Muller et al. 2017,0.339839,0.136778,2.4846,3.170547300536939e-25,3.0259703436324545e-22,3.248850241545893,1.6999292429722197,,,,False,24.65016146393972,True,7.923350367931011e-50,False,synonymous,22.0,1.0,458.0,convergent,0.08,,,,,,,,,,Convergent but lineage-restricted
whiB7,c.-350A>G,multiple,Chromosome_3569029_T_C,True,"WhiB7 is a transcriptional activator of multiple intrinsic resistance mechanisms including eis (aminoglycoside), tap (efflux), and others. Mutations affecting whiB7 activity can modulate broad fitness costs of MDR. Emerging evidence for compensatory role in MDR-TB fitness restoration.",Burian et al. 2012; Larsson et al.,0.0,0.082067,0.0,1.2651180223192416e-23,1.0061905337512368e-20,0.0,-19.93156856932417,,,,False,4.413347685683531,True,1.0504478660263776e-06,False,noncoding_upstream,2.0,0.0,82.0,convergent,undefined_dS_zero,,,,,,,,,,Convergent but lineage-restricted
rpoC,p.Val1039Ala,rifampicin,Chromosome_766485_T_C,True,"Beta-prime subunit of RNA polymerase. Mutations here compensate for the conformational changes in the RNA polymerase complex caused by rpoB RRDR resistance mutations, restoring transcription efficiency.",Comas et al. 2012 Nat Genet; Muller et al. 2017,0.061998,0.0,61997.7038,6.944827805498231e-19,4.734388326833937e-16,999.0,9.964340867792416,,,,False,2.906350914962325,True,0.0006334231280792,False,nonsynonymous,6.0,2.0,54.0,convergent,0.08,1039.0,V,A,64.4,moderately_conservative,PDB,7KIN,0.523,exposed,Convergent but lineage-restricted
gyrB,p.His302Arg,fluoroquinolones,Chromosome_6144_A_G,True,"DNA gyrase B subunit. gyrB mutations can compensate for the supercoiling defects caused by gyrA QRDR (Quinolone Resistance-Determining Region) primary resistance mutations, restoring adequate DNA replication efficiency.",Avalos Vizcaino et al.; Mayer & Fierer 2014,0.051665,0.0,51664.7532,8.409642367534524e-16,5.016351672234345e-13,999.0,9.964340867792416,,,,False,2.4219590958019377,True,0.0040472064921437,False,nonsynonymous,2.0,0.0,45.0,convergent,0.074,302.0,H,R,28.8,conservative,PDB,3M4I,,,Convergent but lineage-restricted
rpoC,p.Pro1040Ser,rifampicin,Chromosome_766487_C_T,True,"Beta-prime subunit of RNA polymerase. Mutations here compensate for the conformational changes in the RNA polymerase complex caused by rpoB RRDR resistance mutations, restoring transcription efficiency.",Comas et al. 2012 Nat Genet; Muller et al. 2017,0.04248,0.0,42479.9082,4.424520902062777e-13,2.3459793049603967e-10,999.0,9.964340867792416,,,,False,1.991388589881593,True,0.0169051736176604,False,nonsynonymous,5.0,1.0,37.0,convergent,0.08,1040.0,P,S,73.4,moderately_conservative,PDB,7KIN,0.088,buried,Convergent but lineage-restricted
ahpC,c.-88G>A,isoniazid,Chromosome_2726105_G_A,True,Alkyl hydroperoxide reductase. Upregulation compensates for the loss of KatG-mediated oxidative defence when katG is inactivated by INH-resistance mutations. Promoter mutations causing ahpC upregulation are the canonical compensatory mechanism for katG LoF.,Sherman et al. 1996; Heym et al. 1997,0.020666,0.098278,0.2103,6.39395420225897e-13,3.05119494531798e-10,0.1936162241210524,-2.3687282462093453,,,,False,6.350914962325081,True,0.0,False,noncoding_upstream,2.0,0.0,118.0,convergent,0.09,,,,,,,,,,Convergent but lineage-restricted
gid,p.Ala119Thr,streptomycin,Chromosome_4407848_C_T,True,"Glucose-inhibited division protein A. Mutations in gid reduce streptomycin binding through 16S rRNA methylation changes, compensating for the ribosomal fitness defects caused by primary rpsL and rrs resistance mutations.",Nair et al. 1993; Spies et al.,0.053961,0.00304,17.7473,1.0615407060408577e-12,4.605156590206338e-10,18.70873786407767,4.225640329112503,,,,False,2.744886975242196,True,2.5852764391065555e-300,False,nonsynonymous,2.0,0.0,51.0,convergent,0.722,119.0,A,T,58.0,moderately_conservative,PDB,7CFE,0.0,buried,Convergent but lineage-restricted
rpoC,c.183C>T,rifampicin,Chromosome_763552_C_T,True,"Beta-prime subunit of RNA polymerase. Mutations here compensate for the conformational changes in the RNA polymerase complex caused by rpoB RRDR resistance mutations, restoring transcription efficiency.",Comas et al. 2012 Nat Genet; Muller et al. 2017,0.052813,0.00304,17.3697,2.106916256760069e-12,8.378503647715873e-10,18.28848484848485,4.192863651541918,,,,False,2.744886975242196,True,2.5852764391065555e-300,False,synonymous,2.0,0.0,51.0,convergent,0.08,,,,,,,,,,Convergent but lineage-restricted
gid,p.Glu92Asp,streptomycin,Chromosome_4407927_T_G,True,"Glucose-inhibited division protein A. Mutations in gid reduce streptomycin binding through 16S rRNA methylation changes, compensating for the ribosomal fitness defects caused by primary rpsL and rrs resistance mutations.",Nair et al. 1993; Spies et al.,0.265212,0.135765,1.9535,2.454481514079596e-12,9.009835219375255e-10,2.297609608208955,1.200133687389213,,,,False,20.721205597416574,True,0.0,False,nonsynonymous,13.0,3.0,385.0,convergent,0.722,92.0,E,D,44.6,conservative,PDB,7CFE,0.0,buried,Convergent but lineage-restricted
ndh,p.Arg268His,isoniazid,Chromosome_2102240_C_T,True,"NADH dehydrogenase. Loss-of-function mutations raise the NADH/NAD+ ratio, which can compensate for INH-mediated inhibition of InhA (InhA requires NADH as cofactor). Not a direct resistance mutation but modulates the INH activation and target environment.",Miesel et al. 1998,0.053961,0.004053,13.3116,4.3705506793947466e-12,1.4897334172908376e-09,14.017293689320388,3.809135930835,,,,False,2.744886975242196,True,2.5852764391065555e-300,False,nonsynonymous,2.0,0.0,51.0,convergent,0.102,268.0,R,H,28.8,conservative,AlphaFold,P95160,0.309,exposed,Convergent but lineage-restricted
gyrB,c.-165C>T,fluoroquinolones,Chromosome_5075_C_T,True,"DNA gyrase B subunit. gyrB mutations can compensate for the supercoiling defects caused by gyrA QRDR (Quinolone Resistance-Determining Region) primary resistance mutations, restoring adequate DNA replication efficiency.",Avalos Vizcaino et al.; Mayer & Fierer 2014,0.053961,0.008105,6.6566,2.901586356072998e-09,6.593509567228738e-07,6.980127427184466,2.803253374098114,,,,False,2.960172228202368,True,0.0,False,noncoding_upstream,2.0,0.0,55.0,convergent,0.074,,,,,,,,,,Convergent but lineage-restricted
gyrB,p.Val301Leu,fluoroquinolones,Chromosome_6140_G_T,True,"DNA gyrase B subunit. gyrB mutations can compensate for the supercoiling defects caused by gyrA QRDR (Quinolone Resistance-Determining Region) primary resistance mutations, restoring adequate DNA replication efficiency.",Avalos Vizcaino et al.; Mayer & Fierer 2014,0.002296,0.037487,0.0613,1.0391605304058584e-08,1.2397185127741892e-06,0.0590924641557552,-4.08088202922504,,,,False,2.1528525296017222,True,0.0113888435513388,False,nonsynonymous,3.0,0.0,40.0,convergent,0.074,301.0,V,L,31.8,conservative,PDB,3M4I,,,Convergent but lineage-restricted
ndh,p.Val18Ala,isoniazid,Chromosome_2102990_A_G,True,"NADH dehydrogenase. Loss-of-function mutations raise the NADH/NAD+ ratio, which can compensate for INH-mediated inhibition of InhA (InhA requires NADH as cofactor). Not a direct resistance mutation but modulates the INH activation and target environment.",Miesel et al. 1998,0.125144,0.053698,2.3305,5.918227489021029e-08,2.968993082781743e-06,2.520824047937404,1.333895422430067,,,,False,8.772874058127018,True,4.7281720069823965e-15,False,nonsynonymous,4.0,0.0,163.0,convergent,0.102,18.0,V,A,64.4,moderately_conservative,AlphaFold,P95160,0.014,buried,Convergent but lineage-restricted
gyrB,p.Met291Ile,fluoroquinolones,Chromosome_6112_G_C,True,"DNA gyrase B subunit. gyrB mutations can compensate for the supercoiling defects caused by gyrA QRDR (Quinolone Resistance-Determining Region) primary resistance mutations, restoring adequate DNA replication efficiency.",Avalos Vizcaino et al.; Mayer & Fierer 2014,0.057405,0.013171,4.3581,1.0906627127083834e-07,4.049208768699166e-06,4.562915768762298,2.18995602193817,,,,False,3.4445640473627552,True,0.0,False,nonsynonymous,2.0,0.0,64.0,convergent,0.074,291.0,M,I,10.1,conservative,PDB,3M4I,,,Convergent but lineage-restricted
gid,c.330G>T,streptomycin,Chromosome_4407873_C_A,True,"Glucose-inhibited division protein A. Mutations in gid reduce streptomycin binding through 16S rRNA methylation changes, compensating for the ribosomal fitness defects caused by primary rpsL and rrs resistance mutations.",Nair et al. 1993; Spies et al.,0.057405,0.013171,4.3581,1.0906627127083834e-07,4.049208768699166e-06,4.562915768762298,2.18995602193817,,,,False,3.4445640473627552,True,0.0,False,synonymous,2.0,0.0,64.0,convergent,0.722,,,,,,,,,,Convergent but lineage-restricted
rpoC,c.-936T>C,rifampicin,Chromosome_762434_T_G,True,"Beta-prime subunit of RNA polymerase. Mutations here compensate for the conformational changes in the RNA polymerase complex caused by rpoB RRDR resistance mutations, restoring transcription efficiency.",Comas et al. 2012 Nat Genet; Muller et al. 2017,0.002296,0.031408,0.0731,4.082123567579478e-07,9.502387153409398e-06,0.0709751661160399,-3.816541869220527,,,,False,8.127018299246501,True,0.0,False,noncoding_upstream,3.0,1.0,151.0,convergent,0.08,,,,,,,,,,Convergent but lineage-restricted
eis,p.Val163Ile,amikacin/kanamycin,Chromosome_2714846_C_T,True,Enhanced intracellular survival protein. Promoter mutations causing eis overexpression confer low-level kanamycin/amikacin resistance and may compensate for fitness costs in strains with primary rrs resistance mutations. Borderline primary/compensatory at promoter positions — flag for manual review.,Campbell et al. 2011; Zaunbrecher et al. 2009,0.005741,0.038501,0.1491,1.21814828642116e-06,2.106160732899194e-05,0.1441898626473805,-2.793958356261838,,,,False,2.4757804090419806,True,2.2679384928352134e-27,False,nonsynonymous,6.0,0.0,46.0,convergent,undefined_dS_zero,163.0,V,I,29.6,conservative,PDB,6X6I,0.139,partially_buried,Convergent but lineage-restricted
gid,c.615A>G,streptomycin,Chromosome_4407588_T_C,True,"Glucose-inhibited division protein A. Mutations in gid reduce streptomycin binding through 16S rRNA methylation changes, compensating for the ribosomal fitness defects caused by primary rpsL and rrs resistance mutations.",Nair et al. 1993; Spies et al.,0.344432,0.242148,1.4224,1.4202402350730283e-06,2.2076177204457627e-05,1.644329481420689,0.7174994070399262,,,,False,30.731969860064584,True,0.0,False,synonymous,12.0,4.0,571.0,convergent,0.722,,,,,,,,,,Convergent but lineage-restricted
embR,c.-207C>G,ethambutol,Chromosome_1417554_G_C,True,Transcriptional activator of the emb operon. Mutations in embR can modulate embB/embA/embC expression levels and partially compensate for the arabinogalactan synthesis disruption caused by primary embB resistance mutations.,Sharma et al. 2006,0.057405,0.016211,3.541,1.828190839602068e-06,2.6436747535094148e-05,3.69595006090134,1.885945263416112,,,,False,3.606027987082885,True,0.0,False,noncoding_upstream,2.0,0.0,67.0,convergent,0.71,,,,,,,,,,Convergent but lineage-restricted
ahpC,c.480G>A,isoniazid,Chromosome_2726672_G_A,True,Alkyl hydroperoxide reductase. Upregulation compensates for the loss of KatG-mediated oxidative defence when katG is inactivated by INH-resistance mutations. Promoter mutations causing ahpC upregulation are the canonical compensatory mechanism for katG LoF.,Sherman et al. 1996; Heym et al. 1997,0.0,0.020263,0.0,3.156706619775904e-06,3.683081660041715e-05,0.0,-19.93156856932417,,,,False,1.0764262648008611,True,1.3766562340739662e-16,False,synonymous,3.0,0.0,20.0,convergent,0.09,,,,,,,,,,Convergent but lineage-restricted
gyrB,c.1080G>C,fluoroquinolones,Chromosome_6319_G_C,True,"DNA gyrase B subunit. gyrB mutations can compensate for the supercoiling defects caused by gyrA QRDR (Quinolone Resistance-Determining Region) primary resistance mutations, restoring adequate DNA replication efficiency.",Avalos Vizcaino et al.; Mayer & Fierer 2014,0.002296,0.025329,0.0907,1.5515629103376702e-05,0.0001303531374671,0.0885615650172612,-3.497175472819083,,,,False,1.6684607104413347,True,0.0447517338260068,False,synonymous,5.0,1.0,31.0,convergent,0.074,,,,,,,,,,Convergent but lineage-restricted
rpoC,c.186C>T,rifampicin,Chromosome_763555_C_T,True,"Beta-prime subunit of RNA polymerase. Mutations here compensate for the conformational changes in the RNA polymerase complex caused by rpoB RRDR resistance mutations, restoring transcription efficiency.",Comas et al. 2012 Nat Genet; Muller et al. 2017,0.020666,0.001013,20.3771,1.714488372904117e-05,0.0001437880231194,20.806565064478317,4.378966906501934,,,,False,1.1302475780409045,True,7.736141640337874e-08,False,synonymous,4.0,1.0,21.0,convergent,0.08,,,,,,,,,,Convergent but lineage-restricted
mmpL5,p.Thr794Ile,bedaquiline/clofazimine,Chromosome_776100_G_A,True,MmpL5 efflux pump structural component. Gain-of-function mutations that increase pump activity may compensate for BDQ/CFZ fitness costs in highly resistant strains. Borderline primary/compensatory — flag for manual review.,Andries et al.; Hartkoorn et al. 2014,0.34558,0.265451,1.3019,0.0001821608804571,0.0010178825779176,1.4612628900495517,0.5472157510724447,,,,False,31.86221743810549,True,0.0,False,nonsynonymous,17.0,6.0,592.0,convergent,0.305,794.0,T,I,89.3,moderately_conservative,PDB,8ZKP,0.034,buried,Convergent but lineage-restricted
rpoA,p.Glu319Gln,rifampicin,Chromosome_3877553_C_T,True,Compensates transcriptional fitness cost of rpoB RRDR mutations. Mutations in the alpha subunit of RNA polymerase restore the binding geometry disrupted by rpoB resistance mutations.,Comas et al. 2012 Nat Genet; Gagneux et al.,0.002296,0.020263,0.1133,0.0003051779735552,0.0016208847428265,0.111277330264672,-3.167768382224921,,,,False,2.852529601722282,True,0.0447517338260068,False,nonsynonymous,5.0,0.0,53.0,convergent,0.055,319.0,E,K,56.9,moderately_conservative,PDB,7KIN,,,Convergent but lineage-restricted
gyrB,c.1983C>T,fluoroquinolones,Chromosome_7222_C_T,True,"DNA gyrase B subunit. gyrB mutations can compensate for the supercoiling defects caused by gyrA QRDR (Quinolone Resistance-Determining Region) primary resistance mutations, restoring adequate DNA replication efficiency.",Avalos Vizcaino et al.; Mayer & Fierer 2014,0.013777,0.038501,0.3578,0.0008793016489098,0.0043302657054672,0.3488756816371546,-1.5192150568397833,,,,False,2.744886975242196,True,0.000949651820215,False,synonymous,4.0,0.0,51.0,convergent,0.074,,,,,,,,,,Convergent but lineage-restricted
mmpL5,p.Asp767Asn,bedaquiline/clofazimine,Chromosome_776182_C_T,True,MmpL5 efflux pump structural component. Gain-of-function mutations that increase pump activity may compensate for BDQ/CFZ fitness costs in highly resistant strains. Borderline primary/compensatory — flag for manual review.,Andries et al.; Hartkoorn et al. 2014,0.083812,0.131712,0.6363,0.001014697789193,0.0049662952307992,0.603055716213611,-0.7296367962582831,,,,False,11.248654467169,True,1.6505934571502077e-186,False,nonsynonymous,4.0,2.0,209.0,convergent,0.305,767.0,D,N,23.0,conservative,PDB,8ZKP,0.068,buried,Convergent but lineage-restricted
gyrB,p.Pro94Leu,fluoroquinolones,Chromosome_5520_C_T,True,"DNA gyrase B subunit. gyrB mutations can compensate for the supercoiling defects caused by gyrA QRDR (Quinolone Resistance-Determining Region) primary resistance mutations, restoring adequate DNA replication efficiency.",Avalos Vizcaino et al.; Mayer & Fierer 2014,0.013777,0.037487,0.3675,0.0013146671784613,0.0061747950547416,0.358682314444829,-1.4792214828279469,,,,False,2.63724434876211,True,0.0014225253167512,False,nonsynonymous,2.0,0.0,49.0,convergent,0.074,94.0,P,L,97.8,moderately_conservative,PDB,3M4I,,,Convergent but lineage-restricted
mmpL5,c.1737C>G,bedaquiline/clofazimine,Chromosome_776744_G_C,True,MmpL5 efflux pump structural component. Gain-of-function mutations that increase pump activity may compensate for BDQ/CFZ fitness costs in highly resistant strains. Borderline primary/compensatory — flag for manual review.,Andries et al.; Hartkoorn et al. 2014,0.0,0.010132,0.0,0.0022499912181898,0.0100251709553705,0.0,-19.93156856932417,,,,False,2.4757804090419806,True,1.5773432893021523e-61,False,synonymous,11.0,2.0,46.0,convergent,0.305,,,,,,,,,,Convergent but lineage-restricted
rpoA,c.-90G>C,rifampicin,Chromosome_3878597_C_G,True,Compensates transcriptional fitness cost of rpoB RRDR mutations. Mutations in the alpha subunit of RNA polymerase restore the binding geometry disrupted by rpoB resistance mutations.,Comas et al. 2012 Nat Genet; Gagneux et al.,0.022962,0.007092,3.2372,0.0056468145253921,0.0237205976365944,3.290246768507638,1.7181957901463665,,,,False,5.166846071044134,True,0.0005205823576535,False,noncoding_upstream,62.0,18.0,96.0,convergent,0.055,,,,,,,,,,Convergent but lineage-restricted
rpoC,c.3627C>T,rifampicin,Chromosome_766996_C_T,True,"Beta-prime subunit of RNA polymerase. Mutations here compensate for the conformational changes in the RNA polymerase complex caused by rpoB RRDR resistance mutations, restoring transcription efficiency.",Comas et al. 2012 Nat Genet; Muller et al. 2017,0.0,0.034448,0.0,5.362176200805738e-10,1.7058869886829986e-07,0.0,-19.93156856932417,,,,False,1.829924650161464,False,0.6736789959418252,False,synonymous,1.0,3.0,34.0,single_origin_clonal,0.08,,,,,,,,,,Single-origin (clonal inheritance only)
rpoC,c.3912C>G,rifampicin,Chromosome_767281_C_G,True,"Beta-prime subunit of RNA polymerase. Mutations here compensate for the conformational changes in the RNA polymerase complex caused by rpoB RRDR resistance mutations, restoring transcription efficiency.",Comas et al. 2012 Nat Genet; Muller et al. 2017,0.0,0.031408,0.0,4.199971122188648e-09,6.911124894856631e-07,0.0,-19.93156856932417,,,,False,1.991388589881593,False,0.6736789959418252,False,synonymous,1.0,0.0,37.0,single_origin_clonal,0.08,,,,,,,,,,Single-origin (clonal inheritance only)
embR,p.Leu313Arg,ethambutol,Chromosome_1416410_A_C,True,Transcriptional activator of the emb operon. Mutations in embR can modulate embB/embA/embC expression levels and partially compensate for the arabinogalactan synthesis disruption caused by primary embB resistance mutations.,Sharma et al. 2006,0.0,0.031408,0.0,4.199971122188648e-09,6.911124894856631e-07,0.0,-19.93156856932417,,,,False,1.7222820236813776,True,0.0447517338260068,False,nonsynonymous,1.0,0.0,32.0,single_origin_clonal,0.71,313.0,L,R,101.9,moderately_radical,PDB,2FF4,0.048,buried,Single-origin (clonal inheritance only)
rpoC,c.1128A>G,rifampicin,Chromosome_764497_A_G,True,"Beta-prime subunit of RNA polymerase. Mutations here compensate for the conformational changes in the RNA polymerase complex caused by rpoB RRDR resistance mutations, restoring transcription efficiency.",Comas et al. 2012 Nat Genet; Muller et al. 2017,0.001148,0.035461,0.0324,4.109408622840332e-09,6.911124894856631e-07,0.0312643678160919,-4.999336844373114,,,,False,1.9375672766415504,False,0.6736789959418252,False,synonymous,1.0,1.0,36.0,single_origin_clonal,0.08,,,,,,,,,,Single-origin (clonal inheritance only)
rpoA,c.390T>C,rifampicin,Chromosome_3878118_A_G,True,Compensates transcriptional fitness cost of rpoB RRDR mutations. Mutations in the alpha subunit of RNA polymerase restore the binding geometry disrupted by rpoB resistance mutations.,Comas et al. 2012 Nat Genet; Gagneux et al.,0.001148,0.035461,0.0324,4.109408622840332e-09,6.911124894856631e-07,0.0312643678160919,-4.999336844373114,,,,False,1.9375672766415504,False,0.6736789959418252,False,synonymous,1.0,1.0,36.0,single_origin_clonal,0.055,,,,,,,,,,Single-origin (clonal inheritance only)
rpoA,c.237T>C,rifampicin,Chromosome_3878271_A_G,True,Compensates transcriptional fitness cost of rpoB RRDR mutations. Mutations in the alpha subunit of RNA polymerase restore the binding geometry disrupted by rpoB resistance mutations.,Comas et al. 2012 Nat Genet; Gagneux et al.,0.001148,0.035461,0.0324,4.109408622840332e-09,6.911124894856631e-07,0.0312643678160919,-4.999336844373114,,,,False,1.9375672766415504,False,0.6736789959418252,False,synonymous,1.0,1.0,36.0,single_origin_clonal,0.055,,,,,,,,,,Single-origin (clonal inheritance only)
rpoC,c.1672T>C,rifampicin,Chromosome_765041_T_C,True,"Beta-prime subunit of RNA polymerase. Mutations here compensate for the conformational changes in the RNA polymerase complex caused by rpoB RRDR resistance mutations, restoring transcription efficiency.",Comas et al. 2012 Nat Genet; Muller et al. 2017,0.001148,0.035461,0.0324,4.109408622840332e-09,6.911124894856631e-07,0.0312643678160919,-4.999336844373114,,,,False,1.9375672766415504,False,0.6736789959418252,False,synonymous,1.0,1.0,36.0,single_origin_clonal,0.08,,,,,,,,,,Single-origin (clonal inheritance only)
rpoC,c.3852C>G,rifampicin,Chromosome_767221_C_G,True,"Beta-prime subunit of RNA polymerase. Mutations here compensate for the conformational changes in the RNA polymerase complex caused by rpoB RRDR resistance mutations, restoring transcription efficiency.",Comas et al. 2012 Nat Genet; Muller et al. 2017,0.001148,0.034448,0.0333,7.82345505926877e-09,1.0090142579143398e-06,0.0322177146720757,-4.956002028076488,,,,False,1.9375672766415504,False,0.6736789959418252,False,synonymous,1.0,1.0,36.0,single_origin_clonal,0.08,,,,,,,,,,Single-origin (clonal inheritance only)
rpoA,c.-653A>G,rifampicin,Chromosome_3879160_T_C,True,Compensates transcriptional fitness cost of rpoB RRDR mutations. Mutations in the alpha subunit of RNA polymerase restore the binding geometry disrupted by rpoB resistance mutations.,Comas et al. 2012 Nat Genet; Gagneux et al.,0.001148,0.034448,0.0333,7.82345505926877e-09,1.0090142579143398e-06,0.0322177146720757,-4.956002028076488,,,,False,1.9375672766415504,False,0.6736789959418252,False,noncoding_upstream,1.0,1.0,36.0,single_origin_clonal,0.055,,,,,,,,,,Single-origin (clonal inheritance only)
rpoA,c.-587T>C,rifampicin,Chromosome_3879094_A_G,True,Compensates transcriptional fitness cost of rpoB RRDR mutations. Mutations in the alpha subunit of RNA polymerase restore the binding geometry disrupted by rpoB resistance mutations.,Comas et al. 2012 Nat Genet; Gagneux et al.,0.001148,0.034448,0.0333,7.82345505926877e-09,1.0090142579143398e-06,0.0322177146720757,-4.956002028076488,,,,False,1.9375672766415504,False,0.6736789959418252,False,noncoding_upstream,1.0,1.0,36.0,single_origin_clonal,0.055,,,,,,,,,,Single-origin (clonal inheritance only)
rpoA,c.171T>C,rifampicin,Chromosome_3878337_A_G,True,Compensates transcriptional fitness cost of rpoB RRDR mutations. Mutations in the alpha subunit of RNA polymerase restore the binding geometry disrupted by rpoB resistance mutations.,Comas et al. 2012 Nat Genet; Gagneux et al.,0.001148,0.034448,0.0333,7.82345505926877e-09,1.0090142579143398e-06,0.0322177146720757,-4.956002028076488,,,,False,1.9375672766415504,False,0.6736789959418252,False,synonymous,1.0,1.0,36.0,single_origin_clonal,0.055,,,,,,,,,,Single-origin (clonal inheritance only)
rpoA,c.291A>G,rifampicin,Chromosome_3878217_T_C,True,Compensates transcriptional fitness cost of rpoB RRDR mutations. Mutations in the alpha subunit of RNA polymerase restore the binding geometry disrupted by rpoB resistance mutations.,Comas et al. 2012 Nat Genet; Gagneux et al.,0.001148,0.034448,0.0333,7.82345505926877e-09,1.0090142579143398e-06,0.0322177146720757,-4.956002028076488,,,,False,1.9375672766415504,False,0.6736789959418252,False,synonymous,1.0,1.0,36.0,single_origin_clonal,0.055,,,,,,,,,,Single-origin (clonal inheritance only)
rpoA,c.438T>C,rifampicin,Chromosome_3878070_A_G,True,Compensates transcriptional fitness cost of rpoB RRDR mutations. Mutations in the alpha subunit of RNA polymerase restore the binding geometry disrupted by rpoB resistance mutations.,Comas et al. 2012 Nat Genet; Gagneux et al.,0.001148,0.034448,0.0333,7.82345505926877e-09,1.0090142579143398e-06,0.0322177146720757,-4.956002028076488,,,,False,1.9375672766415504,False,0.6736789959418252,False,synonymous,1.0,1.0,36.0,single_origin_clonal,0.055,,,,,,,,,,Single-origin (clonal inheritance only)
rpoC,c.3864T>C,rifampicin,Chromosome_767233_T_C,True,"Beta-prime subunit of RNA polymerase. Mutations here compensate for the conformational changes in the RNA polymerase complex caused by rpoB RRDR resistance mutations, restoring transcription efficiency.",Comas et al. 2012 Nat Genet; Muller et al. 2017,0.001148,0.034448,0.0333,7.82345505926877e-09,1.0090142579143398e-06,0.0322177146720757,-4.956002028076488,,,,False,1.991388589881593,False,0.6736789959418252,False,synonymous,1.0,0.0,37.0,single_origin_clonal,0.08,,,,,,,,,,Single-origin (clonal inheritance only)
rpoC,c.1650A>G,rifampicin,Chromosome_765019_A_G,True,"Beta-prime subunit of RNA polymerase. Mutations here compensate for the conformational changes in the RNA polymerase complex caused by rpoB RRDR resistance mutations, restoring transcription efficiency.",Comas et al. 2012 Nat Genet; Muller et al. 2017,0.001148,0.034448,0.0333,7.82345505926877e-09,1.0090142579143398e-06,0.0322177146720757,-4.956002028076488,,,,False,1.883745963401507,False,0.6736789959418252,False,synonymous,1.0,2.0,35.0,single_origin_clonal,0.08,,,,,,,,,,Single-origin (clonal inheritance only)
rpoC,c.627T>C,rifampicin,Chromosome_763996_T_C,True,"Beta-prime subunit of RNA polymerase. Mutations here compensate for the conformational changes in the RNA polymerase complex caused by rpoB RRDR resistance mutations, restoring transcription efficiency.",Comas et al. 2012 Nat Genet; Muller et al. 2017,0.001148,0.033435,0.0343,1.489849472153778e-08,1.450930955330169e-06,0.0332288401253918,-4.911420254089032,,,,False,1.883745963401507,False,0.6736789959418252,False,synonymous,1.0,2.0,35.0,single_origin_clonal,0.08,,,,,,,,,,Single-origin (clonal inheritance only)
rpoA,c.-491C>G,rifampicin,Chromosome_3878998_G_C,True,Compensates transcriptional fitness cost of rpoB RRDR mutations. Mutations in the alpha subunit of RNA polymerase restore the binding geometry disrupted by rpoB resistance mutations.,Comas et al. 2012 Nat Genet; Gagneux et al.,0.001148,0.033435,0.0343,1.489849472153778e-08,1.450930955330169e-06,0.0332288401253918,-4.911420254089032,,,,False,1.883745963401507,False,0.6736789959418252,False,noncoding_upstream,1.0,2.0,35.0,single_origin_clonal,0.055,,,,,,,,,,Single-origin (clonal inheritance only)
rpoA,c.477T>C,rifampicin,Chromosome_3878031_A_G,True,Compensates transcriptional fitness cost of rpoB RRDR mutations. Mutations in the alpha subunit of RNA polymerase restore the binding geometry disrupted by rpoB resistance mutations.,Comas et al. 2012 Nat Genet; Gagneux et al.,0.001148,0.033435,0.0343,1.489849472153778e-08,1.450930955330169e-06,0.0332288401253918,-4.911420254089032,,,,False,1.9375672766415504,False,0.6736789959418252,False,synonymous,1.0,1.0,36.0,single_origin_clonal,0.055,,,,,,,,,,Single-origin (clonal inheritance only)
rpoA,c.210A>G,rifampicin,Chromosome_3878298_T_C,True,Compensates transcriptional fitness cost of rpoB RRDR mutations. Mutations in the alpha subunit of RNA polymerase restore the binding geometry disrupted by rpoB resistance mutations.,Comas et al. 2012 Nat Genet; Gagneux et al.,0.001148,0.033435,0.0343,1.489849472153778e-08,1.450930955330169e-06,0.0332288401253918,-4.911420254089032,,,,False,1.829924650161464,False,0.6736789959418252,False,synonymous,1.0,3.0,34.0,single_origin_clonal,0.055,,,,,,,,,,Single-origin (clonal inheritance only)
rpoA,c.-581A>C,rifampicin,Chromosome_3879088_T_G,True,Compensates transcriptional fitness cost of rpoB RRDR mutations. Mutations in the alpha subunit of RNA polymerase restore the binding geometry disrupted by rpoB resistance mutations.,Comas et al. 2012 Nat Genet; Gagneux et al.,0.001148,0.033435,0.0343,1.489849472153778e-08,1.450930955330169e-06,0.0332288401253918,-4.911420254089032,,,,False,1.9375672766415504,False,0.6736789959418252,False,noncoding_upstream,1.0,1.0,36.0,single_origin_clonal,0.055,,,,,,,,,,Single-origin (clonal inheritance only)
rpoA,c.732T>C,rifampicin,Chromosome_3877776_A_G,True,Compensates transcriptional fitness cost of rpoB RRDR mutations. Mutations in the alpha subunit of RNA polymerase restore the binding geometry disrupted by rpoB resistance mutations.,Comas et al. 2012 Nat Genet; Gagneux et al.,0.001148,0.033435,0.0343,1.489849472153778e-08,1.450930955330169e-06,0.0332288401253918,-4.911420254089032,,,,False,1.883745963401507,False,0.6736789959418252,False,synonymous,1.0,2.0,35.0,single_origin_clonal,0.055,,,,,,,,,,Single-origin (clonal inheritance only)
rpoC,c.-789T>C,rifampicin,Chromosome_762581_T_C,True,"Beta-prime subunit of RNA polymerase. Mutations here compensate for the conformational changes in the RNA polymerase complex caused by rpoB RRDR resistance mutations, restoring transcription efficiency.",Comas et al. 2012 Nat Genet; Muller et al. 2017,0.0,0.029382,0.0,1.6674391987199943e-08,1.530196126209964e-06,0.0,-19.93156856932417,,,,False,1.7222820236813776,False,0.6840063286490898,False,noncoding_upstream,1.0,5.0,32.0,single_origin_clonal,0.08,,,,,,,,,,Single-origin (clonal inheritance only)
rpoC,p.Ile1080Leu,rifampicin,Chromosome_766607_A_C,True,"Beta-prime subunit of RNA polymerase. Mutations here compensate for the conformational changes in the RNA polymerase complex caused by rpoB RRDR resistance mutations, restoring transcription efficiency.",Comas et al. 2012 Nat Genet; Muller et al. 2017,0.0,0.027356,0.0,3.333060973463229e-08,2.1668871192887145e-06,0.0,-19.93156856932417,,,,False,1.9375672766415504,False,0.6736789959418252,False,nonsynonymous,1.0,1.0,36.0,single_origin_clonal,0.08,1080.0,I,L,4.9,conservative,PDB,7KIN,0.092,buried,Single-origin (clonal inheritance only)
rpoC,c.3435A>G,rifampicin,Chromosome_766804_A_G,True,"Beta-prime subunit of RNA polymerase. Mutations here compensate for the conformational changes in the RNA polymerase complex caused by rpoB RRDR resistance mutations, restoring transcription efficiency.",Comas et al. 2012 Nat Genet; Muller et al. 2017,0.002296,0.035461,0.0648,3.5418523743612684e-08,2.1668871192887145e-06,0.0626006904487917,-3.997677620451423,,,,False,1.991388589881593,False,0.6736789959418252,False,synonymous,1.0,0.0,37.0,single_origin_clonal,0.08,,,,,,,,,,Single-origin (clonal inheritance only)
rpoC,c.1678T>C,rifampicin,Chromosome_765047_T_C,True,"Beta-prime subunit of RNA polymerase. Mutations here compensate for the conformational changes in the RNA polymerase complex caused by rpoB RRDR resistance mutations, restoring transcription efficiency.",Comas et al. 2012 Nat Genet; Muller et al. 2017,0.002296,0.035461,0.0648,3.5418523743612684e-08,2.1668871192887145e-06,0.0626006904487917,-3.997677620451423,,,,False,1.991388589881593,False,0.6736789959418252,False,synonymous,1.0,0.0,37.0,single_origin_clonal,0.08,,,,,,,,,,Single-origin (clonal inheritance only)
rpoA,c.315T>C,rifampicin,Chromosome_3878193_A_G,True,Compensates transcriptional fitness cost of rpoB RRDR mutations. Mutations in the alpha subunit of RNA polymerase restore the binding geometry disrupted by rpoB resistance mutations.,Comas et al. 2012 Nat Genet; Gagneux et al.,0.002296,0.035461,0.0648,3.5418523743612684e-08,2.1668871192887145e-06,0.0626006904487917,-3.997677620451423,,,,False,1.991388589881593,False,0.6736789959418252,False,synonymous,1.0,0.0,37.0,single_origin_clonal,0.055,,,,,,,,,,Single-origin (clonal inheritance only)
rpoA,c.519A>G,rifampicin,Chromosome_3877989_T_C,True,Compensates transcriptional fitness cost of rpoB RRDR mutations. Mutations in the alpha subunit of RNA polymerase restore the binding geometry disrupted by rpoB resistance mutations.,Comas et al. 2012 Nat Genet; Gagneux et al.,0.002296,0.035461,0.0648,3.5418523743612684e-08,2.1668871192887145e-06,0.0626006904487917,-3.997677620451423,,,,False,1.991388589881593,False,0.6736789959418252,False,synonymous,1.0,0.0,37.0,single_origin_clonal,0.055,,,,,,,,,,Single-origin (clonal inheritance only)
rpoC,c.3894T>C,rifampicin,Chromosome_767263_T_C,True,"Beta-prime subunit of RNA polymerase. Mutations here compensate for the conformational changes in the RNA polymerase complex caused by rpoB RRDR resistance mutations, restoring transcription efficiency.",Comas et al. 2012 Nat Genet; Muller et al. 2017,0.0,0.028369,0.0,3.3281876343306245e-08,2.1668871192887145e-06,0.0,-19.93156856932417,,,,False,1.6684607104413347,False,0.7068002625253008,False,synonymous,1.0,3.0,31.0,single_origin_clonal,0.08,,,,,,,,,,Single-origin (clonal inheritance only)
rpoC,c.-834T>C,rifampicin,Chromosome_762536_T_C,True,"Beta-prime subunit of RNA polymerase. Mutations here compensate for the conformational changes in the RNA polymerase complex caused by rpoB RRDR resistance mutations, restoring transcription efficiency.",Comas et al. 2012 Nat Genet; Muller et al. 2017,0.001148,0.032421,0.0354,2.8379396157178868e-08,2.1668871192887145e-06,0.0343031609195402,-4.865514667812979,,,,False,1.9375672766415504,False,0.6736789959418252,False,noncoding_upstream,1.0,1.0,36.0,single_origin_clonal,0.08,,,,,,,,,,Single-origin (clonal inheritance only)
kasA,c.633C>G,isoniazid,Chromosome_2518747_C_G,True,Beta-ketoacyl ACP synthase involved in mycolic acid synthesis. Mutations here can partially compensate for inhA-mediated INH resistance by altering the flux through the FAS-II fatty acid synthesis pathway.,Mdluli et al. 1998,0.0,0.028369,0.0,3.3281876343306245e-08,2.1668871192887145e-06,0.0,-19.93156856932417,,,,False,1.5608180839612489,False,0.7531078554279901,False,synonymous,1.0,3.0,29.0,single_origin_clonal,0.116,,,,,,,,,,Single-origin (clonal inheritance only)
rpoA,c.-647T>C,rifampicin,Chromosome_3879154_A_G,True,Compensates transcriptional fitness cost of rpoB RRDR mutations. Mutations in the alpha subunit of RNA polymerase restore the binding geometry disrupted by rpoB resistance mutations.,Comas et al. 2012 Nat Genet; Gagneux et al.,0.001148,0.032421,0.0354,2.8379396157178868e-08,2.1668871192887145e-06,0.0343031609195402,-4.865514667812979,,,,False,1.829924650161464,False,0.6743032395683798,False,noncoding_upstream,1.0,1.0,34.0,single_origin_clonal,0.055,,,,,,,,,,Single-origin (clonal inheritance only)
rpoC,c.-837T>C,rifampicin,Chromosome_762533_T_C,True,"Beta-prime subunit of RNA polymerase. Mutations here compensate for the conformational changes in the RNA polymerase complex caused by rpoB RRDR resistance mutations, restoring transcription efficiency.",Comas et al. 2012 Nat Genet; Muller et al. 2017,0.001148,0.032421,0.0354,2.8379396157178868e-08,2.1668871192887145e-06,0.0343031609195402,-4.865514667812979,,,,False,1.9375672766415504,False,0.6736789959418252,False,noncoding_upstream,1.0,1.0,36.0,single_origin_clonal,0.08,,,,,,,,,,Single-origin (clonal inheritance only)
rpoC,c.-833T>C,rifampicin,Chromosome_762537_T_C,True,"Beta-prime subunit of RNA polymerase. Mutations here compensate for the conformational changes in the RNA polymerase complex caused by rpoB RRDR resistance mutations, restoring transcription efficiency.",Comas et al. 2012 Nat Genet; Muller et al. 2017,0.001148,0.032421,0.0354,2.8379396157178868e-08,2.1668871192887145e-06,0.0343031609195402,-4.865514667812979,,,,False,1.883745963401507,False,0.6736789959418252,False,noncoding_upstream,1.0,2.0,35.0,single_origin_clonal,0.08,,,,,,,,,,Single-origin (clonal inheritance only)
rpoA,c.690A>G,rifampicin,Chromosome_3877818_T_C,True,Compensates transcriptional fitness cost of rpoB RRDR mutations. Mutations in the alpha subunit of RNA polymerase restore the binding geometry disrupted by rpoB resistance mutations.,Comas et al. 2012 Nat Genet; Gagneux et al.,0.001148,0.032421,0.0354,2.8379396157178868e-08,2.1668871192887145e-06,0.0343031609195402,-4.865514667812979,,,,False,1.776103336921421,False,0.6736789959418252,False,synonymous,1.0,2.0,33.0,single_origin_clonal,0.055,,,,,,,,,,Single-origin (clonal inheritance only)
rpoA,c.177A>G,rifampicin,Chromosome_3878331_T_C,True,Compensates transcriptional fitness cost of rpoB RRDR mutations. Mutations in the alpha subunit of RNA polymerase restore the binding geometry disrupted by rpoB resistance mutations.,Comas et al. 2012 Nat Genet; Gagneux et al.,0.001148,0.032421,0.0354,2.8379396157178868e-08,2.1668871192887145e-06,0.0343031609195402,-4.865514667812979,,,,False,1.9375672766415504,False,0.6736789959418252,False,synonymous,1.0,1.0,36.0,single_origin_clonal,0.055,,,,,,,,,,Single-origin (clonal inheritance only)
rpoA,c.840A>G,rifampicin,Chromosome_3877668_T_C,True,Compensates transcriptional fitness cost of rpoB RRDR mutations. Mutations in the alpha subunit of RNA polymerase restore the binding geometry disrupted by rpoB resistance mutations.,Comas et al. 2012 Nat Genet; Gagneux et al.,0.001148,0.032421,0.0354,2.8379396157178868e-08,2.1668871192887145e-06,0.0343031609195402,-4.865514667812979,,,,False,1.829924650161464,False,0.6743032395683798,False,synonymous,1.0,1.0,34.0,single_origin_clonal,0.055,,,,,,,,,,Single-origin (clonal inheritance only)
rpoA,c.447G>C,rifampicin,Chromosome_3878061_C_G,True,Compensates transcriptional fitness cost of rpoB RRDR mutations. Mutations in the alpha subunit of RNA polymerase restore the binding geometry disrupted by rpoB resistance mutations.,Comas et al. 2012 Nat Genet; Gagneux et al.,0.001148,0.031408,0.0366,5.40712297714981e-08,2.8669767607732104e-06,0.0354467927326659,-4.818201093142218,,,,False,1.829924650161464,False,0.6736789959418252,False,synonymous,1.0,2.0,34.0,single_origin_clonal,0.055,,,,,,,,,,Single-origin (clonal inheritance only)
ahpC,c.504C>G,isoniazid,Chromosome_2726696_C_G,True,Alkyl hydroperoxide reductase. Upregulation compensates for the loss of KatG-mediated oxidative defence when katG is inactivated by INH-resistance mutations. Promoter mutations causing ahpC upregulation are the canonical compensatory mechanism for katG LoF.,Sherman et al. 1996; Heym et al. 1997,0.001148,0.031408,0.0366,5.40712297714981e-08,2.8669767607732104e-06,0.0354467927326659,-4.818201093142218,,,,False,1.829924650161464,False,0.6743032395683798,False,synonymous,1.0,3.0,34.0,single_origin_clonal,0.09,,,,,,,,,,Single-origin (clonal inheritance only)
rpoC,p.Val1252Leu,rifampicin,Chromosome_767123_G_T,True,"Beta-prime subunit of RNA polymerase. Mutations here compensate for the conformational changes in the RNA polymerase complex caused by rpoB RRDR resistance mutations, restoring transcription efficiency.",Comas et al. 2012 Nat Genet; Muller et al. 2017,0.025258,0.0,25258.3238,5.0056219677184473e-08,2.8669767607732104e-06,999.0,9.964340867792416,,,,False,1.1840688912809472,True,1.0139377394989364e-131,False,nonsynonymous,1.0,4.0,22.0,single_origin_clonal,0.08,1252.0,V,L,31.8,conservative,PDB,7KIN,0.067,buried,Single-origin (clonal inheritance only)
rpoA,c.486T>C,rifampicin,Chromosome_3878022_A_G,True,Compensates transcriptional fitness cost of rpoB RRDR mutations. Mutations in the alpha subunit of RNA polymerase restore the binding geometry disrupted by rpoB resistance mutations.,Comas et al. 2012 Nat Genet; Gagneux et al.,0.001148,0.031408,0.0366,5.40712297714981e-08,2.8669767607732104e-06,0.0354467927326659,-4.818201093142218,,,,False,1.829924650161464,False,0.6736789959418252,False,synonymous,1.0,3.0,34.0,single_origin_clonal,0.055,,,,,,,,,,Single-origin (clonal inheritance only)
rpoA,c.822A>G,rifampicin,Chromosome_3877686_T_C,True,Compensates transcriptional fitness cost of rpoB RRDR mutations. Mutations in the alpha subunit of RNA polymerase restore the binding geometry disrupted by rpoB resistance mutations.,Comas et al. 2012 Nat Genet; Gagneux et al.,0.001148,0.031408,0.0366,5.40712297714981e-08,2.8669767607732104e-06,0.0354467927326659,-4.818201093142218,,,,False,1.776103336921421,False,0.6736789959418252,False,synonymous,1.0,2.0,33.0,single_origin_clonal,0.055,,,,,,,,,,Single-origin (clonal inheritance only)
kasA,c.558G>C,isoniazid,Chromosome_2518672_G_C,True,Beta-ketoacyl ACP synthase involved in mycolic acid synthesis. Mutations here can partially compensate for inhA-mediated INH resistance by altering the flux through the FAS-II fatty acid synthesis pathway.,Mdluli et al. 1998,0.0,0.026342,0.0,6.381494600269986e-08,2.968993082781743e-06,0.0,-19.93156856932417,,,,False,1.5608180839612489,False,0.8089106052688863,False,synonymous,1.0,2.0,29.0,single_origin_clonal,0.116,,,,,,,,,,Single-origin (clonal inheritance only)
rpoC,c.1062G>C,rifampicin,Chromosome_764431_G_C,True,"Beta-prime subunit of RNA polymerase. Mutations here compensate for the conformational changes in the RNA polymerase complex caused by rpoB RRDR resistance mutations, restoring transcription efficiency.",Comas et al. 2012 Nat Genet; Muller et al. 2017,0.002296,0.034448,0.0667,6.532780253396542e-08,2.968993082781743e-06,0.0645095782847085,-3.954342804154798,,,,False,1.9375672766415504,False,0.6736789959418252,False,synonymous,1.0,1.0,36.0,single_origin_clonal,0.08,,,,,,,,,,Single-origin (clonal inheritance only)
whiB7,c.-586C>G,multiple,Chromosome_3569265_G_C,True,"WhiB7 is a transcriptional activator of multiple intrinsic resistance mechanisms including eis (aminoglycoside), tap (efflux), and others. Mutations affecting whiB7 activity can modulate broad fitness costs of MDR. Emerging evidence for compensatory role in MDR-TB fitness restoration.",Burian et al. 2012; Larsson et al.,0.0,0.026342,0.0,6.381494600269986e-08,2.968993082781743e-06,0.0,-19.93156856932417,,,,False,1.3993541442411197,False,0.9346571892880828,False,noncoding_upstream,1.0,1.0,26.0,single_origin_clonal,undefined_dS_zero,,,,,,,,,,Single-origin (clonal inheritance only)
rpoA,c.-346G>A,rifampicin,Chromosome_3878853_C_T,True,Compensates transcriptional fitness cost of rpoB RRDR mutations. Mutations in the alpha subunit of RNA polymerase restore the binding geometry disrupted by rpoB resistance mutations.,Comas et al. 2012 Nat Genet; Gagneux et al.,0.002296,0.034448,0.0667,6.532780253396542e-08,2.968993082781743e-06,0.0645095782847085,-3.954342804154798,,,,False,1.991388589881593,False,0.6736789959418252,False,noncoding_upstream,1.0,0.0,37.0,single_origin_clonal,0.055,,,,,,,,,,Single-origin (clonal inheritance only)
rpoA,c.186A>G,rifampicin,Chromosome_3878322_T_C,True,Compensates transcriptional fitness cost of rpoB RRDR mutations. Mutations in the alpha subunit of RNA polymerase restore the binding geometry disrupted by rpoB resistance mutations.,Comas et al. 2012 Nat Genet; Gagneux et al.,0.002296,0.034448,0.0667,6.532780253396542e-08,2.968993082781743e-06,0.0645095782847085,-3.954342804154798,,,,False,1.991388589881593,False,0.6736789959418252,False,synonymous,1.0,0.0,37.0,single_origin_clonal,0.055,,,,,,,,,,Single-origin (clonal inheritance only)
rpoC,c.675T>C,rifampicin,Chromosome_764044_T_C,True,"Beta-prime subunit of RNA polymerase. Mutations here compensate for the conformational changes in the RNA polymerase complex caused by rpoB RRDR resistance mutations, restoring transcription efficiency.",Comas et al. 2012 Nat Genet; Muller et al. 2017,0.002296,0.034448,0.0667,6.532780253396542e-08,2.968993082781743e-06,0.0645095782847085,-3.954342804154798,,,,False,1.991388589881593,False,0.6736789959418252,False,synonymous,1.0,0.0,37.0,single_origin_clonal,0.08,,,,,,,,,,Single-origin (clonal inheritance only)
rpoA,c.921A>G,rifampicin,Chromosome_3877587_T_C,True,Compensates transcriptional fitness cost of rpoB RRDR mutations. Mutations in the alpha subunit of RNA polymerase restore the binding geometry disrupted by rpoB resistance mutations.,Comas et al. 2012 Nat Genet; Gagneux et al.,0.002296,0.034448,0.0667,6.532780253396542e-08,2.968993082781743e-06,0.0645095782847085,-3.954342804154798,,,,False,1.991388589881593,False,0.6736789959418252,False,synonymous,1.0,0.0,37.0,single_origin_clonal,0.055,,,,,,,,,,Single-origin (clonal inheritance only)
rpoA,c.603A>G,rifampicin,Chromosome_3877905_T_C,True,Compensates transcriptional fitness cost of rpoB RRDR mutations. Mutations in the alpha subunit of RNA polymerase restore the binding geometry disrupted by rpoB resistance mutations.,Comas et al. 2012 Nat Genet; Gagneux et al.,0.002296,0.034448,0.0667,6.532780253396542e-08,2.968993082781743e-06,0.0645095782847085,-3.954342804154798,,,,False,1.991388589881593,False,0.6736789959418252,False,synonymous,1.0,0.0,37.0,single_origin_clonal,0.055,,,,,,,,,,Single-origin (clonal inheritance only)
ndh,c.1131G>C,isoniazid,Chromosome_2101912_C_G,True,"NADH dehydrogenase. Loss-of-function mutations raise the NADH/NAD+ ratio, which can compensate for INH-mediated inhibition of InhA (InhA requires NADH as cofactor). Not a direct resistance mutation but modulates the INH activation and target environment.",Miesel et al. 1998,0.0,0.025329,0.0,1.221890324167393e-07,4.049208768699166e-06,0.0,-19.93156856932417,,,,False,1.3455328310010763,False,0.9346571892880828,False,synonymous,1.0,2.0,25.0,single_origin_clonal,0.102,,,,,,,,,,Single-origin (clonal inheritance only)
kasA,c.711T>C,isoniazid,Chromosome_2518825_T_C,True,Beta-ketoacyl ACP synthase involved in mycolic acid synthesis. Mutations here can partially compensate for inhA-mediated INH resistance by altering the flux through the FAS-II fatty acid synthesis pathway.,Mdluli et al. 1998,0.002296,0.033435,0.0687,1.2041421526788756e-07,4.049208768699166e-06,0.0665341562924992,-3.909761030167342,,,,False,1.991388589881593,False,0.6736789959418252,False,synonymous,1.0,0.0,37.0,single_origin_clonal,0.116,,,,,,,,,,Single-origin (clonal inheritance only)
rpoC,c.522G>C,rifampicin,Chromosome_763891_G_C,True,"Beta-prime subunit of RNA polymerase. Mutations here compensate for the conformational changes in the RNA polymerase complex caused by rpoB RRDR resistance mutations, restoring transcription efficiency.",Comas et al. 2012 Nat Genet; Muller et al. 2017,0.002296,0.033435,0.0687,1.2041421526788756e-07,4.049208768699166e-06,0.0665341562924992,-3.909761030167342,,,,False,1.9375672766415504,False,0.6736789959418252,False,synonymous,1.0,1.0,36.0,single_origin_clonal,0.08,,,,,,,,,,Single-origin (clonal inheritance only)
ndh,c.1269T>C,isoniazid,Chromosome_2101774_A_G,True,"NADH dehydrogenase. Loss-of-function mutations raise the NADH/NAD+ ratio, which can compensate for INH-mediated inhibition of InhA (InhA requires NADH as cofactor). Not a direct resistance mutation but modulates the INH activation and target environment.",Miesel et al. 1998,0.0,0.025329,0.0,1.221890324167393e-07,4.049208768699166e-06,0.0,-19.93156856932417,,,,False,1.4531754574811624,False,0.8720714052853945,False,synonymous,1.0,0.0,27.0,single_origin_clonal,0.102,,,,,,,,,,Single-origin (clonal inheritance only)
ndh,c.1152C>G,isoniazid,Chromosome_2101891_G_C,True,"NADH dehydrogenase. Loss-of-function mutations raise the NADH/NAD+ ratio, which can compensate for INH-mediated inhibition of InhA (InhA requires NADH as cofactor). Not a direct resistance mutation but modulates the INH activation and target environment.",Miesel et al. 1998,0.0,0.025329,0.0,1.221890324167393e-07,4.049208768699166e-06,0.0,-19.93156856932417,,,,False,1.3993541442411197,False,0.8720714052853945,False,synonymous,1.0,3.0,26.0,single_origin_clonal,0.102,,,,,,,,,,Single-origin (clonal inheritance only)
rpoA,c.507A>G,rifampicin,Chromosome_3878001_T_C,True,Compensates transcriptional fitness cost of rpoB RRDR mutations. Mutations in the alpha subunit of RNA polymerase restore the binding geometry disrupted by rpoB resistance mutations.,Comas et al. 2012 Nat Genet; Gagneux et al.,0.002296,0.033435,0.0687,1.2041421526788756e-07,4.049208768699166e-06,0.0665341562924992,-3.909761030167342,,,,False,1.9375672766415504,False,0.6736789959418252,False,synonymous,1.0,1.0,36.0,single_origin_clonal,0.055,,,,,,,,,,Single-origin (clonal inheritance only)
rpoC,p.Glu169Asp,rifampicin,Chromosome_763876_A_C,True,"Beta-prime subunit of RNA polymerase. Mutations here compensate for the conformational changes in the RNA polymerase complex caused by rpoB RRDR resistance mutations, restoring transcription efficiency.",Comas et al. 2012 Nat Genet; Muller et al. 2017,0.002296,0.033435,0.0687,1.2041421526788756e-07,4.049208768699166e-06,0.0665341562924992,-3.909761030167342,,,,False,1.9375672766415504,False,0.6736789959418252,False,nonsynonymous,1.0,1.0,36.0,single_origin_clonal,0.08,169.0,E,D,44.6,conservative,PDB,7KIN,0.174,partially_buried,Single-origin (clonal inheritance only)
rpoC,c.2130C>G,rifampicin,Chromosome_765499_C_G,True,"Beta-prime subunit of RNA polymerase. Mutations here compensate for the conformational changes in the RNA polymerase complex caused by rpoB RRDR resistance mutations, restoring transcription efficiency.",Comas et al. 2012 Nat Genet; Muller et al. 2017,0.002296,0.033435,0.0687,1.2041421526788756e-07,4.049208768699166e-06,0.0665341562924992,-3.909761030167342,,,,False,1.9375672766415504,False,0.6736789959418252,False,synonymous,1.0,1.0,36.0,single_origin_clonal,0.08,,,,,,,,,,Single-origin (clonal inheritance only)
rpoC,c.438T>C,rifampicin,Chromosome_763807_T_C,True,"Beta-prime subunit of RNA polymerase. Mutations here compensate for the conformational changes in the RNA polymerase complex caused by rpoB RRDR resistance mutations, restoring transcription efficiency.",Comas et al. 2012 Nat Genet; Muller et al. 2017,0.002296,0.033435,0.0687,1.2041421526788756e-07,4.049208768699166e-06,0.0665341562924992,-3.909761030167342,,,,False,1.991388589881593,False,0.6736789959418252,False,synonymous,1.0,0.0,37.0,single_origin_clonal,0.08,,,,,,,,,,Single-origin (clonal inheritance only)
rpoC,c.3822C>G,rifampicin,Chromosome_767191_C_G,True,"Beta-prime subunit of RNA polymerase. Mutations here compensate for the conformational changes in the RNA polymerase complex caused by rpoB RRDR resistance mutations, restoring transcription efficiency.",Comas et al. 2012 Nat Genet; Muller et al. 2017,0.002296,0.033435,0.0687,1.2041421526788756e-07,4.049208768699166e-06,0.0665341562924992,-3.909761030167342,,,,False,1.9375672766415504,False,0.6736789959418252,False,synonymous,1.0,1.0,36.0,single_origin_clonal,0.08,,,,,,,,,,Single-origin (clonal inheritance only)
rpoC,c.2187G>C,rifampicin,Chromosome_765556_G_C,True,"Beta-prime subunit of RNA polymerase. Mutations here compensate for the conformational changes in the RNA polymerase complex caused by rpoB RRDR resistance mutations, restoring transcription efficiency.",Comas et al. 2012 Nat Genet; Muller et al. 2017,0.002296,0.033435,0.0687,1.2041421526788756e-07,4.049208768699166e-06,0.0665341562924992,-3.909761030167342,,,,False,1.9375672766415504,False,0.6736789959418252,False,synonymous,1.0,1.0,36.0,single_origin_clonal,0.08,,,,,,,,,,Single-origin (clonal inheritance only)
rpoA,c.480G>C,rifampicin,Chromosome_3878028_C_G,True,Compensates transcriptional fitness cost of rpoB RRDR mutations. Mutations in the alpha subunit of RNA polymerase restore the binding geometry disrupted by rpoB resistance mutations.,Comas et al. 2012 Nat Genet; Gagneux et al.,0.001148,0.030395,0.0378,1.030407697086655e-07,4.049208768699166e-06,0.0366666666666666,-4.769387071858584,,,,False,1.9375672766415504,False,0.6736789959418252,False,synonymous,1.0,1.0,36.0,single_origin_clonal,0.055,,,,,,,,,,Single-origin (clonal inheritance only)
rpoC,c.636G>C,rifampicin,Chromosome_764005_G_C,True,"Beta-prime subunit of RNA polymerase. Mutations here compensate for the conformational changes in the RNA polymerase complex caused by rpoB RRDR resistance mutations, restoring transcription efficiency.",Comas et al. 2012 Nat Genet; Muller et al. 2017,0.001148,0.030395,0.0378,1.030407697086655e-07,4.049208768699166e-06,0.0366666666666666,-4.769387071858584,,,,False,1.776103336921421,False,0.6743032395683798,False,synonymous,1.0,2.0,33.0,single_origin_clonal,0.08,,,,,,,,,,Single-origin (clonal inheritance only)
embR,c.-446C>T,ethambutol,Chromosome_1417793_G_A,True,Transcriptional activator of the emb operon. Mutations in embR can modulate embB/embA/embC expression levels and partially compensate for the arabinogalactan synthesis disruption caused by primary embB resistance mutations.,Sharma et al. 2006,0.057405,0.013171,4.3581,1.0906627127083834e-07,4.049208768699166e-06,4.562915768762298,2.18995602193817,,,,False,3.3907427341227128,True,0.0,False,noncoding_upstream,1.0,0.0,63.0,single_origin_clonal,0.71,,,,,,,,,,Single-origin (clonal inheritance only)
ahpC,c.-142G>A,isoniazid,Chromosome_2726051_G_A,True,Alkyl hydroperoxide reductase. Upregulation compensates for the loss of KatG-mediated oxidative defence when katG is inactivated by INH-resistance mutations. Promoter mutations causing ahpC upregulation are the canonical compensatory mechanism for katG LoF.,Sherman et al. 1996; Heym et al. 1997,0.057405,0.013171,4.3581,1.0906627127083834e-07,4.049208768699166e-06,4.562915768762298,2.18995602193817,,,,False,3.3907427341227128,True,0.0,False,noncoding_upstream,1.0,0.0,63.0,single_origin_clonal,0.09,,,,,,,,,,Single-origin (clonal inheritance only)
rpoA,c.852T>G,rifampicin,Chromosome_3877656_A_C,True,Compensates transcriptional fitness cost of rpoB RRDR mutations. Mutations in the alpha subunit of RNA polymerase restore the binding geometry disrupted by rpoB resistance mutations.,Comas et al. 2012 Nat Genet; Gagneux et al.,0.0,0.025329,0.0,1.221890324167393e-07,4.049208768699166e-06,0.0,-19.93156856932417,,,,False,1.9375672766415504,False,0.6736789959418252,False,synonymous,1.0,1.0,36.0,single_origin_clonal,0.055,,,,,,,,,,Single-origin (clonal inheritance only)
embR,p.Cys110Tyr,ethambutol,Chromosome_1417019_C_T,True,Transcriptional activator of the emb operon. Mutations in embR can modulate embB/embA/embC expression levels and partially compensate for the arabinogalactan synthesis disruption caused by primary embB resistance mutations.,Sharma et al. 2006,0.057405,0.013171,4.3581,1.0906627127083834e-07,4.049208768699166e-06,4.562915768762298,2.18995602193817,,,,False,3.3907427341227128,True,0.0,False,nonsynonymous,1.0,0.0,63.0,single_origin_clonal,0.71,110.0,C,Y,193.7,radical,PDB,2FF4,0.0,buried,Single-origin (clonal inheritance only)
rpoA,c.453A>G,rifampicin,Chromosome_3878055_T_C,True,Compensates transcriptional fitness cost of rpoB RRDR mutations. Mutations in the alpha subunit of RNA polymerase restore the binding geometry disrupted by rpoB resistance mutations.,Comas et al. 2012 Nat Genet; Gagneux et al.,0.001148,0.030395,0.0378,1.030407697086655e-07,4.049208768699166e-06,0.0366666666666666,-4.769387071858584,,,,False,1.776103336921421,False,0.6736789959418252,False,synonymous,1.0,2.0,33.0,single_origin_clonal,0.055,,,,,,,,,,Single-origin (clonal inheritance only)
rpoC,c.2442T>C,rifampicin,Chromosome_765811_T_C,True,"Beta-prime subunit of RNA polymerase. Mutations here compensate for the conformational changes in the RNA polymerase complex caused by rpoB RRDR resistance mutations, restoring transcription efficiency.",Comas et al. 2012 Nat Genet; Muller et al. 2017,0.0,0.025329,0.0,1.221890324167393e-07,4.049208768699166e-06,0.0,-19.93156856932417,,,,False,1.776103336921421,False,0.6840063286490898,False,synonymous,1.0,0.0,33.0,single_origin_clonal,0.08,,,,,,,,,,Single-origin (clonal inheritance only)
rpoC,c.2979A>G,rifampicin,Chromosome_766348_A_G,True,"Beta-prime subunit of RNA polymerase. Mutations here compensate for the conformational changes in the RNA polymerase complex caused by rpoB RRDR resistance mutations, restoring transcription efficiency.",Comas et al. 2012 Nat Genet; Muller et al. 2017,0.001148,0.030395,0.0378,1.030407697086655e-07,4.049208768699166e-06,0.0366666666666666,-4.769387071858584,,,,False,1.7222820236813776,False,0.6736789959418252,False,synonymous,1.0,3.0,32.0,single_origin_clonal,0.08,,,,,,,,,,Single-origin (clonal inheritance only)
rpoC,c.1638T>G,rifampicin,Chromosome_765007_T_G,True,"Beta-prime subunit of RNA polymerase. Mutations here compensate for the conformational changes in the RNA polymerase complex caused by rpoB RRDR resistance mutations, restoring transcription efficiency.",Comas et al. 2012 Nat Genet; Muller et al. 2017,0.001148,0.030395,0.0378,1.030407697086655e-07,4.049208768699166e-06,0.0366666666666666,-4.769387071858584,,,,False,1.7222820236813776,False,0.6736789959418252,False,synonymous,1.0,3.0,32.0,single_origin_clonal,0.08,,,,,,,,,,Single-origin (clonal inheritance only)
rpoA,c.162T>C,rifampicin,Chromosome_3878346_A_G,True,Compensates transcriptional fitness cost of rpoB RRDR mutations. Mutations in the alpha subunit of RNA polymerase restore the binding geometry disrupted by rpoB resistance mutations.,Comas et al. 2012 Nat Genet; Gagneux et al.,0.001148,0.029382,0.0391,1.9638133615880985e-07,6.085271013960004e-06,0.037970669837495,-4.7189707401274825,,,,False,1.6684607104413347,False,0.6736789959418252,False,synonymous,1.0,4.0,31.0,single_origin_clonal,0.055,,,,,,,,,,Single-origin (clonal inheritance only)
rpoA,c.660C>T,rifampicin,Chromosome_3877848_G_A,True,Compensates transcriptional fitness cost of rpoB RRDR mutations. Mutations in the alpha subunit of RNA polymerase restore the binding geometry disrupted by rpoB resistance mutations.,Comas et al. 2012 Nat Genet; Gagneux et al.,0.001148,0.029382,0.0391,1.9638133615880985e-07,6.085271013960004e-06,0.037970669837495,-4.7189707401274825,,,,False,1.6684607104413347,False,0.6736789959418252,False,synonymous,1.0,3.0,31.0,single_origin_clonal,0.055,,,,,,,,,,Single-origin (clonal inheritance only)
rpoC,c.3861G>C,rifampicin,Chromosome_767230_G_C,True,"Beta-prime subunit of RNA polymerase. Mutations here compensate for the conformational changes in the RNA polymerase complex caused by rpoB RRDR resistance mutations, restoring transcription efficiency.",Comas et al. 2012 Nat Genet; Muller et al. 2017,0.001148,0.029382,0.0391,1.9638133615880985e-07,6.085271013960004e-06,0.037970669837495,-4.7189707401274825,,,,False,1.7222820236813776,False,0.6736789959418252,False,synonymous,1.0,3.0,32.0,single_origin_clonal,0.08,,,,,,,,,,Single-origin (clonal inheritance only)
rpoA,c.-620T>C,rifampicin,Chromosome_3879127_A_G,True,Compensates transcriptional fitness cost of rpoB RRDR mutations. Mutations in the alpha subunit of RNA polymerase restore the binding geometry disrupted by rpoB resistance mutations.,Comas et al. 2012 Nat Genet; Gagneux et al.,0.001148,0.029382,0.0391,1.9638133615880985e-07,6.085271013960004e-06,0.037970669837495,-4.7189707401274825,,,,False,1.776103336921421,False,0.6736789959418252,False,noncoding_upstream,1.0,2.0,33.0,single_origin_clonal,0.055,,,,,,,,,,Single-origin (clonal inheritance only)
rpoC,c.517C>A,rifampicin,Chromosome_763886_C_A,True,"Beta-prime subunit of RNA polymerase. Mutations here compensate for the conformational changes in the RNA polymerase complex caused by rpoB RRDR resistance mutations, restoring transcription efficiency.",Comas et al. 2012 Nat Genet; Muller et al. 2017,0.056257,0.013171,4.2709,1.8758740756149334e-07,6.085271013960004e-06,4.466217480816021,2.1590535043747754,,,,False,3.3907427341227128,True,0.0,False,synonymous,1.0,0.0,63.0,single_origin_clonal,0.08,,,,,,,,,,Single-origin (clonal inheritance only)
rpoC,p.Ala172Val,rifampicin,Chromosome_763884_C_T,True,"Beta-prime subunit of RNA polymerase. Mutations here compensate for the conformational changes in the RNA polymerase complex caused by rpoB RRDR resistance mutations, restoring transcription efficiency.",Comas et al. 2012 Nat Genet; Muller et al. 2017,0.056257,0.013171,4.2709,1.8758740756149334e-07,6.085271013960004e-06,4.466217480816021,2.1590535043747754,,,,False,3.3907427341227128,True,0.0,False,nonsynonymous,1.0,0.0,63.0,single_origin_clonal,0.08,172.0,A,V,64.4,moderately_conservative,PDB,7KIN,0.477,exposed,Single-origin (clonal inheritance only)
rpoA,c.405A>G,rifampicin,Chromosome_3878103_T_C,True,Compensates transcriptional fitness cost of rpoB RRDR mutations. Mutations in the alpha subunit of RNA polymerase restore the binding geometry disrupted by rpoB resistance mutations.,Comas et al. 2012 Nat Genet; Gagneux et al.,0.002296,0.032421,0.0708,2.217938524345325e-07,6.414547053439934e-06,0.0686852704257767,-3.863855443891289,,,,False,1.829924650161464,False,0.6736789959418252,False,synonymous,1.0,1.0,34.0,single_origin_clonal,0.055,,,,,,,,,,Single-origin (clonal inheritance only)
rpoC,c.2466C>T,rifampicin,Chromosome_765835_C_T,True,"Beta-prime subunit of RNA polymerase. Mutations here compensate for the conformational changes in the RNA polymerase complex caused by rpoB RRDR resistance mutations, restoring transcription efficiency.",Comas et al. 2012 Nat Genet; Muller et al. 2017,0.002296,0.032421,0.0708,2.217938524345325e-07,6.414547053439934e-06,0.0686852704257767,-3.863855443891289,,,,False,1.829924650161464,False,0.6736789959418252,False,synonymous,1.0,3.0,34.0,single_origin_clonal,0.08,,,,,,,,,,Single-origin (clonal inheritance only)
rpoC,c.1671T>C,rifampicin,Chromosome_765040_T_C,True,"Beta-prime subunit of RNA polymerase. Mutations here compensate for the conformational changes in the RNA polymerase complex caused by rpoB RRDR resistance mutations, restoring transcription efficiency.",Comas et al. 2012 Nat Genet; Muller et al. 2017,0.002296,0.032421,0.0708,2.217938524345325e-07,6.414547053439934e-06,0.0686852704257767,-3.863855443891289,,,,False,1.991388589881593,False,0.6736789959418252,False,synonymous,1.0,0.0,37.0,single_origin_clonal,0.08,,,,,,,,,,Single-origin (clonal inheritance only)
rpoC,c.2517C>G,rifampicin,Chromosome_765886_C_G,True,"Beta-prime subunit of RNA polymerase. Mutations here compensate for the conformational changes in the RNA polymerase complex caused by rpoB RRDR resistance mutations, restoring transcription efficiency.",Comas et al. 2012 Nat Genet; Muller et al. 2017,0.002296,0.032421,0.0708,2.217938524345325e-07,6.414547053439934e-06,0.0686852704257767,-3.863855443891289,,,,False,1.883745963401507,False,0.6736789959418252,False,synonymous,1.0,2.0,35.0,single_origin_clonal,0.08,,,,,,,,,,Single-origin (clonal inheritance only)
rpoC,c.3357T>C,rifampicin,Chromosome_766726_T_C,True,"Beta-prime subunit of RNA polymerase. Mutations here compensate for the conformational changes in the RNA polymerase complex caused by rpoB RRDR resistance mutations, restoring transcription efficiency.",Comas et al. 2012 Nat Genet; Muller et al. 2017,0.002296,0.032421,0.0708,2.217938524345325e-07,6.414547053439934e-06,0.0686852704257767,-3.863855443891289,,,,False,1.829924650161464,False,0.6743032395683798,False,synonymous,1.0,0.0,34.0,single_origin_clonal,0.08,,,,,,,,,,Single-origin (clonal inheritance only)
kasA,c.333T>G,isoniazid,Chromosome_2518447_T_G,True,Beta-ketoacyl ACP synthase involved in mycolic acid synthesis. Mutations here can partially compensate for inhA-mediated INH resistance by altering the flux through the FAS-II fatty acid synthesis pathway.,Mdluli et al. 1998,0.0,0.024316,0.0,2.339932620011529e-07,6.417332449824722e-06,0.0,-19.93156856932417,,,,False,1.4531754574811624,False,0.8280255127500844,False,synonymous,1.0,2.0,27.0,single_origin_clonal,0.116,,,,,,,,,,Single-origin (clonal inheritance only)
kasA,c.1233T>C,isoniazid,Chromosome_2519347_T_C,True,Beta-ketoacyl ACP synthase involved in mycolic acid synthesis. Mutations here can partially compensate for inhA-mediated INH resistance by altering the flux through the FAS-II fatty acid synthesis pathway.,Mdluli et al. 1998,0.0,0.024316,0.0,2.339932620011529e-07,6.417332449824722e-06,0.0,-19.93156856932417,,,,False,1.5608180839612489,False,0.8089106052688863,False,synonymous,1.0,2.0,29.0,single_origin_clonal,0.116,,,,,,,,,,Single-origin (clonal inheritance only)
whiB7,c.-529T>C,multiple,Chromosome_3569208_A_G,True,"WhiB7 is a transcriptional activator of multiple intrinsic resistance mechanisms including eis (aminoglycoside), tap (efflux), and others. Mutations affecting whiB7 activity can modulate broad fitness costs of MDR. Emerging evidence for compensatory role in MDR-TB fitness restoration.",Burian et al. 2012; Larsson et al.,0.0,0.024316,0.0,2.339932620011529e-07,6.417332449824722e-06,0.0,-19.93156856932417,,,,False,1.3993541442411197,False,0.9346571892880828,False,noncoding_upstream,1.0,3.0,26.0,single_origin_clonal,undefined_dS_zero,,,,,,,,,,Single-origin (clonal inheritance only)
gyrB,c.585A>G,fluoroquinolones,Chromosome_5824_A_G,True,"DNA gyrase B subunit. gyrB mutations can compensate for the supercoiling defects caused by gyrA QRDR (Quinolone Resistance-Determining Region) primary resistance mutations, restoring adequate DNA replication efficiency.",Avalos Vizcaino et al.; Mayer & Fierer 2014,0.0,0.024316,0.0,2.339932620011529e-07,6.417332449824722e-06,0.0,-19.93156856932417,,,,False,1.5069967707212055,False,0.8089106052688863,False,synonymous,1.0,3.0,28.0,single_origin_clonal,0.074,,,,,,,,,,Single-origin (clonal inheritance only)
rpoA,c.-572A>G,rifampicin,Chromosome_3879079_T_C,True,Compensates transcriptional fitness cost of rpoB RRDR mutations. Mutations in the alpha subunit of RNA polymerase restore the binding geometry disrupted by rpoB resistance mutations.,Comas et al. 2012 Nat Genet; Gagneux et al.,0.001148,0.028369,0.0405,3.742814322269476e-07,9.502387153409398e-06,0.039367816091954,-4.666839507775564,,,,False,1.776103336921421,False,0.6736789959418252,False,noncoding_upstream,1.0,2.0,33.0,single_origin_clonal,0.055,,,,,,,,,,Single-origin (clonal inheritance only)
ndh,c.114T>C,isoniazid,Chromosome_2102929_A_G,True,"NADH dehydrogenase. Loss-of-function mutations raise the NADH/NAD+ ratio, which can compensate for INH-mediated inhibition of InhA (InhA requires NADH as cofactor). Not a direct resistance mutation but modulates the INH activation and target environment.",Miesel et al. 1998,0.001148,0.028369,0.0405,3.742814322269476e-07,9.502387153409398e-06,0.039367816091954,-4.666839507775564,,,,False,1.6684607104413347,False,0.7068002625253008,False,synonymous,1.0,1.0,31.0,single_origin_clonal,0.102,,,,,,,,,,Single-origin (clonal inheritance only)
kasA,c.669T>C,isoniazid,Chromosome_2518783_T_C,True,Beta-ketoacyl ACP synthase involved in mycolic acid synthesis. Mutations here can partially compensate for inhA-mediated INH resistance by altering the flux through the FAS-II fatty acid synthesis pathway.,Mdluli et al. 1998,0.001148,0.028369,0.0405,3.742814322269476e-07,9.502387153409398e-06,0.039367816091954,-4.666839507775564,,,,False,1.776103336921421,False,0.6840063286490898,False,synonymous,1.0,4.0,33.0,single_origin_clonal,0.116,,,,,,,,,,Single-origin (clonal inheritance only)
kasA,c.366T>C,isoniazid,Chromosome_2518480_T_C,True,Beta-ketoacyl ACP synthase involved in mycolic acid synthesis. Mutations here can partially compensate for inhA-mediated INH resistance by altering the flux through the FAS-II fatty acid synthesis pathway.,Mdluli et al. 1998,0.001148,0.028369,0.0405,3.742814322269476e-07,9.502387153409398e-06,0.039367816091954,-4.666839507775564,,,,False,1.5608180839612489,False,0.8089106052688863,False,synonymous,1.0,0.0,29.0,single_origin_clonal,0.116,,,,,,,,,,Single-origin (clonal inheritance only)
rpoA,c.-302T>C,rifampicin,Chromosome_3878809_A_G,True,Compensates transcriptional fitness cost of rpoB RRDR mutations. Mutations in the alpha subunit of RNA polymerase restore the binding geometry disrupted by rpoB resistance mutations.,Comas et al. 2012 Nat Genet; Gagneux et al.,0.001148,0.028369,0.0405,3.742814322269476e-07,9.502387153409398e-06,0.039367816091954,-4.666839507775564,,,,False,1.5608180839612489,False,0.8089106052688863,False,noncoding_upstream,1.0,0.0,29.0,single_origin_clonal,0.055,,,,,,,,,,Single-origin (clonal inheritance only)
kasA,p.Ala131Glu,isoniazid,Chromosome_2518506_C_A,True,Beta-ketoacyl ACP synthase involved in mycolic acid synthesis. Mutations here can partially compensate for inhA-mediated INH resistance by altering the flux through the FAS-II fatty acid synthesis pathway.,Mdluli et al. 1998,0.001148,0.028369,0.0405,3.742814322269476e-07,9.502387153409398e-06,0.039367816091954,-4.666839507775564,,,,False,1.5608180839612489,False,0.8089106052688863,False,nonsynonymous,1.0,0.0,29.0,single_origin_clonal,0.116,131.0,A,E,106.7,moderately_radical,PDB,6P9K,0.71,exposed,Single-origin (clonal inheritance only)
rpoC,c.1639T>C,rifampicin,Chromosome_765008_T_C,True,"Beta-prime subunit of RNA polymerase. Mutations here compensate for the conformational changes in the RNA polymerase complex caused by rpoB RRDR resistance mutations, restoring transcription efficiency.",Comas et al. 2012 Nat Genet; Muller et al. 2017,0.001148,0.028369,0.0405,3.742814322269476e-07,9.502387153409398e-06,0.039367816091954,-4.666839507775564,,,,False,1.6684607104413347,False,0.6736789959418252,False,synonymous,1.0,4.0,31.0,single_origin_clonal,0.08,,,,,,,,,,Single-origin (clonal inheritance only)
rpoC,c.2427C>T,rifampicin,Chromosome_765796_C_T,True,"Beta-prime subunit of RNA polymerase. Mutations here compensate for the conformational changes in the RNA polymerase complex caused by rpoB RRDR resistance mutations, restoring transcription efficiency.",Comas et al. 2012 Nat Genet; Muller et al. 2017,0.002296,0.031408,0.0731,4.082123567579478e-07,9.502387153409398e-06,0.0709751661160399,-3.816541869220527,,,,False,1.776103336921421,False,0.6840063286490898,False,synonymous,1.0,0.0,33.0,single_origin_clonal,0.08,,,,,,,,,,Single-origin (clonal inheritance only)
rpoC,c.3405T>C,rifampicin,Chromosome_766774_T_C,True,"Beta-prime subunit of RNA polymerase. Mutations here compensate for the conformational changes in the RNA polymerase complex caused by rpoB RRDR resistance mutations, restoring transcription efficiency.",Comas et al. 2012 Nat Genet; Muller et al. 2017,0.002296,0.031408,0.0731,4.082123567579478e-07,9.502387153409398e-06,0.0709751661160399,-3.816541869220527,,,,False,1.829924650161464,False,0.6743032395683798,False,synonymous,1.0,0.0,34.0,single_origin_clonal,0.08,,,,,,,,,,Single-origin (clonal inheritance only)
rpoA,c.195G>C,rifampicin,Chromosome_3878313_C_G,True,Compensates transcriptional fitness cost of rpoB RRDR mutations. Mutations in the alpha subunit of RNA polymerase restore the binding geometry disrupted by rpoB resistance mutations.,Comas et al. 2012 Nat Genet; Gagneux et al.,0.002296,0.031408,0.0731,4.082123567579478e-07,9.502387153409398e-06,0.0709751661160399,-3.816541869220527,,,,False,1.776103336921421,False,0.6736789959418252,False,synonymous,1.0,2.0,33.0,single_origin_clonal,0.055,,,,,,,,,,Single-origin (clonal inheritance only)
rpoC,c.714A>G,rifampicin,Chromosome_764083_A_G,True,"Beta-prime subunit of RNA polymerase. Mutations here compensate for the conformational changes in the RNA polymerase complex caused by rpoB RRDR resistance mutations, restoring transcription efficiency.",Comas et al. 2012 Nat Genet; Muller et al. 2017,0.002296,0.031408,0.0731,4.082123567579478e-07,9.502387153409398e-06,0.0709751661160399,-3.816541869220527,,,,False,1.883745963401507,False,0.6736789959418252,False,synonymous,1.0,2.0,35.0,single_origin_clonal,0.08,,,,,,,,,,Single-origin (clonal inheritance only)
rpoC,c.2184C>T,rifampicin,Chromosome_765553_C_T,True,"Beta-prime subunit of RNA polymerase. Mutations here compensate for the conformational changes in the RNA polymerase complex caused by rpoB RRDR resistance mutations, restoring transcription efficiency.",Comas et al. 2012 Nat Genet; Muller et al. 2017,0.002296,0.031408,0.0731,4.082123567579478e-07,9.502387153409398e-06,0.0709751661160399,-3.816541869220527,,,,False,1.883745963401507,False,0.6736789959418252,False,synonymous,1.0,1.0,35.0,single_origin_clonal,0.08,,,,,,,,,,Single-origin (clonal inheritance only)
rpoC,c.3531T>C,rifampicin,Chromosome_766900_T_C,True,"Beta-prime subunit of RNA polymerase. Mutations here compensate for the conformational changes in the RNA polymerase complex caused by rpoB RRDR resistance mutations, restoring transcription efficiency.",Comas et al. 2012 Nat Genet; Muller et al. 2017,0.002296,0.031408,0.0731,4.082123567579478e-07,9.502387153409398e-06,0.0709751661160399,-3.816541869220527,,,,False,1.883745963401507,False,0.6736789959418252,False,synonymous,1.0,2.0,35.0,single_origin_clonal,0.08,,,,,,,,,,Single-origin (clonal inheritance only)
rpoC,c.1950A>G,rifampicin,Chromosome_765319_A_G,True,"Beta-prime subunit of RNA polymerase. Mutations here compensate for the conformational changes in the RNA polymerase complex caused by rpoB RRDR resistance mutations, restoring transcription efficiency.",Comas et al. 2012 Nat Genet; Muller et al. 2017,0.002296,0.031408,0.0731,4.082123567579478e-07,9.502387153409398e-06,0.0709751661160399,-3.816541869220527,,,,False,1.9375672766415504,False,0.6736789959418252,False,synonymous,1.0,1.0,36.0,single_origin_clonal,0.08,,,,,,,,,,Single-origin (clonal inheritance only)
rpoC,c.-969G>C,rifampicin,Chromosome_762401_G_C,True,"Beta-prime subunit of RNA polymerase. Mutations here compensate for the conformational changes in the RNA polymerase complex caused by rpoB RRDR resistance mutations, restoring transcription efficiency.",Comas et al. 2012 Nat Genet; Muller et al. 2017,0.002296,0.031408,0.0731,4.082123567579478e-07,9.502387153409398e-06,0.0709751661160399,-3.816541869220527,,,,False,1.776103336921421,False,0.6840063286490898,False,noncoding_upstream,1.0,0.0,33.0,single_origin_clonal,0.08,,,,,,,,,,Single-origin (clonal inheritance only)
gyrB,c.1047T>C,fluoroquinolones,Chromosome_6286_T_C,True,"DNA gyrase B subunit. gyrB mutations can compensate for the supercoiling defects caused by gyrA QRDR (Quinolone Resistance-Determining Region) primary resistance mutations, restoring adequate DNA replication efficiency.",Avalos Vizcaino et al.; Mayer & Fierer 2014,0.002296,0.031408,0.0731,4.082123567579478e-07,9.502387153409398e-06,0.0709751661160399,-3.816541869220527,,,,False,1.776103336921421,False,0.6840063286490898,False,synonymous,1.0,0.0,33.0,single_origin_clonal,0.074,,,,,,,,,,Single-origin (clonal inheritance only)
rpoA,c.-165A>T,rifampicin,Chromosome_3878672_T_A,True,Compensates transcriptional fitness cost of rpoB RRDR mutations. Mutations in the alpha subunit of RNA polymerase restore the binding geometry disrupted by rpoB resistance mutations.,Comas et al. 2012 Nat Genet; Gagneux et al.,0.002296,0.031408,0.0731,4.082123567579478e-07,9.502387153409398e-06,0.0709751661160399,-3.816541869220527,,,,False,1.829924650161464,False,0.6743032395683798,False,noncoding_upstream,1.0,3.0,34.0,single_origin_clonal,0.055,,,,,,,,,,Single-origin (clonal inheritance only)
rpoA,c.-158A>G,rifampicin,Chromosome_3878665_T_C,True,Compensates transcriptional fitness cost of rpoB RRDR mutations. Mutations in the alpha subunit of RNA polymerase restore the binding geometry disrupted by rpoB resistance mutations.,Comas et al. 2012 Nat Genet; Gagneux et al.,0.002296,0.031408,0.0731,4.082123567579478e-07,9.502387153409398e-06,0.0709751661160399,-3.816541869220527,,,,False,1.829924650161464,False,0.6743032395683798,False,noncoding_upstream,1.0,3.0,34.0,single_origin_clonal,0.055,,,,,,,,,,Single-origin (clonal inheritance only)
rpoC,c.3492G>C,rifampicin,Chromosome_766861_G_C,True,"Beta-prime subunit of RNA polymerase. Mutations here compensate for the conformational changes in the RNA polymerase complex caused by rpoB RRDR resistance mutations, restoring transcription efficiency.",Comas et al. 2012 Nat Genet; Muller et al. 2017,0.002296,0.031408,0.0731,4.082123567579478e-07,9.502387153409398e-06,0.0709751661160399,-3.816541869220527,,,,False,1.776103336921421,False,0.6736789959418252,False,synonymous,1.0,2.0,33.0,single_origin_clonal,0.08,,,,,,,,,,Single-origin (clonal inheritance only)
kasA,c.330T>C,isoniazid,Chromosome_2518444_T_C,True,Beta-ketoacyl ACP synthase involved in mycolic acid synthesis. Mutations here can partially compensate for inhA-mediated INH resistance by altering the flux through the FAS-II fatty acid synthesis pathway.,Mdluli et al. 1998,0.0,0.023303,0.0,4.4819779830787e-07,9.677827572512017e-06,0.0,-19.93156856932417,,,,False,1.3993541442411197,False,0.8280255127500844,False,synonymous,1.0,3.0,26.0,single_origin_clonal,0.116,,,,,,,,,,Single-origin (clonal inheritance only)
rpoC,c.3159T>C,rifampicin,Chromosome_766528_T_C,True,"Beta-prime subunit of RNA polymerase. Mutations here compensate for the conformational changes in the RNA polymerase complex caused by rpoB RRDR resistance mutations, restoring transcription efficiency.",Comas et al. 2012 Nat Genet; Muller et al. 2017,0.0,0.023303,0.0,4.4819779830787e-07,9.677827572512017e-06,0.0,-19.93156856932417,,,,False,1.776103336921421,False,0.6743032395683798,False,synonymous,1.0,4.0,33.0,single_origin_clonal,0.08,,,,,,,,,,Single-origin (clonal inheritance only)
whiB7,c.-472A>G,multiple,Chromosome_3569151_T_C,True,"WhiB7 is a transcriptional activator of multiple intrinsic resistance mechanisms including eis (aminoglycoside), tap (efflux), and others. Mutations affecting whiB7 activity can modulate broad fitness costs of MDR. Emerging evidence for compensatory role in MDR-TB fitness restoration.",Burian et al. 2012; Larsson et al.,0.0,0.023303,0.0,4.4819779830787e-07,9.677827572512017e-06,0.0,-19.93156856932417,,,,False,1.2378902045209903,False,,False,noncoding_upstream,1.0,3.0,23.0,single_origin_clonal,undefined_dS_zero,,,,,,,,,,Single-origin (clonal inheritance only)
ndh,c.1119T>G,isoniazid,Chromosome_2101924_A_C,True,"NADH dehydrogenase. Loss-of-function mutations raise the NADH/NAD+ ratio, which can compensate for INH-mediated inhibition of InhA (InhA requires NADH as cofactor). Not a direct resistance mutation but modulates the INH activation and target environment.",Miesel et al. 1998,0.001148,0.027356,0.042,7.132654974609586e-07,1.4103247390293372e-05,0.0408684546615581,-4.612868497291041,,,,False,1.5608180839612489,False,0.8089106052688863,False,synonymous,1.0,0.0,29.0,single_origin_clonal,0.102,,,,,,,,,,Single-origin (clonal inheritance only)
rpoC,c.531G>C,rifampicin,Chromosome_763900_G_C,True,"Beta-prime subunit of RNA polymerase. Mutations here compensate for the conformational changes in the RNA polymerase complex caused by rpoB RRDR resistance mutations, restoring transcription efficiency.",Comas et al. 2012 Nat Genet; Muller et al. 2017,0.002296,0.030395,0.0755,7.50675783137996e-07,1.4103247390293372e-05,0.0734177215189873,-3.767727847936893,,,,False,1.776103336921421,False,0.6736789959418252,False,synonymous,1.0,2.0,33.0,single_origin_clonal,0.08,,,,,,,,,,Single-origin (clonal inheritance only)
rpoC,c.525A>G,rifampicin,Chromosome_763894_A_G,True,"Beta-prime subunit of RNA polymerase. Mutations here compensate for the conformational changes in the RNA polymerase complex caused by rpoB RRDR resistance mutations, restoring transcription efficiency.",Comas et al. 2012 Nat Genet; Muller et al. 2017,0.002296,0.030395,0.0755,7.50675783137996e-07,1.4103247390293372e-05,0.0734177215189873,-3.767727847936893,,,,False,1.776103336921421,False,0.6736789959418252,False,synonymous,1.0,2.0,33.0,single_origin_clonal,0.08,,,,,,,,,,Single-origin (clonal inheritance only)
ndh,c.399A>G,isoniazid,Chromosome_2102644_T_C,True,"NADH dehydrogenase. Loss-of-function mutations raise the NADH/NAD+ ratio, which can compensate for INH-mediated inhibition of InhA (InhA requires NADH as cofactor). Not a direct resistance mutation but modulates the INH activation and target environment.",Miesel et al. 1998,0.002296,0.030395,0.0755,7.50675783137996e-07,1.4103247390293372e-05,0.0734177215189873,-3.767727847936893,,,,False,1.7222820236813776,False,0.6840063286490898,False,synonymous,1.0,2.0,32.0,single_origin_clonal,0.102,,,,,,,,,,Single-origin (clonal inheritance only)
rpoC,c.2424C>G,rifampicin,Chromosome_765793_C_G,True,"Beta-prime subunit of RNA polymerase. Mutations here compensate for the conformational changes in the RNA polymerase complex caused by rpoB RRDR resistance mutations, restoring transcription efficiency.",Comas et al. 2012 Nat Genet; Muller et al. 2017,0.002296,0.030395,0.0755,7.50675783137996e-07,1.4103247390293372e-05,0.0734177215189873,-3.767727847936893,,,,False,1.7222820236813776,False,0.6840063286490898,False,synonymous,1.0,1.0,32.0,single_origin_clonal,0.08,,,,,,,,,,Single-origin (clonal inheritance only)
kasA,p.Met165Ile,isoniazid,Chromosome_2518609_G_C,True,Beta-ketoacyl ACP synthase involved in mycolic acid synthesis. Mutations here can partially compensate for inhA-mediated INH resistance by altering the flux through the FAS-II fatty acid synthesis pathway.,Mdluli et al. 1998,0.001148,0.027356,0.042,7.132654974609586e-07,1.4103247390293372e-05,0.0408684546615581,-4.612868497291041,,,,False,1.5069967707212055,False,0.7531078554279901,False,nonsynonymous,1.0,1.0,28.0,single_origin_clonal,0.116,165.0,M,I,10.1,conservative,PDB,6P9K,0.215,partially_buried,Single-origin (clonal inheritance only)
kasA,c.390T>C,isoniazid,Chromosome_2518504_T_C,True,Beta-ketoacyl ACP synthase involved in mycolic acid synthesis. Mutations here can partially compensate for inhA-mediated INH resistance by altering the flux through the FAS-II fatty acid synthesis pathway.,Mdluli et al. 1998,0.001148,0.027356,0.042,7.132654974609586e-07,1.4103247390293372e-05,0.0408684546615581,-4.612868497291041,,,,False,1.5069967707212055,False,0.8280255127500844,False,synonymous,1.0,0.0,28.0,single_origin_clonal,0.116,,,,,,,,,,Single-origin (clonal inheritance only)
rpoA,c.651G>A,rifampicin,Chromosome_3877857_C_T,True,Compensates transcriptional fitness cost of rpoB RRDR mutations. Mutations in the alpha subunit of RNA polymerase restore the binding geometry disrupted by rpoB resistance mutations.,Comas et al. 2012 Nat Genet; Gagneux et al.,0.001148,0.027356,0.042,7.132654974609586e-07,1.4103247390293372e-05,0.0408684546615581,-4.612868497291041,,,,False,1.5069967707212055,False,0.7531078554279901,False,synonymous,1.0,1.0,28.0,single_origin_clonal,0.055,,,,,,,,,,Single-origin (clonal inheritance only)
rpoA,c.261G>C,rifampicin,Chromosome_3878247_C_G,True,Compensates transcriptional fitness cost of rpoB RRDR mutations. Mutations in the alpha subunit of RNA polymerase restore the binding geometry disrupted by rpoB resistance mutations.,Comas et al. 2012 Nat Genet; Gagneux et al.,0.002296,0.030395,0.0755,7.50675783137996e-07,1.4103247390293372e-05,0.0734177215189873,-3.767727847936893,,,,False,1.7222820236813776,False,0.7068002625253008,False,synonymous,1.0,1.0,32.0,single_origin_clonal,0.055,,,,,,,,,,Single-origin (clonal inheritance only)
kasA,c.405G>C,isoniazid,Chromosome_2518519_G_C,True,Beta-ketoacyl ACP synthase involved in mycolic acid synthesis. Mutations here can partially compensate for inhA-mediated INH resistance by altering the flux through the FAS-II fatty acid synthesis pathway.,Mdluli et al. 1998,0.001148,0.027356,0.042,7.132654974609586e-07,1.4103247390293372e-05,0.0408684546615581,-4.612868497291041,,,,False,1.5608180839612489,False,0.8089106052688863,False,synonymous,1.0,0.0,29.0,single_origin_clonal,0.116,,,,,,,,,,Single-origin (clonal inheritance only)
rpoC,c.2457T>C,rifampicin,Chromosome_765826_T_C,True,"Beta-prime subunit of RNA polymerase. Mutations here compensate for the conformational changes in the RNA polymerase complex caused by rpoB RRDR resistance mutations, restoring transcription efficiency.",Comas et al. 2012 Nat Genet; Muller et al. 2017,0.002296,0.030395,0.0755,7.50675783137996e-07,1.4103247390293372e-05,0.0734177215189873,-3.767727847936893,,,,False,1.9375672766415504,False,0.6736789959418252,False,synonymous,1.0,1.0,36.0,single_origin_clonal,0.08,,,,,,,,,,Single-origin (clonal inheritance only)
gyrB,c.1068T>G,fluoroquinolones,Chromosome_6307_T_G,True,"DNA gyrase B subunit. gyrB mutations can compensate for the supercoiling defects caused by gyrA QRDR (Quinolone Resistance-Determining Region) primary resistance mutations, restoring adequate DNA replication efficiency.",Avalos Vizcaino et al.; Mayer & Fierer 2014,0.002296,0.030395,0.0755,7.50675783137996e-07,1.4103247390293372e-05,0.0734177215189873,-3.767727847936893,,,,False,1.776103336921421,False,0.6840063286490898,False,synonymous,1.0,0.0,33.0,single_origin_clonal,0.074,,,,,,,,,,Single-origin (clonal inheritance only)
rpoC,c.3396A>C,rifampicin,Chromosome_766765_A_C,True,"Beta-prime subunit of RNA polymerase. Mutations here compensate for the conformational changes in the RNA polymerase complex caused by rpoB RRDR resistance mutations, restoring transcription efficiency.",Comas et al. 2012 Nat Genet; Muller et al. 2017,0.002296,0.030395,0.0755,7.50675783137996e-07,1.4103247390293372e-05,0.0734177215189873,-3.767727847936893,,,,False,1.829924650161464,False,0.6743032395683798,False,synonymous,1.0,0.0,34.0,single_origin_clonal,0.08,,,,,,,,,,Single-origin (clonal inheritance only)
rpoC,c.897T>C,rifampicin,Chromosome_764266_T_C,True,"Beta-prime subunit of RNA polymerase. Mutations here compensate for the conformational changes in the RNA polymerase complex caused by rpoB RRDR resistance mutations, restoring transcription efficiency.",Comas et al. 2012 Nat Genet; Muller et al. 2017,0.002296,0.030395,0.0755,7.50675783137996e-07,1.4103247390293372e-05,0.0734177215189873,-3.767727847936893,,,,False,1.991388589881593,False,0.6736789959418252,False,synonymous,1.0,0.0,37.0,single_origin_clonal,0.08,,,,,,,,,,Single-origin (clonal inheritance only)
rpoC,c.1980T>C,rifampicin,Chromosome_765349_T_C,True,"Beta-prime subunit of RNA polymerase. Mutations here compensate for the conformational changes in the RNA polymerase complex caused by rpoB RRDR resistance mutations, restoring transcription efficiency.",Comas et al. 2012 Nat Genet; Muller et al. 2017,0.0,0.02229,0.0,8.587540716847694e-07,1.4956111058685106e-05,0.0,-19.93156856932417,,,,False,1.3993541442411197,False,0.8280255127500844,False,synonymous,1.0,6.0,26.0,single_origin_clonal,0.08,,,,,,,,,,Single-origin (clonal inheritance only)
ndh,c.252A>G,isoniazid,Chromosome_2102791_T_C,True,"NADH dehydrogenase. Loss-of-function mutations raise the NADH/NAD+ ratio, which can compensate for INH-mediated inhibition of InhA (InhA requires NADH as cofactor). Not a direct resistance mutation but modulates the INH activation and target environment.",Miesel et al. 1998,0.0,0.02229,0.0,8.587540716847694e-07,1.4956111058685106e-05,0.0,-19.93156856932417,,,,False,1.3455328310010763,False,0.8280255127500844,False,synonymous,1.0,5.0,25.0,single_origin_clonal,0.102,,,,,,,,,,Single-origin (clonal inheritance only)
rpoA,c.-722A>G,rifampicin,Chromosome_3879229_T_C,True,Compensates transcriptional fitness cost of rpoB RRDR mutations. Mutations in the alpha subunit of RNA polymerase restore the binding geometry disrupted by rpoB resistance mutations.,Comas et al. 2012 Nat Genet; Gagneux et al.,0.0,0.02229,0.0,8.587540716847694e-07,1.4956111058685106e-05,0.0,-19.93156856932417,,,,False,1.3455328310010763,False,0.8720714052853945,False,noncoding_upstream,1.0,3.0,25.0,single_origin_clonal,0.055,,,,,,,,,,Single-origin (clonal inheritance only)
kasA,c.477G>C,isoniazid,Chromosome_2518591_G_C,True,Beta-ketoacyl ACP synthase involved in mycolic acid synthesis. Mutations here can partially compensate for inhA-mediated INH resistance by altering the flux through the FAS-II fatty acid synthesis pathway.,Mdluli et al. 1998,0.001148,0.026342,0.0436,1.35892401248759e-06,2.1507141820706487e-05,0.0424845269672855,-4.5569186881034325,,,,False,1.6684607104413347,False,0.7531078554279901,False,synonymous,1.0,0.0,31.0,single_origin_clonal,0.116,,,,,,,,,,Single-origin (clonal inheritance only)
rpoA,p.Glu338Asp,rifampicin,Chromosome_3877494_C_G,True,Compensates transcriptional fitness cost of rpoB RRDR mutations. Mutations in the alpha subunit of RNA polymerase restore the binding geometry disrupted by rpoB resistance mutations.,Comas et al. 2012 Nat Genet; Gagneux et al.,0.001148,0.026342,0.0436,1.35892401248759e-06,2.1507141820706487e-05,0.0424845269672855,-4.5569186881034325,,,,False,1.4531754574811624,False,0.8720714052853945,False,nonsynonymous,1.0,0.0,27.0,single_origin_clonal,0.055,338.0,E,D,44.6,conservative,PDB,7KIN,,,Single-origin (clonal inheritance only)
rpoC,c.2415C>G,rifampicin,Chromosome_765784_C_G,True,"Beta-prime subunit of RNA polymerase. Mutations here compensate for the conformational changes in the RNA polymerase complex caused by rpoB RRDR resistance mutations, restoring transcription efficiency.",Comas et al. 2012 Nat Genet; Muller et al. 2017,0.002296,0.029382,0.0781,1.379125188000039e-06,2.1507141820706487e-05,0.0760287290186897,-3.717311516205792,,,,False,1.6684607104413347,False,0.7531078554279901,False,synonymous,1.0,2.0,31.0,single_origin_clonal,0.08,,,,,,,,,,Single-origin (clonal inheritance only)
kasA,c.48G>A,isoniazid,Chromosome_2518162_G_A,True,Beta-ketoacyl ACP synthase involved in mycolic acid synthesis. Mutations here can partially compensate for inhA-mediated INH resistance by altering the flux through the FAS-II fatty acid synthesis pathway.,Mdluli et al. 1998,0.001148,0.026342,0.0436,1.35892401248759e-06,2.1507141820706487e-05,0.0424845269672855,-4.5569186881034325,,,,False,1.4531754574811624,False,0.8720714052853945,False,synonymous,1.0,0.0,27.0,single_origin_clonal,0.116,,,,,,,,,,Single-origin (clonal inheritance only)
ndh,c.1023A>G,isoniazid,Chromosome_2102020_T_C,True,"NADH dehydrogenase. Loss-of-function mutations raise the NADH/NAD+ ratio, which can compensate for INH-mediated inhibition of InhA (InhA requires NADH as cofactor). Not a direct resistance mutation but modulates the INH activation and target environment.",Miesel et al. 1998,0.001148,0.026342,0.0436,1.35892401248759e-06,2.1507141820706487e-05,0.0424845269672855,-4.5569186881034325,,,,False,1.4531754574811624,False,0.8280255127500844,False,synonymous,1.0,1.0,27.0,single_origin_clonal,0.102,,,,,,,,,,Single-origin (clonal inheritance only)
rpoC,p.Ala969Thr,rifampicin,Chromosome_766274_G_A,True,"Beta-prime subunit of RNA polymerase. Mutations here compensate for the conformational changes in the RNA polymerase complex caused by rpoB RRDR resistance mutations, restoring transcription efficiency.",Comas et al. 2012 Nat Genet; Muller et al. 2017,0.001148,0.026342,0.0436,1.35892401248759e-06,2.1507141820706487e-05,0.0424845269672855,-4.5569186881034325,,,,False,1.4531754574811624,False,0.8720714052853945,False,nonsynonymous,1.0,0.0,27.0,single_origin_clonal,0.08,969.0,A,T,58.0,moderately_conservative,PDB,7KIN,0.455,exposed,Single-origin (clonal inheritance only)
whiB7,c.-577T>C,multiple,Chromosome_3569256_A_G,True,"WhiB7 is a transcriptional activator of multiple intrinsic resistance mechanisms including eis (aminoglycoside), tap (efflux), and others. Mutations affecting whiB7 activity can modulate broad fitness costs of MDR. Emerging evidence for compensatory role in MDR-TB fitness restoration.",Burian et al. 2012; Larsson et al.,0.001148,0.026342,0.0436,1.35892401248759e-06,2.1507141820706487e-05,0.0424845269672855,-4.5569186881034325,,,,False,1.4531754574811624,False,0.8720714052853945,False,noncoding_upstream,1.0,0.0,27.0,single_origin_clonal,undefined_dS_zero,,,,,,,,,,Single-origin (clonal inheritance only)
rpoC,c.3204T>C,rifampicin,Chromosome_766573_T_C,True,"Beta-prime subunit of RNA polymerase. Mutations here compensate for the conformational changes in the RNA polymerase complex caused by rpoB RRDR resistance mutations, restoring transcription efficiency.",Comas et al. 2012 Nat Genet; Muller et al. 2017,0.002296,0.029382,0.0781,1.379125188000039e-06,2.1507141820706487e-05,0.0760287290186897,-3.717311516205792,,,,False,1.9375672766415504,False,0.6736789959418252,False,synonymous,1.0,1.0,36.0,single_origin_clonal,0.08,,,,,,,,,,Single-origin (clonal inheritance only)
rpoC,c.2382C>G,rifampicin,Chromosome_765751_C_G,True,"Beta-prime subunit of RNA polymerase. Mutations here compensate for the conformational changes in the RNA polymerase complex caused by rpoB RRDR resistance mutations, restoring transcription efficiency.",Comas et al. 2012 Nat Genet; Muller et al. 2017,0.002296,0.029382,0.0781,1.379125188000039e-06,2.1507141820706487e-05,0.0760287290186897,-3.717311516205792,,,,False,1.776103336921421,False,0.6736789959418252,False,synonymous,1.0,2.0,33.0,single_origin_clonal,0.08,,,,,,,,,,Single-origin (clonal inheritance only)
kasA,c.564C>T,isoniazid,Chromosome_2518678_C_T,True,Beta-ketoacyl ACP synthase involved in mycolic acid synthesis. Mutations here can partially compensate for inhA-mediated INH resistance by altering the flux through the FAS-II fatty acid synthesis pathway.,Mdluli et al. 1998,0.001148,0.026342,0.0436,1.35892401248759e-06,2.1507141820706487e-05,0.0424845269672855,-4.5569186881034325,,,,False,1.5069967707212055,False,0.7068002625253008,False,synonymous,1.0,2.0,28.0,single_origin_clonal,0.116,,,,,,,,,,Single-origin (clonal inheritance only)
rpoC,c.3495G>C,rifampicin,Chromosome_766864_G_C,True,"Beta-prime subunit of RNA polymerase. Mutations here compensate for the conformational changes in the RNA polymerase complex caused by rpoB RRDR resistance mutations, restoring transcription efficiency.",Comas et al. 2012 Nat Genet; Muller et al. 2017,0.002296,0.029382,0.0781,1.379125188000039e-06,2.1507141820706487e-05,0.0760287290186897,-3.717311516205792,,,,False,1.6684607104413347,False,0.7531078554279901,False,synonymous,1.0,2.0,31.0,single_origin_clonal,0.08,,,,,,,,,,Single-origin (clonal inheritance only)
rpoC,c.45T>C,rifampicin,Chromosome_763414_T_C,True,"Beta-prime subunit of RNA polymerase. Mutations here compensate for the conformational changes in the RNA polymerase complex caused by rpoB RRDR resistance mutations, restoring transcription efficiency.",Comas et al. 2012 Nat Genet; Muller et al. 2017,0.002296,0.029382,0.0781,1.379125188000039e-06,2.1507141820706487e-05,0.0760287290186897,-3.717311516205792,,,,False,1.9375672766415504,False,0.6736789959418252,False,synonymous,1.0,1.0,36.0,single_origin_clonal,0.08,,,,,,,,,,Single-origin (clonal inheritance only)
rpoC,c.1665T>C,rifampicin,Chromosome_765034_T_C,True,"Beta-prime subunit of RNA polymerase. Mutations here compensate for the conformational changes in the RNA polymerase complex caused by rpoB RRDR resistance mutations, restoring transcription efficiency.",Comas et al. 2012 Nat Genet; Muller et al. 2017,0.002296,0.029382,0.0781,1.379125188000039e-06,2.1507141820706487e-05,0.0760287290186897,-3.717311516205792,,,,False,1.776103336921421,False,0.6840063286490898,False,synonymous,1.0,0.0,33.0,single_origin_clonal,0.08,,,,,,,,,,Single-origin (clonal inheritance only)
rpoC,c.2040T>C,rifampicin,Chromosome_765409_T_C,True,"Beta-prime subunit of RNA polymerase. Mutations here compensate for the conformational changes in the RNA polymerase complex caused by rpoB RRDR resistance mutations, restoring transcription efficiency.",Comas et al. 2012 Nat Genet; Muller et al. 2017,0.002296,0.029382,0.0781,1.379125188000039e-06,2.1507141820706487e-05,0.0760287290186897,-3.717311516205792,,,,False,1.991388589881593,False,0.6736789959418252,False,synonymous,1.0,0.0,37.0,single_origin_clonal,0.08,,,,,,,,,,Single-origin (clonal inheritance only)
rpoC,c.1983G>C,rifampicin,Chromosome_765352_G_C,True,"Beta-prime subunit of RNA polymerase. Mutations here compensate for the conformational changes in the RNA polymerase complex caused by rpoB RRDR resistance mutations, restoring transcription efficiency.",Comas et al. 2012 Nat Genet; Muller et al. 2017,0.002296,0.029382,0.0781,1.379125188000039e-06,2.1507141820706487e-05,0.0760287290186897,-3.717311516205792,,,,False,1.883745963401507,False,0.6736789959418252,False,synonymous,1.0,2.0,35.0,single_origin_clonal,0.08,,,,,,,,,,Single-origin (clonal inheritance only)
rpoC,c.2109T>C,rifampicin,Chromosome_765478_T_C,True,"Beta-prime subunit of RNA polymerase. Mutations here compensate for the conformational changes in the RNA polymerase complex caused by rpoB RRDR resistance mutations, restoring transcription efficiency.",Comas et al. 2012 Nat Genet; Muller et al. 2017,0.002296,0.029382,0.0781,1.379125188000039e-06,2.1507141820706487e-05,0.0760287290186897,-3.717311516205792,,,,False,1.9375672766415504,False,0.6736789959418252,False,synonymous,1.0,1.0,36.0,single_origin_clonal,0.08,,,,,,,,,,Single-origin (clonal inheritance only)
rpoC,c.1519T>C,rifampicin,Chromosome_764888_T_C,True,"Beta-prime subunit of RNA polymerase. Mutations here compensate for the conformational changes in the RNA polymerase complex caused by rpoB RRDR resistance mutations, restoring transcription efficiency.",Comas et al. 2012 Nat Genet; Muller et al. 2017,0.002296,0.029382,0.0781,1.379125188000039e-06,2.1507141820706487e-05,0.0760287290186897,-3.717311516205792,,,,False,1.9375672766415504,False,0.6736789959418252,False,synonymous,1.0,1.0,36.0,single_origin_clonal,0.08,,,,,,,,,,Single-origin (clonal inheritance only)
gyrB,c.120C>T,fluoroquinolones,Chromosome_5359_C_T,True,"DNA gyrase B subunit. gyrB mutations can compensate for the supercoiling defects caused by gyrA QRDR (Quinolone Resistance-Determining Region) primary resistance mutations, restoring adequate DNA replication efficiency.",Avalos Vizcaino et al.; Mayer & Fierer 2014,0.0,0.021277,0.0,1.6460457011273087e-06,2.3875167433980296e-05,0.0,-19.93156856932417,,,,False,1.2917115177610334,False,0.9346571892880828,False,synonymous,1.0,3.0,24.0,single_origin_clonal,0.074,,,,,,,,,,Single-origin (clonal inheritance only)
rpoC,p.Asp795Ala,rifampicin,Chromosome_765753_A_C,True,"Beta-prime subunit of RNA polymerase. Mutations here compensate for the conformational changes in the RNA polymerase complex caused by rpoB RRDR resistance mutations, restoring transcription efficiency.",Comas et al. 2012 Nat Genet; Muller et al. 2017,0.0,0.021277,0.0,1.6460457011273087e-06,2.3875167433980296e-05,0.0,-19.93156856932417,,,,False,1.883745963401507,False,0.6736789959418252,False,nonsynonymous,1.0,2.0,35.0,single_origin_clonal,0.08,795.0,D,A,125.7,moderately_radical,PDB,7KIN,0.654,exposed,Single-origin (clonal inheritance only)
whiB7,c.-502C>T,multiple,Chromosome_3569181_G_A,True,"WhiB7 is a transcriptional activator of multiple intrinsic resistance mechanisms including eis (aminoglycoside), tap (efflux), and others. Mutations affecting whiB7 activity can modulate broad fitness costs of MDR. Emerging evidence for compensatory role in MDR-TB fitness restoration.",Burian et al. 2012; Larsson et al.,0.0,0.021277,0.0,1.6460457011273087e-06,2.3875167433980296e-05,0.0,-19.93156856932417,,,,False,1.1840688912809472,False,,False,noncoding_upstream,1.0,5.0,22.0,single_origin_clonal,undefined_dS_zero,,,,,,,,,,Single-origin (clonal inheritance only)
ndh,c.243T>C,isoniazid,Chromosome_2102800_A_G,True,"NADH dehydrogenase. Loss-of-function mutations raise the NADH/NAD+ ratio, which can compensate for INH-mediated inhibition of InhA (InhA requires NADH as cofactor). Not a direct resistance mutation but modulates the INH activation and target environment.",Miesel et al. 1998,0.0,0.021277,0.0,1.6460457011273087e-06,2.3875167433980296e-05,0.0,-19.93156856932417,,,,False,1.2378902045209903,False,0.8720714052853945,False,synonymous,1.0,5.0,23.0,single_origin_clonal,0.102,,,,,,,,,,Single-origin (clonal inheritance only)
ahpC,c.174G>C,isoniazid,Chromosome_2726366_G_C,True,Alkyl hydroperoxide reductase. Upregulation compensates for the loss of KatG-mediated oxidative defence when katG is inactivated by INH-resistance mutations. Promoter mutations causing ahpC upregulation are the canonical compensatory mechanism for katG LoF.,Sherman et al. 1996; Heym et al. 1997,0.001148,0.025329,0.0453,2.587936208596714e-06,3.383460708883156e-05,0.0442298850574712,-4.498834696740773,,,,False,1.7222820236813776,False,0.7068002625253008,False,synonymous,1.0,2.0,32.0,single_origin_clonal,0.09,,,,,,,,,,Single-origin (clonal inheritance only)
gyrB,c.1620T>C,fluoroquinolones,Chromosome_6859_T_C,True,"DNA gyrase B subunit. gyrB mutations can compensate for the supercoiling defects caused by gyrA QRDR (Quinolone Resistance-Determining Region) primary resistance mutations, restoring adequate DNA replication efficiency.",Avalos Vizcaino et al.; Mayer & Fierer 2014,0.001148,0.025329,0.0453,2.587936208596714e-06,3.383460708883156e-05,0.0442298850574712,-4.498834696740773,,,,False,1.4531754574811624,False,0.8089106052688863,False,synonymous,1.0,3.0,27.0,single_origin_clonal,0.074,,,,,,,,,,Single-origin (clonal inheritance only)
ahpC,p.Ser69Gly,isoniazid,Chromosome_2726397_A_G,True,Alkyl hydroperoxide reductase. Upregulation compensates for the loss of KatG-mediated oxidative defence when katG is inactivated by INH-resistance mutations. Promoter mutations causing ahpC upregulation are the canonical compensatory mechanism for katG LoF.,Sherman et al. 1996; Heym et al. 1997,0.001148,0.025329,0.0453,2.587936208596714e-06,3.383460708883156e-05,0.0442298850574712,-4.498834696740773,,,,False,1.6684607104413347,False,0.7531078554279901,False,nonsynonymous,1.0,1.0,31.0,single_origin_clonal,0.09,69.0,S,G,55.3,moderately_conservative,PDB,2BMX,0.361,exposed,Single-origin (clonal inheritance only)
kasA,c.-90G>C,isoniazid,Chromosome_2518025_G_C,True,Beta-ketoacyl ACP synthase involved in mycolic acid synthesis. Mutations here can partially compensate for inhA-mediated INH resistance by altering the flux through the FAS-II fatty acid synthesis pathway.,Mdluli et al. 1998,0.002296,0.028369,0.0809,2.5309575284219237e-06,3.383460708883156e-05,0.0788262370540851,-3.665180283853873,,,,False,1.829924650161464,False,0.6743032395683798,False,noncoding_upstream,1.0,0.0,34.0,single_origin_clonal,0.116,,,,,,,,,,Single-origin (clonal inheritance only)
ahpC,c.216T>C,isoniazid,Chromosome_2726408_T_C,True,Alkyl hydroperoxide reductase. Upregulation compensates for the loss of KatG-mediated oxidative defence when katG is inactivated by INH-resistance mutations. Promoter mutations causing ahpC upregulation are the canonical compensatory mechanism for katG LoF.,Sherman et al. 1996; Heym et al. 1997,0.001148,0.025329,0.0453,2.587936208596714e-06,3.383460708883156e-05,0.0442298850574712,-4.498834696740773,,,,False,1.6684607104413347,False,0.7531078554279901,False,synonymous,1.0,1.0,31.0,single_origin_clonal,0.09,,,,,,,,,,Single-origin (clonal inheritance only)
gyrB,c.999G>A,fluoroquinolones,Chromosome_6238_G_A,True,"DNA gyrase B subunit. gyrB mutations can compensate for the supercoiling defects caused by gyrA QRDR (Quinolone Resistance-Determining Region) primary resistance mutations, restoring adequate DNA replication efficiency.",Avalos Vizcaino et al.; Mayer & Fierer 2014,0.001148,0.025329,0.0453,2.587936208596714e-06,3.383460708883156e-05,0.0442298850574712,-4.498834696740773,,,,False,1.3993541442411197,False,0.8089106052688863,False,synonymous,1.0,1.0,26.0,single_origin_clonal,0.074,,,,,,,,,,Single-origin (clonal inheritance only)
ndh,c.1239T>G,isoniazid,Chromosome_2101804_A_C,True,"NADH dehydrogenase. Loss-of-function mutations raise the NADH/NAD+ ratio, which can compensate for INH-mediated inhibition of InhA (InhA requires NADH as cofactor). Not a direct resistance mutation but modulates the INH activation and target environment.",Miesel et al. 1998,0.001148,0.025329,0.0453,2.587936208596714e-06,3.383460708883156e-05,0.0442298850574712,-4.498834696740773,,,,False,1.4531754574811624,False,0.8720714052853945,False,synonymous,1.0,0.0,27.0,single_origin_clonal,0.102,,,,,,,,,,Single-origin (clonal inheritance only)
mmpL5,c.2472A>G,bedaquiline/clofazimine,Chromosome_776009_T_C,True,MmpL5 efflux pump structural component. Gain-of-function mutations that increase pump activity may compensate for BDQ/CFZ fitness costs in highly resistant strains. Borderline primary/compensatory — flag for manual review.,Andries et al.; Hartkoorn et al. 2014,0.001148,0.025329,0.0453,2.587936208596714e-06,3.383460708883156e-05,0.0442298850574712,-4.498834696740773,,,,False,1.6146393972012916,False,0.7531078554279901,False,synonymous,1.0,2.0,30.0,single_origin_clonal,0.305,,,,,,,,,,Single-origin (clonal inheritance only)
rpoC,p.Gly168Ala,rifampicin,Chromosome_763872_G_C,True,"Beta-prime subunit of RNA polymerase. Mutations here compensate for the conformational changes in the RNA polymerase complex caused by rpoB RRDR resistance mutations, restoring transcription efficiency.",Comas et al. 2012 Nat Genet; Muller et al. 2017,0.002296,0.028369,0.0809,2.5309575284219237e-06,3.383460708883156e-05,0.0788262370540851,-3.665180283853873,,,,False,1.9375672766415504,False,0.6736789959418252,False,nonsynonymous,1.0,1.0,36.0,single_origin_clonal,0.08,168.0,G,A,60.0,moderately_conservative,PDB,7KIN,0.395,exposed,Single-origin (clonal inheritance only)
rpoC,c.-788T>C,rifampicin,Chromosome_762582_T_C,True,"Beta-prime subunit of RNA polymerase. Mutations here compensate for the conformational changes in the RNA polymerase complex caused by rpoB RRDR resistance mutations, restoring transcription efficiency.",Comas et al. 2012 Nat Genet; Muller et al. 2017,0.002296,0.028369,0.0809,2.5309575284219237e-06,3.383460708883156e-05,0.0788262370540851,-3.665180283853873,,,,False,1.776103336921421,False,0.6840063286490898,False,noncoding_upstream,1.0,1.0,33.0,single_origin_clonal,0.08,,,,,,,,,,Single-origin (clonal inheritance only)
gyrB,c.2007T>C,fluoroquinolones,Chromosome_7246_T_C,True,"DNA gyrase B subunit. gyrB mutations can compensate for the supercoiling defects caused by gyrA QRDR (Quinolone Resistance-Determining Region) primary resistance mutations, restoring adequate DNA replication efficiency.",Avalos Vizcaino et al.; Mayer & Fierer 2014,0.002296,0.028369,0.0809,2.5309575284219237e-06,3.383460708883156e-05,0.0788262370540851,-3.665180283853873,,,,False,1.6684607104413347,False,0.7068002625253008,False,synonymous,1.0,2.0,31.0,single_origin_clonal,0.074,,,,,,,,,,Single-origin (clonal inheritance only)
ahpC,c.372C>G,isoniazid,Chromosome_2726564_C_G,True,Alkyl hydroperoxide reductase. Upregulation compensates for the loss of KatG-mediated oxidative defence when katG is inactivated by INH-resistance mutations. Promoter mutations causing ahpC upregulation are the canonical compensatory mechanism for katG LoF.,Sherman et al. 1996; Heym et al. 1997,0.0,0.020263,0.0,3.156706619775904e-06,3.683081660041715e-05,0.0,-19.93156856932417,,,,False,1.3455328310010763,False,0.8280255127500844,False,synonymous,1.0,4.0,25.0,single_origin_clonal,0.09,,,,,,,,,,Single-origin (clonal inheritance only)
whiB7,c.-518C>A,multiple,Chromosome_3569197_G_T,True,"WhiB7 is a transcriptional activator of multiple intrinsic resistance mechanisms including eis (aminoglycoside), tap (efflux), and others. Mutations affecting whiB7 activity can modulate broad fitness costs of MDR. Emerging evidence for compensatory role in MDR-TB fitness restoration.",Burian et al. 2012; Larsson et al.,0.0,0.020263,0.0,3.156706619775904e-06,3.683081660041715e-05,0.0,-19.93156856932417,,,,False,1.1840688912809472,False,,False,noncoding_upstream,1.0,3.0,22.0,single_origin_clonal,undefined_dS_zero,,,,,,,,,,Single-origin (clonal inheritance only)
gyrB,c.1692A>G,fluoroquinolones,Chromosome_6931_A_G,True,"DNA gyrase B subunit. gyrB mutations can compensate for the supercoiling defects caused by gyrA QRDR (Quinolone Resistance-Determining Region) primary resistance mutations, restoring adequate DNA replication efficiency.",Avalos Vizcaino et al.; Mayer & Fierer 2014,0.0,0.020263,0.0,3.156706619775904e-06,3.683081660041715e-05,0.0,-19.93156856932417,,,,False,1.5069967707212055,False,0.8089106052688863,False,synonymous,1.0,3.0,28.0,single_origin_clonal,0.074,,,,,,,,,,Single-origin (clonal inheritance only)
rpoA,c.93C>T,rifampicin,Chromosome_3878415_G_A,True,Compensates transcriptional fitness cost of rpoB RRDR mutations. Mutations in the alpha subunit of RNA polymerase restore the binding geometry disrupted by rpoB resistance mutations.,Comas et al. 2012 Nat Genet; Gagneux et al.,0.002296,0.027356,0.0839,4.639048186425298e-06,5.1482646385166325e-05,0.0818309679069172,-3.6112092733693504,,,,False,1.5608180839612489,False,0.7068002625253008,False,synonymous,1.0,2.0,29.0,single_origin_clonal,0.055,,,,,,,,,,Single-origin (clonal inheritance only)
ndh,c.132G>C,isoniazid,Chromosome_2102911_C_G,True,"NADH dehydrogenase. Loss-of-function mutations raise the NADH/NAD+ ratio, which can compensate for INH-mediated inhibition of InhA (InhA requires NADH as cofactor). Not a direct resistance mutation but modulates the INH activation and target environment.",Miesel et al. 1998,0.002296,0.027356,0.0839,4.639048186425298e-06,5.1482646385166325e-05,0.0818309679069172,-3.6112092733693504,,,,False,1.6684607104413347,False,0.6840063286490898,False,synonymous,1.0,2.0,31.0,single_origin_clonal,0.102,,,,,,,,,,Single-origin (clonal inheritance only)
rpoC,c.75T>C,rifampicin,Chromosome_763444_T_C,True,"Beta-prime subunit of RNA polymerase. Mutations here compensate for the conformational changes in the RNA polymerase complex caused by rpoB RRDR resistance mutations, restoring transcription efficiency.",Comas et al. 2012 Nat Genet; Muller et al. 2017,0.002296,0.027356,0.0839,4.639048186425298e-06,5.1482646385166325e-05,0.0818309679069172,-3.6112092733693504,,,,False,1.9375672766415504,False,0.6736789959418252,False,synonymous,1.0,1.0,36.0,single_origin_clonal,0.08,,,,,,,,,,Single-origin (clonal inheritance only)
rpoC,c.2403C>G,rifampicin,Chromosome_765772_C_G,True,"Beta-prime subunit of RNA polymerase. Mutations here compensate for the conformational changes in the RNA polymerase complex caused by rpoB RRDR resistance mutations, restoring transcription efficiency.",Comas et al. 2012 Nat Genet; Muller et al. 2017,0.002296,0.027356,0.0839,4.639048186425298e-06,5.1482646385166325e-05,0.0818309679069172,-3.6112092733693504,,,,False,1.5608180839612489,False,0.7068002625253008,False,synonymous,1.0,2.0,29.0,single_origin_clonal,0.08,,,,,,,,,,Single-origin (clonal inheritance only)
rpoC,c.510A>G,rifampicin,Chromosome_763879_A_G,True,"Beta-prime subunit of RNA polymerase. Mutations here compensate for the conformational changes in the RNA polymerase complex caused by rpoB RRDR resistance mutations, restoring transcription efficiency.",Comas et al. 2012 Nat Genet; Muller et al. 2017,0.002296,0.027356,0.0839,4.639048186425298e-06,5.1482646385166325e-05,0.0818309679069172,-3.6112092733693504,,,,False,1.9375672766415504,False,0.6736789959418252,False,synonymous,1.0,1.0,36.0,single_origin_clonal,0.08,,,,,,,,,,Single-origin (clonal inheritance only)
whiB7,c.-571T>C,multiple,Chromosome_3569250_A_G,True,"WhiB7 is a transcriptional activator of multiple intrinsic resistance mechanisms including eis (aminoglycoside), tap (efflux), and others. Mutations affecting whiB7 activity can modulate broad fitness costs of MDR. Emerging evidence for compensatory role in MDR-TB fitness restoration.",Burian et al. 2012; Larsson et al.,0.001148,0.024316,0.0472,4.925337657383974e-06,5.22304695578585e-05,0.0461206896551724,-4.438442103613787,,,,False,1.4531754574811624,False,0.8720714052853945,False,noncoding_upstream,1.0,0.0,27.0,single_origin_clonal,undefined_dS_zero,,,,,,,,,,Single-origin (clonal inheritance only)
kasA,c.414C>G,isoniazid,Chromosome_2518528_C_G,True,Beta-ketoacyl ACP synthase involved in mycolic acid synthesis. Mutations here can partially compensate for inhA-mediated INH resistance by altering the flux through the FAS-II fatty acid synthesis pathway.,Mdluli et al. 1998,0.001148,0.024316,0.0472,4.925337657383974e-06,5.22304695578585e-05,0.0461206896551724,-4.438442103613787,,,,False,1.3993541442411197,False,0.8089106052688863,False,synonymous,1.0,1.0,26.0,single_origin_clonal,0.116,,,,,,,,,,Single-origin (clonal inheritance only)
kasA,p.Leu266Met,isoniazid,Chromosome_2518910_C_A,True,Beta-ketoacyl ACP synthase involved in mycolic acid synthesis. Mutations here can partially compensate for inhA-mediated INH resistance by altering the flux through the FAS-II fatty acid synthesis pathway.,Mdluli et al. 1998,0.001148,0.024316,0.0472,4.925337657383974e-06,5.22304695578585e-05,0.0461206896551724,-4.438442103613787,,,,False,1.7222820236813776,False,0.7068002625253008,False,nonsynonymous,1.0,0.0,32.0,single_origin_clonal,0.116,266.0,L,M,14.3,conservative,PDB,6P9K,0.006,buried,Single-origin (clonal inheritance only)
mmpL5,p.Leu858Phe,bedaquiline/clofazimine,Chromosome_775909_G_A,True,MmpL5 efflux pump structural component. Gain-of-function mutations that increase pump activity may compensate for BDQ/CFZ fitness costs in highly resistant strains. Borderline primary/compensatory — flag for manual review.,Andries et al.; Hartkoorn et al. 2014,0.001148,0.024316,0.0472,4.925337657383974e-06,5.22304695578585e-05,0.0461206896551724,-4.438442103613787,,,,False,1.6684607104413347,False,0.7531078554279901,False,nonsynonymous,1.0,1.0,31.0,single_origin_clonal,0.305,858.0,L,F,21.8,conservative,PDB,8ZKP,0.054,buried,Single-origin (clonal inheritance only)
ndh,c.1071G>C,isoniazid,Chromosome_2101972_C_G,True,"NADH dehydrogenase. Loss-of-function mutations raise the NADH/NAD+ ratio, which can compensate for INH-mediated inhibition of InhA (InhA requires NADH as cofactor). Not a direct resistance mutation but modulates the INH activation and target environment.",Miesel et al. 1998,0.001148,0.024316,0.0472,4.925337657383974e-06,5.22304695578585e-05,0.0461206896551724,-4.438442103613787,,,,False,1.5069967707212055,False,0.8280255127500844,False,synonymous,1.0,0.0,28.0,single_origin_clonal,0.102,,,,,,,,,,Single-origin (clonal inheritance only)
ndh,c.1266C>G,isoniazid,Chromosome_2101777_G_C,True,"NADH dehydrogenase. Loss-of-function mutations raise the NADH/NAD+ ratio, which can compensate for INH-mediated inhibition of InhA (InhA requires NADH as cofactor). Not a direct resistance mutation but modulates the INH activation and target environment.",Miesel et al. 1998,0.001148,0.024316,0.0472,4.925337657383974e-06,5.22304695578585e-05,0.0461206896551724,-4.438442103613787,,,,False,1.4531754574811624,False,0.8720714052853945,False,synonymous,1.0,0.0,27.0,single_origin_clonal,0.102,,,,,,,,,,Single-origin (clonal inheritance only)
kasA,p.Ser26Ala,isoniazid,Chromosome_2518190_T_G,True,Beta-ketoacyl ACP synthase involved in mycolic acid synthesis. Mutations here can partially compensate for inhA-mediated INH resistance by altering the flux through the FAS-II fatty acid synthesis pathway.,Mdluli et al. 1998,0.001148,0.024316,0.0472,4.925337657383974e-06,5.22304695578585e-05,0.0461206896551724,-4.438442103613787,,,,False,1.3455328310010763,False,0.8280255127500844,False,nonsynonymous,1.0,2.0,25.0,single_origin_clonal,0.116,26.0,S,A,99.1,moderately_conservative,PDB,6P9K,0.0,buried,Single-origin (clonal inheritance only)
kasA,c.348A>C,isoniazid,Chromosome_2518462_A_C,True,Beta-ketoacyl ACP synthase involved in mycolic acid synthesis. Mutations here can partially compensate for inhA-mediated INH resistance by altering the flux through the FAS-II fatty acid synthesis pathway.,Mdluli et al. 1998,0.001148,0.024316,0.0472,4.925337657383974e-06,5.22304695578585e-05,0.0461206896551724,-4.438442103613787,,,,False,1.5608180839612489,False,0.8089106052688863,False,synonymous,1.0,0.0,29.0,single_origin_clonal,0.116,,,,,,,,,,Single-origin (clonal inheritance only)
ndh,c.1053G>C,isoniazid,Chromosome_2101990_C_G,True,"NADH dehydrogenase. Loss-of-function mutations raise the NADH/NAD+ ratio, which can compensate for INH-mediated inhibition of InhA (InhA requires NADH as cofactor). Not a direct resistance mutation but modulates the INH activation and target environment.",Miesel et al. 1998,0.001148,0.024316,0.0472,4.925337657383974e-06,5.22304695578585e-05,0.0461206896551724,-4.438442103613787,,,,False,1.3993541442411197,False,0.8280255127500844,False,synonymous,1.0,2.0,26.0,single_origin_clonal,0.102,,,,,,,,,,Single-origin (clonal inheritance only)
whiB7,c.-589C>G,multiple,Chromosome_3569268_G_C,True,"WhiB7 is a transcriptional activator of multiple intrinsic resistance mechanisms including eis (aminoglycoside), tap (efflux), and others. Mutations affecting whiB7 activity can modulate broad fitness costs of MDR. Emerging evidence for compensatory role in MDR-TB fitness restoration.",Burian et al. 2012; Larsson et al.,0.0,0.01925,0.0,6.057525430229788e-06,5.9847849592249584e-05,0.0,-19.93156856932417,,,,False,1.1302475780409045,False,0.9346571892880828,False,noncoding_upstream,1.0,0.0,21.0,single_origin_clonal,undefined_dS_zero,,,,,,,,,,Single-origin (clonal inheritance only)
kasA,c.600A>C,isoniazid,Chromosome_2518714_A_C,True,Beta-ketoacyl ACP synthase involved in mycolic acid synthesis. Mutations here can partially compensate for inhA-mediated INH resistance by altering the flux through the FAS-II fatty acid synthesis pathway.,Mdluli et al. 1998,0.0,0.01925,0.0,6.057525430229788e-06,5.9847849592249584e-05,0.0,-19.93156856932417,,,,False,1.6146393972012916,False,0.7068002625253008,False,synonymous,1.0,3.0,30.0,single_origin_clonal,0.116,,,,,,,,,,Single-origin (clonal inheritance only)
kasA,c.120G>A,isoniazid,Chromosome_2518234_G_A,True,Beta-ketoacyl ACP synthase involved in mycolic acid synthesis. Mutations here can partially compensate for inhA-mediated INH resistance by altering the flux through the FAS-II fatty acid synthesis pathway.,Mdluli et al. 1998,0.002296,0.026342,0.0872,8.490933624405117e-06,8.087571907317609e-05,0.0850668319022749,-3.555259464181742,,,,False,1.5608180839612489,False,0.7068002625253008,False,synonymous,1.0,2.0,29.0,single_origin_clonal,0.116,,,,,,,,,,Single-origin (clonal inheritance only)
kasA,c.784T>C,isoniazid,Chromosome_2518898_T_C,True,Beta-ketoacyl ACP synthase involved in mycolic acid synthesis. Mutations here can partially compensate for inhA-mediated INH resistance by altering the flux through the FAS-II fatty acid synthesis pathway.,Mdluli et al. 1998,0.002296,0.026342,0.0872,8.490933624405117e-06,8.087571907317609e-05,0.0850668319022749,-3.555259464181742,,,,False,1.5069967707212055,False,0.7068002625253008,False,synonymous,1.0,3.0,28.0,single_origin_clonal,0.116,,,,,,,,,,Single-origin (clonal inheritance only)
ndh,c.1017G>C,isoniazid,Chromosome_2102026_C_G,True,"NADH dehydrogenase. Loss-of-function mutations raise the NADH/NAD+ ratio, which can compensate for INH-mediated inhibition of InhA (InhA requires NADH as cofactor). Not a direct resistance mutation but modulates the INH activation and target environment.",Miesel et al. 1998,0.001148,0.023303,0.0493,9.365633110517814e-06,8.57827278376027e-05,0.048175912043978,-4.375544210563142,,,,False,1.4531754574811624,False,0.8280255127500844,False,synonymous,1.0,1.0,27.0,single_origin_clonal,0.102,,,,,,,,,,Single-origin (clonal inheritance only)
gyrB,c.1311A>G,fluoroquinolones,Chromosome_6550_A_G,True,"DNA gyrase B subunit. gyrB mutations can compensate for the supercoiling defects caused by gyrA QRDR (Quinolone Resistance-Determining Region) primary resistance mutations, restoring adequate DNA replication efficiency.",Avalos Vizcaino et al.; Mayer & Fierer 2014,0.001148,0.023303,0.0493,9.365633110517814e-06,8.57827278376027e-05,0.048175912043978,-4.375544210563142,,,,False,1.7222820236813776,False,0.6736789959418252,False,synonymous,1.0,3.0,32.0,single_origin_clonal,0.074,,,,,,,,,,Single-origin (clonal inheritance only)
kasA,p.Tyr394Phe,isoniazid,Chromosome_2519295_A_T,True,Beta-ketoacyl ACP synthase involved in mycolic acid synthesis. Mutations here can partially compensate for inhA-mediated INH resistance by altering the flux through the FAS-II fatty acid synthesis pathway.,Mdluli et al. 1998,0.001148,0.023303,0.0493,9.365633110517814e-06,8.57827278376027e-05,0.048175912043978,-4.375544210563142,,,,False,1.2917115177610334,False,0.8720714052853945,False,nonsynonymous,1.0,1.0,24.0,single_origin_clonal,0.116,394.0,Y,F,21.6,conservative,PDB,6P9K,0.005,buried,Single-origin (clonal inheritance only)
kasA,c.1023T>G,isoniazid,Chromosome_2519137_T_G,True,Beta-ketoacyl ACP synthase involved in mycolic acid synthesis. Mutations here can partially compensate for inhA-mediated INH resistance by altering the flux through the FAS-II fatty acid synthesis pathway.,Mdluli et al. 1998,0.001148,0.023303,0.0493,9.365633110517814e-06,8.57827278376027e-05,0.048175912043978,-4.375544210563142,,,,False,1.6146393972012916,False,0.6743032395683798,False,synonymous,1.0,4.0,30.0,single_origin_clonal,0.116,,,,,,,,,,Single-origin (clonal inheritance only)
ndh,p.Ile405Val,isoniazid,Chromosome_2101830_T_C,True,"NADH dehydrogenase. Loss-of-function mutations raise the NADH/NAD+ ratio, which can compensate for INH-mediated inhibition of InhA (InhA requires NADH as cofactor). Not a direct resistance mutation but modulates the INH activation and target environment.",Miesel et al. 1998,0.001148,0.023303,0.0493,9.365633110517814e-06,8.57827278376027e-05,0.048175912043978,-4.375544210563142,,,,False,1.4531754574811624,False,0.8720714052853945,False,nonsynonymous,1.0,0.0,27.0,single_origin_clonal,0.102,405.0,I,V,29.6,conservative,AlphaFold,P95160,0.211,partially_buried,Single-origin (clonal inheritance only)
kasA,c.828T>C,isoniazid,Chromosome_2518942_T_C,True,Beta-ketoacyl ACP synthase involved in mycolic acid synthesis. Mutations here can partially compensate for inhA-mediated INH resistance by altering the flux through the FAS-II fatty acid synthesis pathway.,Mdluli et al. 1998,0.001148,0.023303,0.0493,9.365633110517814e-06,8.57827278376027e-05,0.048175912043978,-4.375544210563142,,,,False,1.5069967707212055,False,0.7922971278529128,False,synonymous,1.0,2.0,28.0,single_origin_clonal,0.116,,,,,,,,,,Single-origin (clonal inheritance only)
kasA,c.465T>C,isoniazid,Chromosome_2518579_T_C,True,Beta-ketoacyl ACP synthase involved in mycolic acid synthesis. Mutations here can partially compensate for inhA-mediated INH resistance by altering the flux through the FAS-II fatty acid synthesis pathway.,Mdluli et al. 1998,0.001148,0.023303,0.0493,9.365633110517814e-06,8.57827278376027e-05,0.048175912043978,-4.375544210563142,,,,False,1.3455328310010763,False,0.8089106052688863,False,synonymous,1.0,3.0,25.0,single_origin_clonal,0.116,,,,,,,,,,Single-origin (clonal inheritance only)
rpoC,c.2934C>T,rifampicin,Chromosome_766303_C_T,True,"Beta-prime subunit of RNA polymerase. Mutations here compensate for the conformational changes in the RNA polymerase complex caused by rpoB RRDR resistance mutations, restoring transcription efficiency.",Comas et al. 2012 Nat Genet; Muller et al. 2017,0.001148,0.023303,0.0493,9.365633110517814e-06,8.57827278376027e-05,0.048175912043978,-4.375544210563142,,,,False,1.2917115177610334,False,0.8720714052853945,False,synonymous,1.0,1.0,24.0,single_origin_clonal,0.08,,,,,,,,,,Single-origin (clonal inheritance only)
kasA,c.1152C>T,isoniazid,Chromosome_2519266_C_T,True,Beta-ketoacyl ACP synthase involved in mycolic acid synthesis. Mutations here can partially compensate for inhA-mediated INH resistance by altering the flux through the FAS-II fatty acid synthesis pathway.,Mdluli et al. 1998,0.001148,0.023303,0.0493,9.365633110517814e-06,8.57827278376027e-05,0.048175912043978,-4.375544210563142,,,,False,1.4531754574811624,False,0.8280255127500844,False,synonymous,1.0,1.0,27.0,single_origin_clonal,0.116,,,,,,,,,,Single-origin (clonal inheritance only)
kasA,c.1173T>C,isoniazid,Chromosome_2519287_T_C,True,Beta-ketoacyl ACP synthase involved in mycolic acid synthesis. Mutations here can partially compensate for inhA-mediated INH resistance by altering the flux through the FAS-II fatty acid synthesis pathway.,Mdluli et al. 1998,0.001148,0.023303,0.0493,9.365633110517814e-06,8.57827278376027e-05,0.048175912043978,-4.375544210563142,,,,False,1.3455328310010763,False,0.8280255127500844,False,synonymous,1.0,1.0,25.0,single_origin_clonal,0.116,,,,,,,,,,Single-origin (clonal inheritance only)
kasA,c.825T>C,isoniazid,Chromosome_2518939_T_C,True,Beta-ketoacyl ACP synthase involved in mycolic acid synthesis. Mutations here can partially compensate for inhA-mediated INH resistance by altering the flux through the FAS-II fatty acid synthesis pathway.,Mdluli et al. 1998,0.001148,0.023303,0.0493,9.365633110517814e-06,8.57827278376027e-05,0.048175912043978,-4.375544210563142,,,,False,1.5069967707212055,False,0.7922971278529128,False,synonymous,1.0,2.0,28.0,single_origin_clonal,0.116,,,,,,,,,,Single-origin (clonal inheritance only)
gyrB,c.1506T>C,fluoroquinolones,Chromosome_6745_T_C,True,"DNA gyrase B subunit. gyrB mutations can compensate for the supercoiling defects caused by gyrA QRDR (Quinolone Resistance-Determining Region) primary resistance mutations, restoring adequate DNA replication efficiency.",Avalos Vizcaino et al.; Mayer & Fierer 2014,0.001148,0.023303,0.0493,9.365633110517814e-06,8.57827278376027e-05,0.048175912043978,-4.375544210563142,,,,False,1.9375672766415504,False,0.6736789959418252,False,synonymous,1.0,1.0,36.0,single_origin_clonal,0.074,,,,,,,,,,Single-origin (clonal inheritance only)
ahpC,p.Glu42Asp,isoniazid,Chromosome_2726318_A_C,True,Alkyl hydroperoxide reductase. Upregulation compensates for the loss of KatG-mediated oxidative defence when katG is inactivated by INH-resistance mutations. Promoter mutations causing ahpC upregulation are the canonical compensatory mechanism for katG LoF.,Sherman et al. 1996; Heym et al. 1997,0.001148,0.023303,0.0493,9.365633110517814e-06,8.57827278376027e-05,0.048175912043978,-4.375544210563142,,,,False,1.5608180839612489,False,0.8089106052688863,False,nonsynonymous,1.0,0.0,29.0,single_origin_clonal,0.09,42.0,E,D,44.6,conservative,PDB,2BMX,0.135,partially_buried,Single-origin (clonal inheritance only)
ndh,c.1020G>C,isoniazid,Chromosome_2102023_C_G,True,"NADH dehydrogenase. Loss-of-function mutations raise the NADH/NAD+ ratio, which can compensate for INH-mediated inhibition of InhA (InhA requires NADH as cofactor). Not a direct resistance mutation but modulates the INH activation and target environment.",Miesel et al. 1998,0.001148,0.023303,0.0493,9.365633110517814e-06,8.57827278376027e-05,0.048175912043978,-4.375544210563142,,,,False,1.3993541442411197,False,0.8280255127500844,False,synonymous,1.0,1.0,26.0,single_origin_clonal,0.102,,,,,,,,,,Single-origin (clonal inheritance only)
gyrB,c.610C>T,fluoroquinolones,Chromosome_5849_C_T,True,"DNA gyrase B subunit. gyrB mutations can compensate for the supercoiling defects caused by gyrA QRDR (Quinolone Resistance-Determining Region) primary resistance mutations, restoring adequate DNA replication efficiency.",Avalos Vizcaino et al.; Mayer & Fierer 2014,0.0,0.018237,0.0,1.1632651366829169e-05,9.983995022033956e-05,0.0,-19.93156856932417,,,,False,1.1302475780409045,False,0.9346571892880828,False,synonymous,1.0,0.0,21.0,single_origin_clonal,0.074,,,,,,,,,,Single-origin (clonal inheritance only)
rpoA,c.-469A>G,rifampicin,Chromosome_3878976_T_C,True,Compensates transcriptional fitness cost of rpoB RRDR mutations. Mutations in the alpha subunit of RNA polymerase restore the binding geometry disrupted by rpoB resistance mutations.,Comas et al. 2012 Nat Genet; Gagneux et al.,0.0,0.018237,0.0,1.1632651366829169e-05,9.983995022033956e-05,0.0,-19.93156856932417,,,,False,1.829924650161464,False,0.6743032395683798,False,noncoding_upstream,1.0,3.0,34.0,single_origin_clonal,0.055,,,,,,,,,,Single-origin (clonal inheritance only)
gid,p.Val184Ala,streptomycin,Chromosome_4407652_A_G,True,"Glucose-inhibited division protein A. Mutations in gid reduce streptomycin binding through 16S rRNA methylation changes, compensating for the ribosomal fitness defects caused by primary rpsL and rrs resistance mutations.",Nair et al. 1993; Spies et al.,0.0,0.018237,0.0,1.1632651366829169e-05,9.983995022033956e-05,0.0,-19.93156856932417,,,,False,1.1302475780409045,False,0.9346571892880828,False,nonsynonymous,1.0,0.0,21.0,single_origin_clonal,0.722,184.0,V,A,64.4,moderately_conservative,PDB,7CFE,0.229,partially_buried,Single-origin (clonal inheritance only)
ndh,c.1311T>C,isoniazid,Chromosome_2101732_A_G,True,"NADH dehydrogenase. Loss-of-function mutations raise the NADH/NAD+ ratio, which can compensate for INH-mediated inhibition of InhA (InhA requires NADH as cofactor). Not a direct resistance mutation but modulates the INH activation and target environment.",Miesel et al. 1998,0.0,0.018237,0.0,1.1632651366829169e-05,9.983995022033956e-05,0.0,-19.93156856932417,,,,False,1.3993541442411197,False,0.8720714052853945,False,synonymous,1.0,1.0,26.0,single_origin_clonal,0.102,,,,,,,,,,Single-origin (clonal inheritance only)
gyrB,c.549G>C,fluoroquinolones,Chromosome_5788_G_C,True,"DNA gyrase B subunit. gyrB mutations can compensate for the supercoiling defects caused by gyrA QRDR (Quinolone Resistance-Determining Region) primary resistance mutations, restoring adequate DNA replication efficiency.",Avalos Vizcaino et al.; Mayer & Fierer 2014,0.0,0.018237,0.0,1.1632651366829169e-05,9.983995022033956e-05,0.0,-19.93156856932417,,,,False,1.1840688912809472,False,0.9346571892880828,False,synonymous,1.0,2.0,22.0,single_origin_clonal,0.074,,,,,,,,,,Single-origin (clonal inheritance only)
gyrB,c.1041T>C,fluoroquinolones,Chromosome_6280_T_C,True,"DNA gyrase B subunit. gyrB mutations can compensate for the supercoiling defects caused by gyrA QRDR (Quinolone Resistance-Determining Region) primary resistance mutations, restoring adequate DNA replication efficiency.",Avalos Vizcaino et al.; Mayer & Fierer 2014,0.002296,0.025329,0.0907,1.5515629103376702e-05,0.0001303531374671,0.0885615650172612,-3.497175472819083,,,,False,1.6146393972012916,False,0.7068002625253008,False,synonymous,1.0,2.0,30.0,single_origin_clonal,0.074,,,,,,,,,,Single-origin (clonal inheritance only)
rpoA,c.123C>G,rifampicin,Chromosome_3878385_G_C,True,Compensates transcriptional fitness cost of rpoB RRDR mutations. Mutations in the alpha subunit of RNA polymerase restore the binding geometry disrupted by rpoB resistance mutations.,Comas et al. 2012 Nat Genet; Gagneux et al.,0.002296,0.025329,0.0907,1.5515629103376702e-05,0.0001303531374671,0.0885615650172612,-3.497175472819083,,,,False,1.5069967707212055,False,0.7531078554279901,False,synonymous,1.0,3.0,28.0,single_origin_clonal,0.055,,,,,,,,,,Single-origin (clonal inheritance only)
kasA,c.1158C>G,isoniazid,Chromosome_2519272_C_G,True,Beta-ketoacyl ACP synthase involved in mycolic acid synthesis. Mutations here can partially compensate for inhA-mediated INH resistance by altering the flux through the FAS-II fatty acid synthesis pathway.,Mdluli et al. 1998,0.001148,0.02229,0.0515,1.7788335691259193e-05,0.0001471160102576,0.0504179728317659,-4.3099180772179455,,,,False,1.5069967707212055,False,0.8280255127500844,False,synonymous,1.0,0.0,28.0,single_origin_clonal,0.116,,,,,,,,,,Single-origin (clonal inheritance only)
kasA,c.1167G>T,isoniazid,Chromosome_2519281_G_T,True,Beta-ketoacyl ACP synthase involved in mycolic acid synthesis. Mutations here can partially compensate for inhA-mediated INH resistance by altering the flux through the FAS-II fatty acid synthesis pathway.,Mdluli et al. 1998,0.001148,0.02229,0.0515,1.7788335691259193e-05,0.0001471160102576,0.0504179728317659,-4.3099180772179455,,,,False,1.5069967707212055,False,0.8280255127500844,False,synonymous,1.0,0.0,28.0,single_origin_clonal,0.116,,,,,,,,,,Single-origin (clonal inheritance only)
ndh,c.1123A>C,isoniazid,Chromosome_2101920_T_G,True,"NADH dehydrogenase. Loss-of-function mutations raise the NADH/NAD+ ratio, which can compensate for INH-mediated inhibition of InhA (InhA requires NADH as cofactor). Not a direct resistance mutation but modulates the INH activation and target environment.",Miesel et al. 1998,0.001148,0.02229,0.0515,1.7788335691259193e-05,0.0001471160102576,0.0504179728317659,-4.3099180772179455,,,,False,1.5069967707212055,False,0.8280255127500844,False,synonymous,1.0,1.0,28.0,single_origin_clonal,0.102,,,,,,,,,,Single-origin (clonal inheritance only)
mmpL5,p.Lys152Asn,bedaquiline/clofazimine,Chromosome_778025_T_G,True,MmpL5 efflux pump structural component. Gain-of-function mutations that increase pump activity may compensate for BDQ/CFZ fitness costs in highly resistant strains. Borderline primary/compensatory — flag for manual review.,Andries et al.; Hartkoorn et al. 2014,0.0,0.017224,0.0,2.235850396297177e-05,0.000174337877306,0.0,-19.93156856932417,,,,False,1.3993541442411197,False,0.7922971278529128,False,nonsynonymous,1.0,4.0,26.0,single_origin_clonal,0.305,152.0,K,N,93.9,moderately_conservative,PDB,8ZKP,0.087,buried,Single-origin (clonal inheritance only)
rpoA,c.321C>G,rifampicin,Chromosome_3878187_G_C,True,Compensates transcriptional fitness cost of rpoB RRDR mutations. Mutations in the alpha subunit of RNA polymerase restore the binding geometry disrupted by rpoB resistance mutations.,Comas et al. 2012 Nat Genet; Gagneux et al.,0.002296,0.024316,0.0944,2.829821593626717e-05,0.0002167561580222,0.0923475258918297,-3.436782879692097,,,,False,1.4531754574811624,False,0.7922971278529128,False,synonymous,1.0,4.0,27.0,single_origin_clonal,0.055,,,,,,,,,,Single-origin (clonal inheritance only)
ndh,c.510A>G,isoniazid,Chromosome_2102533_T_C,True,"NADH dehydrogenase. Loss-of-function mutations raise the NADH/NAD+ ratio, which can compensate for INH-mediated inhibition of InhA (InhA requires NADH as cofactor). Not a direct resistance mutation but modulates the INH activation and target environment.",Miesel et al. 1998,0.001148,0.020263,0.0567,3.3369924992747835e-05,0.0002469129633452,0.0555747126436781,-4.169427606146612,,,,False,1.3993541442411197,False,0.8720714052853945,False,synonymous,1.0,1.0,26.0,single_origin_clonal,0.102,,,,,,,,,,Single-origin (clonal inheritance only)
rpoC,c.2889T>C,rifampicin,Chromosome_766258_T_C,True,"Beta-prime subunit of RNA polymerase. Mutations here compensate for the conformational changes in the RNA polymerase complex caused by rpoB RRDR resistance mutations, restoring transcription efficiency.",Comas et al. 2012 Nat Genet; Muller et al. 2017,0.001148,0.020263,0.0567,3.3369924992747835e-05,0.0002469129633452,0.0555747126436781,-4.169427606146612,,,,False,1.1302475780409045,False,0.8720714052853945,False,synonymous,1.0,1.0,21.0,single_origin_clonal,0.08,,,,,,,,,,Single-origin (clonal inheritance only)
kasA,c.369C>G,isoniazid,Chromosome_2518483_C_G,True,Beta-ketoacyl ACP synthase involved in mycolic acid synthesis. Mutations here can partially compensate for inhA-mediated INH resistance by altering the flux through the FAS-II fatty acid synthesis pathway.,Mdluli et al. 1998,0.001148,0.020263,0.0567,3.3369924992747835e-05,0.0002469129633452,0.0555747126436781,-4.169427606146612,,,,False,1.1840688912809472,False,0.8720714052853945,False,synonymous,1.0,0.0,22.0,single_origin_clonal,0.116,,,,,,,,,,Single-origin (clonal inheritance only)
ndh,c.546T>C,isoniazid,Chromosome_2102497_A_G,True,"NADH dehydrogenase. Loss-of-function mutations raise the NADH/NAD+ ratio, which can compensate for INH-mediated inhibition of InhA (InhA requires NADH as cofactor). Not a direct resistance mutation but modulates the INH activation and target environment.",Miesel et al. 1998,0.001148,0.021277,0.054,3.373580303878289e-05,0.0002469129633452,0.0528735632183908,-4.2413096346790775,,,,False,1.3455328310010763,False,0.8720714052853945,False,synonymous,1.0,0.0,25.0,single_origin_clonal,0.102,,,,,,,,,,Single-origin (clonal inheritance only)
ndh,p.Asp37Asn,isoniazid,Chromosome_2102934_C_T,True,"NADH dehydrogenase. Loss-of-function mutations raise the NADH/NAD+ ratio, which can compensate for INH-mediated inhibition of InhA (InhA requires NADH as cofactor). Not a direct resistance mutation but modulates the INH activation and target environment.",Miesel et al. 1998,0.001148,0.020263,0.0567,3.3369924992747835e-05,0.0002469129633452,0.0555747126436781,-4.169427606146612,,,,False,1.1840688912809472,False,0.8720714052853945,False,nonsynonymous,1.0,0.0,22.0,single_origin_clonal,0.102,37.0,D,N,23.0,conservative,AlphaFold,P95160,0.541,exposed,Single-origin (clonal inheritance only)
rpoC,c.2259G>C,rifampicin,Chromosome_765628_G_C,True,"Beta-prime subunit of RNA polymerase. Mutations here compensate for the conformational changes in the RNA polymerase complex caused by rpoB RRDR resistance mutations, restoring transcription efficiency.",Comas et al. 2012 Nat Genet; Muller et al. 2017,0.001148,0.020263,0.0567,3.3369924992747835e-05,0.0002469129633452,0.0555747126436781,-4.169427606146612,,,,False,1.1302475780409045,False,0.8280255127500844,False,synonymous,1.0,4.0,21.0,single_origin_clonal,0.08,,,,,,,,,,Single-origin (clonal inheritance only)
ndh,c.1077T>G,isoniazid,Chromosome_2101966_A_C,True,"NADH dehydrogenase. Loss-of-function mutations raise the NADH/NAD+ ratio, which can compensate for INH-mediated inhibition of InhA (InhA requires NADH as cofactor). Not a direct resistance mutation but modulates the INH activation and target environment.",Miesel et al. 1998,0.001148,0.021277,0.054,3.373580303878289e-05,0.0002469129633452,0.0528735632183908,-4.2413096346790775,,,,False,1.2917115177610334,False,0.8280255127500844,False,synonymous,1.0,2.0,24.0,single_origin_clonal,0.102,,,,,,,,,,Single-origin (clonal inheritance only)
rpoA,c.1026C>G,rifampicin,Chromosome_3877482_G_C,True,Compensates transcriptional fitness cost of rpoB RRDR mutations. Mutations in the alpha subunit of RNA polymerase restore the binding geometry disrupted by rpoB resistance mutations.,Comas et al. 2012 Nat Genet; Gagneux et al.,0.001148,0.021277,0.054,3.373580303878289e-05,0.0002469129633452,0.0528735632183908,-4.2413096346790775,,,,False,1.3455328310010763,False,0.9346571892880828,False,synonymous,1.0,2.0,25.0,single_origin_clonal,0.055,,,,,,,,,,Single-origin (clonal inheritance only)
kasA,c.354A>C,isoniazid,Chromosome_2518468_A_C,True,Beta-ketoacyl ACP synthase involved in mycolic acid synthesis. Mutations here can partially compensate for inhA-mediated INH resistance by altering the flux through the FAS-II fatty acid synthesis pathway.,Mdluli et al. 1998,0.001148,0.021277,0.054,3.373580303878289e-05,0.0002469129633452,0.0528735632183908,-4.2413096346790775,,,,False,1.5608180839612489,False,0.8089106052688863,False,synonymous,1.0,0.0,29.0,single_origin_clonal,0.116,,,,,,,,,,Single-origin (clonal inheritance only)
gyrB,c.1854T>C,fluoroquinolones,Chromosome_7093_T_C,True,"DNA gyrase B subunit. gyrB mutations can compensate for the supercoiling defects caused by gyrA QRDR (Quinolone Resistance-Determining Region) primary resistance mutations, restoring adequate DNA replication efficiency.",Avalos Vizcaino et al.; Mayer & Fierer 2014,0.001148,0.021277,0.054,3.373580303878289e-05,0.0002469129633452,0.0528735632183908,-4.2413096346790775,,,,False,1.883745963401507,False,0.6736789959418252,False,synonymous,1.0,2.0,35.0,single_origin_clonal,0.074,,,,,,,,,,Single-origin (clonal inheritance only)
ahpC,p.Asp41Glu,isoniazid,Chromosome_2726315_C_G,True,Alkyl hydroperoxide reductase. Upregulation compensates for the loss of KatG-mediated oxidative defence when katG is inactivated by INH-resistance mutations. Promoter mutations causing ahpC upregulation are the canonical compensatory mechanism for katG LoF.,Sherman et al. 1996; Heym et al. 1997,0.001148,0.020263,0.0567,3.3369924992747835e-05,0.0002469129633452,0.0555747126436781,-4.169427606146612,,,,False,1.2917115177610334,False,0.8720714052853945,False,nonsynonymous,1.0,1.0,24.0,single_origin_clonal,0.09,41.0,D,E,44.6,conservative,PDB,2BMX,0.457,exposed,Single-origin (clonal inheritance only)
ndh,p.Leu239Met,isoniazid,Chromosome_2102328_G_T,True,"NADH dehydrogenase. Loss-of-function mutations raise the NADH/NAD+ ratio, which can compensate for INH-mediated inhibition of InhA (InhA requires NADH as cofactor). Not a direct resistance mutation but modulates the INH activation and target environment.",Miesel et al. 1998,0.001148,0.020263,0.0567,3.3369924992747835e-05,0.0002469129633452,0.0555747126436781,-4.169427606146612,,,,False,1.3993541442411197,False,0.8089106052688863,False,nonsynonymous,1.0,2.0,26.0,single_origin_clonal,0.102,239.0,L,M,14.3,conservative,AlphaFold,P95160,0.192,partially_buried,Single-origin (clonal inheritance only)
ahpC,c.525A>G,isoniazid,Chromosome_2726717_A_G,True,Alkyl hydroperoxide reductase. Upregulation compensates for the loss of KatG-mediated oxidative defence when katG is inactivated by INH-resistance mutations. Promoter mutations causing ahpC upregulation are the canonical compensatory mechanism for katG LoF.,Sherman et al. 1996; Heym et al. 1997,0.001148,0.020263,0.0567,3.3369924992747835e-05,0.0002469129633452,0.0555747126436781,-4.169427606146612,,,,False,1.829924650161464,False,0.6743032395683798,False,synonymous,1.0,3.0,34.0,single_origin_clonal,0.09,,,,,,,,,,Single-origin (clonal inheritance only)
rpoC,c.-819C>G,rifampicin,Chromosome_762551_C_T,True,"Beta-prime subunit of RNA polymerase. Mutations here compensate for the conformational changes in the RNA polymerase complex caused by rpoB RRDR resistance mutations, restoring transcription efficiency.",Comas et al. 2012 Nat Genet; Muller et al. 2017,0.0,0.016211,0.0,4.30179592736006e-05,0.0002988088815918,0.0,-19.93156856932417,,,,False,1.9375672766415504,False,0.6736789959418252,False,noncoding_upstream,1.0,1.0,36.0,single_origin_clonal,0.08,,,,,,,,,,Single-origin (clonal inheritance only)
ndh,c.706T>C,isoniazid,Chromosome_2102337_A_G,True,"NADH dehydrogenase. Loss-of-function mutations raise the NADH/NAD+ ratio, which can compensate for INH-mediated inhibition of InhA (InhA requires NADH as cofactor). Not a direct resistance mutation but modulates the INH activation and target environment.",Miesel et al. 1998,0.0,0.016211,0.0,4.30179592736006e-05,0.0002988088815918,0.0,-19.93156856932417,,,,False,1.3455328310010763,False,0.8720714052853945,False,synonymous,1.0,3.0,25.0,single_origin_clonal,0.102,,,,,,,,,,Single-origin (clonal inheritance only)
rpoA,c.1005G>C,rifampicin,Chromosome_3877503_C_G,True,Compensates transcriptional fitness cost of rpoB RRDR mutations. Mutations in the alpha subunit of RNA polymerase restore the binding geometry disrupted by rpoB resistance mutations.,Comas et al. 2012 Nat Genet; Gagneux et al.,0.0,0.016211,0.0,4.30179592736006e-05,0.0002988088815918,0.0,-19.93156856932417,,,,False,1.5069967707212055,False,0.8280255127500844,False,synonymous,1.0,0.0,28.0,single_origin_clonal,0.055,,,,,,,,,,Single-origin (clonal inheritance only)
ndh,p.Val176Ile,isoniazid,Chromosome_2102517_C_T,True,"NADH dehydrogenase. Loss-of-function mutations raise the NADH/NAD+ ratio, which can compensate for INH-mediated inhibition of InhA (InhA requires NADH as cofactor). Not a direct resistance mutation but modulates the INH activation and target environment.",Miesel et al. 1998,0.001148,0.01925,0.0596,6.117308282885352e-05,0.0004094220915277,0.0585601935874168,-4.093935866905081,,,,False,1.2917115177610334,False,0.8720714052853945,False,nonsynonymous,1.0,1.0,24.0,single_origin_clonal,0.102,176.0,V,I,29.6,conservative,AlphaFold,P95160,0.056,buried,Single-origin (clonal inheritance only)
ndh,p.Thr412Ser,isoniazid,Chromosome_2101808_G_C,True,"NADH dehydrogenase. Loss-of-function mutations raise the NADH/NAD+ ratio, which can compensate for INH-mediated inhibition of InhA (InhA requires NADH as cofactor). Not a direct resistance mutation but modulates the INH activation and target environment.",Miesel et al. 1998,0.001148,0.01925,0.0596,6.117308282885352e-05,0.0004094220915277,0.0585601935874168,-4.093935866905081,,,,False,1.3455328310010763,False,0.8720714052853945,False,nonsynonymous,1.0,0.0,25.0,single_origin_clonal,0.102,412.0,T,S,57.7,moderately_conservative,AlphaFold,P95160,0.262,exposed,Single-origin (clonal inheritance only)
ahpC,c.195C>T,isoniazid,Chromosome_2726387_C_T,True,Alkyl hydroperoxide reductase. Upregulation compensates for the loss of KatG-mediated oxidative defence when katG is inactivated by INH-resistance mutations. Promoter mutations causing ahpC upregulation are the canonical compensatory mechanism for katG LoF.,Sherman et al. 1996; Heym et al. 1997,0.001148,0.01925,0.0596,6.117308282885352e-05,0.0004094220915277,0.0585601935874168,-4.093935866905081,,,,False,1.1840688912809472,False,0.8720714052853945,False,synonymous,1.0,0.0,22.0,single_origin_clonal,0.09,,,,,,,,,,Single-origin (clonal inheritance only)
rpoC,c.-819C>T,rifampicin,Chromosome_762551_C_T,True,"Beta-prime subunit of RNA polymerase. Mutations here compensate for the conformational changes in the RNA polymerase complex caused by rpoB RRDR resistance mutations, restoring transcription efficiency.",Comas et al. 2012 Nat Genet; Muller et al. 2017,0.001148,0.01925,0.0596,6.117308282885352e-05,0.0004094220915277,0.0585601935874168,-4.093935866905081,,,,False,1.9375672766415504,False,0.6736789959418252,False,noncoding_upstream,1.0,1.0,36.0,single_origin_clonal,0.08,,,,,,,,,,Single-origin (clonal inheritance only)
ndh,c.1320G>C,isoniazid,Chromosome_2101723_C_G,True,"NADH dehydrogenase. Loss-of-function mutations raise the NADH/NAD+ ratio, which can compensate for INH-mediated inhibition of InhA (InhA requires NADH as cofactor). Not a direct resistance mutation but modulates the INH activation and target environment.",Miesel et al. 1998,0.0,0.015198,0.0,8.286413426543201e-05,0.0005148797509305,0.0,-19.93156856932417,,,,False,1.1840688912809472,False,0.9346571892880828,False,synonymous,1.0,2.0,22.0,single_origin_clonal,0.102,,,,,,,,,,Single-origin (clonal inheritance only)
kasA,c.1146T>G,isoniazid,Chromosome_2519260_T_G,True,Beta-ketoacyl ACP synthase involved in mycolic acid synthesis. Mutations here can partially compensate for inhA-mediated INH resistance by altering the flux through the FAS-II fatty acid synthesis pathway.,Mdluli et al. 1998,0.0,0.015198,0.0,8.286413426543201e-05,0.0005148797509305,0.0,-19.93156856932417,,,,False,1.3993541442411197,False,0.8280255127500844,False,synonymous,1.0,1.0,26.0,single_origin_clonal,0.116,,,,,,,,,,Single-origin (clonal inheritance only)
ndh,p.Gln109Glu,isoniazid,Chromosome_2102718_G_C,True,"NADH dehydrogenase. Loss-of-function mutations raise the NADH/NAD+ ratio, which can compensate for INH-mediated inhibition of InhA (InhA requires NADH as cofactor). Not a direct resistance mutation but modulates the INH activation and target environment.",Miesel et al. 1998,0.0,0.015198,0.0,8.286413426543201e-05,0.0005148797509305,0.0,-19.93156856932417,,,,False,1.5069967707212055,False,0.8280255127500844,False,nonsynonymous,1.0,0.0,28.0,single_origin_clonal,0.102,109.0,Q,E,29.3,conservative,AlphaFold,P95160,0.622,exposed,Single-origin (clonal inheritance only)
ndh,c.666A>G,isoniazid,Chromosome_2102377_T_C,True,"NADH dehydrogenase. Loss-of-function mutations raise the NADH/NAD+ ratio, which can compensate for INH-mediated inhibition of InhA (InhA requires NADH as cofactor). Not a direct resistance mutation but modulates the INH activation and target environment.",Miesel et al. 1998,0.0,0.015198,0.0,8.286413426543201e-05,0.0005148797509305,0.0,-19.93156856932417,,,,False,1.4531754574811624,False,0.8089106052688863,False,synonymous,1.0,4.0,27.0,single_origin_clonal,0.102,,,,,,,,,,Single-origin (clonal inheritance only)
rpoA,c.-671T>C,rifampicin,Chromosome_3879178_A_G,True,Compensates transcriptional fitness cost of rpoB RRDR mutations. Mutations in the alpha subunit of RNA polymerase restore the binding geometry disrupted by rpoB resistance mutations.,Comas et al. 2012 Nat Genet; Gagneux et al.,0.002296,0.02229,0.103,9.34813699078538e-05,0.0005726483917846,0.1009519824249398,-3.308258853296255,,,,False,1.4531754574811624,False,0.6840063286490898,False,noncoding_upstream,1.0,4.0,27.0,single_origin_clonal,0.055,,,,,,,,,,Single-origin (clonal inheritance only)
rpoA,p.Gly334Ala,rifampicin,Chromosome_3877507_C_G,True,Compensates transcriptional fitness cost of rpoB RRDR mutations. Mutations in the alpha subunit of RNA polymerase restore the binding geometry disrupted by rpoB resistance mutations.,Comas et al. 2012 Nat Genet; Gagneux et al.,0.0,0.014184,0.0,0.0001598320181063,0.0009090803222923,0.0,-19.93156856932417,,,,False,1.1840688912809472,False,0.8720714052853945,False,nonsynonymous,1.0,0.0,22.0,single_origin_clonal,0.055,334.0,G,A,60.0,moderately_conservative,PDB,7KIN,,,Single-origin (clonal inheritance only)
mmpR5,c.-971C>G,bedaquiline/clofazimine,Chromosome_778019_C_G,True,"Transcriptional repressor of the MmpS5-MmpL5 efflux pump. Loss-of-function mutations in mmpR5 upregulate MmpL5-mediated drug efflux. Classified here as compensatory in the context of pre-existing BDQ resistance conferring fitness loss, though some literature treats this as a primary low-level resistance mechanism. Flag for manual review.",Andries et al.; Hartkoorn et al. 2014,0.0,0.014184,0.0,0.0001598320181063,0.0009090803222923,0.0,-19.93156856932417,,,,False,1.2378902045209903,False,0.8089106052688863,False,noncoding_upstream,1.0,4.0,23.0,single_origin_clonal,undefined_dS_zero,,,,,,,,,,Single-origin (clonal inheritance only)
gyrB,c.1506T>G,fluoroquinolones,Chromosome_6745_T_C,True,"DNA gyrase B subunit. gyrB mutations can compensate for the supercoiling defects caused by gyrA QRDR (Quinolone Resistance-Determining Region) primary resistance mutations, restoring adequate DNA replication efficiency.",Avalos Vizcaino et al.; Mayer & Fierer 2014,0.0,0.014184,0.0,0.0001598320181063,0.0009090803222923,0.0,-19.93156856932417,,,,False,1.9375672766415504,False,0.6736789959418252,False,synonymous,1.0,1.0,36.0,single_origin_clonal,0.074,,,,,,,,,,Single-origin (clonal inheritance only)
kasA,p.Ala320Thr,isoniazid,Chromosome_2519072_G_A,True,Beta-ketoacyl ACP synthase involved in mycolic acid synthesis. Mutations here can partially compensate for inhA-mediated INH resistance by altering the flux through the FAS-II fatty acid synthesis pathway.,Mdluli et al. 1998,0.002296,0.021277,0.1079,0.0001691911525153,0.00094651838195,0.1058688147295742,-3.239650410757388,,,,False,1.5069967707212055,False,0.7531078554279901,False,nonsynonymous,1.0,3.0,28.0,single_origin_clonal,0.116,320.0,A,T,58.0,moderately_conservative,PDB,6P9K,0.047,buried,Single-origin (clonal inheritance only)
kasA,c.60A>G,isoniazid,Chromosome_2518174_A_G,True,Beta-ketoacyl ACP synthase involved in mycolic acid synthesis. Mutations here can partially compensate for inhA-mediated INH resistance by altering the flux through the FAS-II fatty acid synthesis pathway.,Mdluli et al. 1998,0.001148,0.017224,0.0667,0.0002046979980973,0.0011345166630903,0.0655848546315077,-3.93049349491194,,,,False,1.3455328310010763,False,0.8280255127500844,False,synonymous,1.0,2.0,25.0,single_origin_clonal,0.116,,,,,,,,,,Single-origin (clonal inheritance only)
rpoC,p.Val644Ala,rifampicin,Chromosome_765300_T_C,True,"Beta-prime subunit of RNA polymerase. Mutations here compensate for the conformational changes in the RNA polymerase complex caused by rpoB RRDR resistance mutations, restoring transcription efficiency.",Comas et al. 2012 Nat Genet; Muller et al. 2017,0.002296,0.020263,0.1133,0.0003051779735552,0.0016208847428265,0.111277330264672,-3.167768382224921,,,,False,1.883745963401507,False,0.6736789959418252,False,nonsynonymous,1.0,2.0,35.0,single_origin_clonal,0.08,644.0,V,A,64.4,moderately_conservative,PDB,7KIN,0.619,exposed,Single-origin (clonal inheritance only)
rpoC,p.Val162Ile,rifampicin,Chromosome_763853_G_A,True,"Beta-prime subunit of RNA polymerase. Mutations here compensate for the conformational changes in the RNA polymerase complex caused by rpoB RRDR resistance mutations, restoring transcription efficiency.",Comas et al. 2012 Nat Genet; Muller et al. 2017,0.0,0.013171,0.0,0.0003087561255719,0.0016208847428265,0.0,-19.93156856932417,,,,False,1.1840688912809472,False,0.8720714052853945,False,nonsynonymous,1.0,0.0,22.0,single_origin_clonal,0.08,162.0,V,I,29.6,conservative,PDB,7KIN,0.186,partially_buried,Single-origin (clonal inheritance only)
rpoA,p.Asn200Ser,rifampicin,Chromosome_3877909_T_C,True,Compensates transcriptional fitness cost of rpoB RRDR mutations. Mutations in the alpha subunit of RNA polymerase restore the binding geometry disrupted by rpoB resistance mutations.,Comas et al. 2012 Nat Genet; Gagneux et al.,0.0,0.012158,0.0,0.0005974467439184,0.0029667178584587,0.0,-19.93156856932417,,,,False,1.4531754574811624,False,0.8720714052853945,False,nonsynonymous,1.0,0.0,27.0,single_origin_clonal,0.055,200.0,N,S,46.2,conservative,PDB,7KIN,0.381,exposed,Single-origin (clonal inheritance only)
ndh,c.699T>C,isoniazid,Chromosome_2102344_A_G,True,"NADH dehydrogenase. Loss-of-function mutations raise the NADH/NAD+ ratio, which can compensate for INH-mediated inhibition of InhA (InhA requires NADH as cofactor). Not a direct resistance mutation but modulates the INH activation and target environment.",Miesel et al. 1998,0.0,0.012158,0.0,0.0005974467439184,0.0029667178584587,0.0,-19.93156856932417,,,,False,1.4531754574811624,False,0.8720714052853945,False,synonymous,1.0,1.0,27.0,single_origin_clonal,0.102,,,,,,,,,,Single-origin (clonal inheritance only)
kasA,c.-66G>C,isoniazid,Chromosome_2518049_G_C,True,Beta-ketoacyl ACP synthase involved in mycolic acid synthesis. Mutations here can partially compensate for inhA-mediated INH resistance by altering the flux through the FAS-II fatty acid synthesis pathway.,Mdluli et al. 1998,0.0,0.011145,0.0,0.0011582279791443,0.0054831983298381,0.0,-19.93156856932417,,,,False,1.2378902045209903,False,,False,noncoding_upstream,1.0,4.0,23.0,single_origin_clonal,0.116,,,,,,,,,,Single-origin (clonal inheritance only)
ahpC,c.525A>C,isoniazid,Chromosome_2726717_A_G,True,Alkyl hydroperoxide reductase. Upregulation compensates for the loss of KatG-mediated oxidative defence when katG is inactivated by INH-resistance mutations. Promoter mutations causing ahpC upregulation are the canonical compensatory mechanism for katG LoF.,Sherman et al. 1996; Heym et al. 1997,0.0,0.011145,0.0,0.0011582279791443,0.0054831983298381,0.0,-19.93156856932417,,,,False,1.829924650161464,False,0.6743032395683798,False,synonymous,1.0,3.0,34.0,single_origin_clonal,0.09,,,,,,,,,,Single-origin (clonal inheritance only)
gid,c.441A>G,streptomycin,Chromosome_4407762_T_C,True,"Glucose-inhibited division protein A. Mutations in gid reduce streptomycin binding through 16S rRNA methylation changes, compensating for the ribosomal fitness defects caused by primary rpsL and rrs resistance mutations.",Nair et al. 1993; Spies et al.,0.0,0.010132,0.0,0.0022499912181898,0.0100251709553705,0.0,-19.93156856932417,,,,False,1.2917115177610334,False,,False,synonymous,1.0,2.0,24.0,single_origin_clonal,0.722,,,,,,,,,,Single-origin (clonal inheritance only)
rpoC,c.3216T>C,rifampicin,Chromosome_766585_T_C,True,"Beta-prime subunit of RNA polymerase. Mutations here compensate for the conformational changes in the RNA polymerase complex caused by rpoB RRDR resistance mutations, restoring transcription efficiency.",Comas et al. 2012 Nat Genet; Muller et al. 2017,0.0,0.009119,0.0,0.0043806675863438,0.0185488426992305,0.0,-19.93156856932417,,,,False,1.883745963401507,False,0.6736789959418252,False,synonymous,1.0,0.0,35.0,single_origin_clonal,0.08,,,,,,,,,,Single-origin (clonal inheritance only)
ndh,c.6T>C,isoniazid,Chromosome_2103037_A_G,True,"NADH dehydrogenase. Loss-of-function mutations raise the NADH/NAD+ ratio, which can compensate for INH-mediated inhibition of InhA (InhA requires NADH as cofactor). Not a direct resistance mutation but modulates the INH activation and target environment.",Miesel et al. 1998,0.0,0.008105,0.0,0.0085497229045744,0.0340277545459794,0.0,-19.93156856932417,,,,False,1.3455328310010763,False,0.9346571892880828,False,synonymous,1.0,2.0,25.0,single_origin_clonal,0.102,,,,,,,,,,Single-origin (clonal inheritance only)
eis,c.805_806delAC,amikacin/kanamycin,Chromosome_2714526_GGT_G,True,Enhanced intracellular survival protein. Promoter mutations causing eis overexpression confer low-level kanamycin/amikacin resistance and may compensate for fitness costs in strains with primary rrs resistance mutations. Borderline primary/compensatory at promoter positions — flag for manual review.,Campbell et al. 2011; Zaunbrecher et al. 2009,0.011481,0.029382,0.3907,0.008733562038654,0.034730465040381,0.3836757579398454,-1.3820404819008734,,,,False,2.099031216361679,True,3.4228342411516906e-32,False,indel_not_classified,1.0,1.0,39.0,single_origin_clonal,undefined_dS_zero,,,,,,,,,,Single-origin (clonal inheritance only)
gyrB,c.1338T>C,fluoroquinolones,,False,"DNA gyrase B subunit. gyrB mutations can compensate for the supercoiling defects caused by gyrA QRDR (Quinolone Resistance-Determining Region) primary resistance mutations, restoring adequate DNA replication efficiency.",Avalos Vizcaino et al.; Mayer & Fierer 2014,0.0,0.029382,0.0,1.6674391987199943e-08,1.530196126209964e-06,0.0,-19.93156856932417,,,,False,,,,False,,,,,,,,,,,,,,,,Not conservation-tested (unresolved position)
gyrB,c.1011A>G,fluoroquinolones,,False,"DNA gyrase B subunit. gyrB mutations can compensate for the supercoiling defects caused by gyrA QRDR (Quinolone Resistance-Determining Region) primary resistance mutations, restoring adequate DNA replication efficiency.",Avalos Vizcaino et al.; Mayer & Fierer 2014,0.0,0.027356,0.0,3.333060973463229e-08,2.1668871192887145e-06,0.0,-19.93156856932417,,,,False,,,,False,,,,,,,,,,,,,,,,Not conservation-tested (unresolved position)
kasA,c.474T>C,isoniazid,,False,Beta-ketoacyl ACP synthase involved in mycolic acid synthesis. Mutations here can partially compensate for inhA-mediated INH resistance by altering the flux through the FAS-II fatty acid synthesis pathway.,Mdluli et al. 1998,0.0,0.027356,0.0,3.333060973463229e-08,2.1668871192887145e-06,0.0,-19.93156856932417,,,,False,,,,False,,,,,,,,,,,,,,,,Not conservation-tested (unresolved position)
kasA,c.681C>G,isoniazid,,False,Beta-ketoacyl ACP synthase involved in mycolic acid synthesis. Mutations here can partially compensate for inhA-mediated INH resistance by altering the flux through the FAS-II fatty acid synthesis pathway.,Mdluli et al. 1998,0.0,0.026342,0.0,6.381494600269986e-08,2.968993082781743e-06,0.0,-19.93156856932417,,,,False,,,,False,,,,,,,,,,,,,,,,Not conservation-tested (unresolved position)
kasA,c.948T>G,isoniazid,,False,Beta-ketoacyl ACP synthase involved in mycolic acid synthesis. Mutations here can partially compensate for inhA-mediated INH resistance by altering the flux through the FAS-II fatty acid synthesis pathway.,Mdluli et al. 1998,0.0,0.026342,0.0,6.381494600269986e-08,2.968993082781743e-06,0.0,-19.93156856932417,,,,False,,,,False,,,,,,,,,,,,,,,,Not conservation-tested (unresolved position)
rpoC,c.3576A>G,rifampicin,,False,"Beta-prime subunit of RNA polymerase. Mutations here compensate for the conformational changes in the RNA polymerase complex caused by rpoB RRDR resistance mutations, restoring transcription efficiency.",Comas et al. 2012 Nat Genet; Muller et al. 2017,0.0,0.026342,0.0,6.381494600269986e-08,2.968993082781743e-06,0.0,-19.93156856932417,,,,False,,,,False,,,,,,,,,,,,,,,,Not conservation-tested (unresolved position)
rpoC,c.-168A>G,rifampicin,,False,"Beta-prime subunit of RNA polymerase. Mutations here compensate for the conformational changes in the RNA polymerase complex caused by rpoB RRDR resistance mutations, restoring transcription efficiency.",Comas et al. 2012 Nat Genet; Muller et al. 2017,0.0,0.025329,0.0,1.221890324167393e-07,4.049208768699166e-06,0.0,-19.93156856932417,,,,False,,,,False,,,,,,,,,,,,,,,,Not conservation-tested (unresolved position)
rpoC,c.396T>C,rifampicin,,False,"Beta-prime subunit of RNA polymerase. Mutations here compensate for the conformational changes in the RNA polymerase complex caused by rpoB RRDR resistance mutations, restoring transcription efficiency.",Comas et al. 2012 Nat Genet; Muller et al. 2017,0.002296,0.033435,0.0687,1.2041421526788756e-07,4.049208768699166e-06,0.0665341562924992,-3.909761030167342,,,,False,,,,False,,,,,,,,,,,,,,,,Not conservation-tested (unresolved position)
rpoA,c.993G>C,rifampicin,,False,Compensates transcriptional fitness cost of rpoB RRDR mutations. Mutations in the alpha subunit of RNA polymerase restore the binding geometry disrupted by rpoB resistance mutations.,Comas et al. 2012 Nat Genet; Gagneux et al.,0.0,0.025329,0.0,1.221890324167393e-07,4.049208768699166e-06,0.0,-19.93156856932417,,,,False,,,,False,,,,,,,,,,,,,,,,Not conservation-tested (unresolved position)
mmpL5,p.Ala839Ser,bedaquiline/clofazimine,,False,MmpL5 efflux pump structural component. Gain-of-function mutations that increase pump activity may compensate for BDQ/CFZ fitness costs in highly resistant strains. Borderline primary/compensatory — flag for manual review.,Andries et al.; Hartkoorn et al. 2014,0.001148,0.029382,0.0391,1.9638133615880985e-07,6.085271013960004e-06,0.037970669837495,-4.7189707401274825,,,,False,,,,False,,,,,,,,,,,,,,,,Not conservation-tested (unresolved position)
rpoC,c.2365T>C,rifampicin,,False,"Beta-prime subunit of RNA polymerase. Mutations here compensate for the conformational changes in the RNA polymerase complex caused by rpoB RRDR resistance mutations, restoring transcription efficiency.",Comas et al. 2012 Nat Genet; Muller et al. 2017,0.002296,0.032421,0.0708,2.217938524345325e-07,6.414547053439934e-06,0.0686852704257767,-3.863855443891289,,,,False,,,,False,,,,,,,,,,,,,,,,Not conservation-tested (unresolved position)
mmpL5,c.2535C>G,bedaquiline/clofazimine,,False,MmpL5 efflux pump structural component. Gain-of-function mutations that increase pump activity may compensate for BDQ/CFZ fitness costs in highly resistant strains. Borderline primary/compensatory — flag for manual review.,Andries et al.; Hartkoorn et al. 2014,0.0,0.024316,0.0,2.339932620011529e-07,6.417332449824722e-06,0.0,-19.93156856932417,,,,False,,,,False,,,,,,,,,,,,,,,,Not conservation-tested (unresolved position)
rpoC,c.2625A>T,rifampicin,,False,"Beta-prime subunit of RNA polymerase. Mutations here compensate for the conformational changes in the RNA polymerase complex caused by rpoB RRDR resistance mutations, restoring transcription efficiency.",Comas et al. 2012 Nat Genet; Muller et al. 2017,0.003444,0.034448,0.1,3.8553464873694964e-07,9.502387153409398e-06,0.0968758471130387,-3.3677191690637205,,,,False,,,,False,,,,,,,,,,,,,,,,Not conservation-tested (unresolved position)
mmpL5,c.2538C>G,bedaquiline/clofazimine,,False,MmpL5 efflux pump structural component. Gain-of-function mutations that increase pump activity may compensate for BDQ/CFZ fitness costs in highly resistant strains. Borderline primary/compensatory — flag for manual review.,Andries et al.; Hartkoorn et al. 2014,0.0,0.023303,0.0,4.4819779830787e-07,9.677827572512017e-06,0.0,-19.93156856932417,,,,False,,,,False,,,,,,,,,,,,,,,,Not conservation-tested (unresolved position)
mmpL5,p.Val450Ile,bedaquiline/clofazimine,,False,MmpL5 efflux pump structural component. Gain-of-function mutations that increase pump activity may compensate for BDQ/CFZ fitness costs in highly resistant strains. Borderline primary/compensatory — flag for manual review.,Andries et al.; Hartkoorn et al. 2014,0.0,0.023303,0.0,4.4819779830787e-07,9.677827572512017e-06,0.0,-19.93156856932417,,,,False,,,,False,,,,,,,,,,,,,,,,Not conservation-tested (unresolved position)
ndh,c.1083A>G,isoniazid,,False,"NADH dehydrogenase. Loss-of-function mutations raise the NADH/NAD+ ratio, which can compensate for INH-mediated inhibition of InhA (InhA requires NADH as cofactor). Not a direct resistance mutation but modulates the INH activation and target environment.",Miesel et al. 1998,0.0,0.023303,0.0,4.4819779830787e-07,9.677827572512017e-06,0.0,-19.93156856932417,,,,False,,,,False,,,,,,,,,,,,,,,,Not conservation-tested (unresolved position)
rpoC,c.690G>T,rifampicin,,False,"Beta-prime subunit of RNA polymerase. Mutations here compensate for the conformational changes in the RNA polymerase complex caused by rpoB RRDR resistance mutations, restoring transcription efficiency.",Comas et al. 2012 Nat Genet; Muller et al. 2017,0.0,0.023303,0.0,4.4819779830787e-07,9.677827572512017e-06,0.0,-19.93156856932417,,,,False,,,,False,,,,,,,,,,,,,,,,Not conservation-tested (unresolved position)
rpoA,c.804G>C,rifampicin,,False,Compensates transcriptional fitness cost of rpoB RRDR mutations. Mutations in the alpha subunit of RNA polymerase restore the binding geometry disrupted by rpoB resistance mutations.,Comas et al. 2012 Nat Genet; Gagneux et al.,0.0,0.023303,0.0,4.4819779830787e-07,9.677827572512017e-06,0.0,-19.93156856932417,,,,False,,,,False,,,,,,,,,,,,,,,,Not conservation-tested (unresolved position)
rpoC,c.1713G>C,rifampicin,,False,"Beta-prime subunit of RNA polymerase. Mutations here compensate for the conformational changes in the RNA polymerase complex caused by rpoB RRDR resistance mutations, restoring transcription efficiency.",Comas et al. 2012 Nat Genet; Muller et al. 2017,0.0,0.023303,0.0,4.4819779830787e-07,9.677827572512017e-06,0.0,-19.93156856932417,,,,False,,,,False,,,,,,,,,,,,,,,,Not conservation-tested (unresolved position)
mmpL5,c.1803G>C,bedaquiline/clofazimine,,False,MmpL5 efflux pump structural component. Gain-of-function mutations that increase pump activity may compensate for BDQ/CFZ fitness costs in highly resistant strains. Borderline primary/compensatory — flag for manual review.,Andries et al.; Hartkoorn et al. 2014,0.0,0.02229,0.0,8.587540716847694e-07,1.4956111058685106e-05,0.0,-19.93156856932417,,,,False,,,,False,,,,,,,,,,,,,,,,Not conservation-tested (unresolved position)
rpoA,c.-115C>G,rifampicin,,False,Compensates transcriptional fitness cost of rpoB RRDR mutations. Mutations in the alpha subunit of RNA polymerase restore the binding geometry disrupted by rpoB resistance mutations.,Comas et al. 2012 Nat Genet; Gagneux et al.,0.0,0.02229,0.0,8.587540716847694e-07,1.4956111058685106e-05,0.0,-19.93156856932417,,,,False,,,,False,,,,,,,,,,,,,,,,Not conservation-tested (unresolved position)
mmpL5,p.Glu435Asp,bedaquiline/clofazimine,,False,MmpL5 efflux pump structural component. Gain-of-function mutations that increase pump activity may compensate for BDQ/CFZ fitness costs in highly resistant strains. Borderline primary/compensatory — flag for manual review.,Andries et al.; Hartkoorn et al. 2014,0.0,0.02229,0.0,8.587540716847694e-07,1.4956111058685106e-05,0.0,-19.93156856932417,,,,False,,,,False,,,,,,,,,,,,,,,,Not conservation-tested (unresolved position)
ahpC,c.453C>G,isoniazid,,False,Alkyl hydroperoxide reductase. Upregulation compensates for the loss of KatG-mediated oxidative defence when katG is inactivated by INH-resistance mutations. Promoter mutations causing ahpC upregulation are the canonical compensatory mechanism for katG LoF.,Sherman et al. 1996; Heym et al. 1997,0.0,0.02229,0.0,8.587540716847694e-07,1.4956111058685106e-05,0.0,-19.93156856932417,,,,False,,,,False,,,,,,,,,,,,,,,,Not conservation-tested (unresolved position)
ndh,c.405A>C,isoniazid,,False,"NADH dehydrogenase. Loss-of-function mutations raise the NADH/NAD+ ratio, which can compensate for INH-mediated inhibition of InhA (InhA requires NADH as cofactor). Not a direct resistance mutation but modulates the INH activation and target environment.",Miesel et al. 1998,0.0,0.021277,0.0,1.6460457011273087e-06,2.3875167433980296e-05,0.0,-19.93156856932417,,,,False,,,,False,,,,,,,,,,,,,,,,Not conservation-tested (unresolved position)
mmpL5,c.2520C>G,bedaquiline/clofazimine,,False,MmpL5 efflux pump structural component. Gain-of-function mutations that increase pump activity may compensate for BDQ/CFZ fitness costs in highly resistant strains. Borderline primary/compensatory — flag for manual review.,Andries et al.; Hartkoorn et al. 2014,0.0,0.021277,0.0,1.6460457011273087e-06,2.3875167433980296e-05,0.0,-19.93156856932417,,,,False,,,,False,,,,,,,,,,,,,,,,Not conservation-tested (unresolved position)
ndh,c.81A>C,isoniazid,,False,"NADH dehydrogenase. Loss-of-function mutations raise the NADH/NAD+ ratio, which can compensate for INH-mediated inhibition of InhA (InhA requires NADH as cofactor). Not a direct resistance mutation but modulates the INH activation and target environment.",Miesel et al. 1998,0.0,0.021277,0.0,1.6460457011273087e-06,2.3875167433980296e-05,0.0,-19.93156856932417,,,,False,,,,False,,,,,,,,,,,,,,,,Not conservation-tested (unresolved position)
mmpL5,p.Asp575Glu,bedaquiline/clofazimine,,False,MmpL5 efflux pump structural component. Gain-of-function mutations that increase pump activity may compensate for BDQ/CFZ fitness costs in highly resistant strains. Borderline primary/compensatory — flag for manual review.,Andries et al.; Hartkoorn et al. 2014,0.0,0.021277,0.0,1.6460457011273087e-06,2.3875167433980296e-05,0.0,-19.93156856932417,,,,False,,,,False,,,,,,,,,,,,,,,,Not conservation-tested (unresolved position)
mmpL5,c.1764A>G,bedaquiline/clofazimine,,False,MmpL5 efflux pump structural component. Gain-of-function mutations that increase pump activity may compensate for BDQ/CFZ fitness costs in highly resistant strains. Borderline primary/compensatory — flag for manual review.,Andries et al.; Hartkoorn et al. 2014,0.001148,0.025329,0.0453,2.587936208596714e-06,3.383460708883156e-05,0.0442298850574712,-4.498834696740773,,,,False,,,,False,,,,,,,,,,,,,,,,Not conservation-tested (unresolved position)
rpoA,c.633T>G,rifampicin,,False,Compensates transcriptional fitness cost of rpoB RRDR mutations. Mutations in the alpha subunit of RNA polymerase restore the binding geometry disrupted by rpoB resistance mutations.,Comas et al. 2012 Nat Genet; Gagneux et al.,0.001148,0.025329,0.0453,2.587936208596714e-06,3.383460708883156e-05,0.0442298850574712,-4.498834696740773,,,,False,,,,False,,,,,,,,,,,,,,,,Not conservation-tested (unresolved position)
kasA,c.792A>G,isoniazid,,False,Beta-ketoacyl ACP synthase involved in mycolic acid synthesis. Mutations here can partially compensate for inhA-mediated INH resistance by altering the flux through the FAS-II fatty acid synthesis pathway.,Mdluli et al. 1998,0.001148,0.025329,0.0453,2.587936208596714e-06,3.383460708883156e-05,0.0442298850574712,-4.498834696740773,,,,False,,,,False,,,,,,,,,,,,,,,,Not conservation-tested (unresolved position)
rpoC,c.42T>G,rifampicin,,False,"Beta-prime subunit of RNA polymerase. Mutations here compensate for the conformational changes in the RNA polymerase complex caused by rpoB RRDR resistance mutations, restoring transcription efficiency.",Comas et al. 2012 Nat Genet; Muller et al. 2017,0.002296,0.028369,0.0809,2.5309575284219237e-06,3.383460708883156e-05,0.0788262370540851,-3.665180283853873,,,,False,,,,False,,,,,,,,,,,,,,,,Not conservation-tested (unresolved position)
kasA,c.-126T>C,isoniazid,,False,Beta-ketoacyl ACP synthase involved in mycolic acid synthesis. Mutations here can partially compensate for inhA-mediated INH resistance by altering the flux through the FAS-II fatty acid synthesis pathway.,Mdluli et al. 1998,0.002296,0.028369,0.0809,2.5309575284219237e-06,3.383460708883156e-05,0.0788262370540851,-3.665180283853873,,,,False,,,,False,,,,,,,,,,,,,,,,Not conservation-tested (unresolved position)
ndh,c.315T>C,isoniazid,,False,"NADH dehydrogenase. Loss-of-function mutations raise the NADH/NAD+ ratio, which can compensate for INH-mediated inhibition of InhA (InhA requires NADH as cofactor). Not a direct resistance mutation but modulates the INH activation and target environment.",Miesel et al. 1998,0.0,0.020263,0.0,3.156706619775904e-06,3.683081660041715e-05,0.0,-19.93156856932417,,,,False,,,,False,,,,,,,,,,,,,,,,Not conservation-tested (unresolved position)
rpoC,c.969G>A,rifampicin,,False,"Beta-prime subunit of RNA polymerase. Mutations here compensate for the conformational changes in the RNA polymerase complex caused by rpoB RRDR resistance mutations, restoring transcription efficiency.",Comas et al. 2012 Nat Genet; Muller et al. 2017,0.0,0.020263,0.0,3.156706619775904e-06,3.683081660041715e-05,0.0,-19.93156856932417,,,,False,,,,False,,,,,,,,,,,,,,,,Not conservation-tested (unresolved position)
gyrB,c.957C>T,fluoroquinolones,,False,"DNA gyrase B subunit. gyrB mutations can compensate for the supercoiling defects caused by gyrA QRDR (Quinolone Resistance-Determining Region) primary resistance mutations, restoring adequate DNA replication efficiency.",Avalos Vizcaino et al.; Mayer & Fierer 2014,0.0,0.020263,0.0,3.156706619775904e-06,3.683081660041715e-05,0.0,-19.93156856932417,,,,False,,,,False,,,,,,,,,,,,,,,,Not conservation-tested (unresolved position)
rpoA,c.-242G>T,rifampicin,,False,Compensates transcriptional fitness cost of rpoB RRDR mutations. Mutations in the alpha subunit of RNA polymerase restore the binding geometry disrupted by rpoB resistance mutations.,Comas et al. 2012 Nat Genet; Gagneux et al.,0.0,0.020263,0.0,3.156706619775904e-06,3.683081660041715e-05,0.0,-19.93156856932417,,,,False,,,,False,,,,,,,,,,,,,,,,Not conservation-tested (unresolved position)
rpoC,c.2445A>G,rifampicin,,False,"Beta-prime subunit of RNA polymerase. Mutations here compensate for the conformational changes in the RNA polymerase complex caused by rpoB RRDR resistance mutations, restoring transcription efficiency.",Comas et al. 2012 Nat Genet; Muller et al. 2017,0.0,0.020263,0.0,3.156706619775904e-06,3.683081660041715e-05,0.0,-19.93156856932417,,,,False,,,,False,,,,,,,,,,,,,,,,Not conservation-tested (unresolved position)
mmpL5,c.1827A>C,bedaquiline/clofazimine,,False,MmpL5 efflux pump structural component. Gain-of-function mutations that increase pump activity may compensate for BDQ/CFZ fitness costs in highly resistant strains. Borderline primary/compensatory — flag for manual review.,Andries et al.; Hartkoorn et al. 2014,0.0,0.020263,0.0,3.156706619775904e-06,3.683081660041715e-05,0.0,-19.93156856932417,,,,False,,,,False,,,,,,,,,,,,,,,,Not conservation-tested (unresolved position)
rpoA,c.-278T>G,rifampicin,,False,Compensates transcriptional fitness cost of rpoB RRDR mutations. Mutations in the alpha subunit of RNA polymerase restore the binding geometry disrupted by rpoB resistance mutations.,Comas et al. 2012 Nat Genet; Gagneux et al.,0.0,0.020263,0.0,3.156706619775904e-06,3.683081660041715e-05,0.0,-19.93156856932417,,,,False,,,,False,,,,,,,,,,,,,,,,Not conservation-tested (unresolved position)
rpoC,c.3261G>C,rifampicin,,False,"Beta-prime subunit of RNA polymerase. Mutations here compensate for the conformational changes in the RNA polymerase complex caused by rpoB RRDR resistance mutations, restoring transcription efficiency.",Comas et al. 2012 Nat Genet; Muller et al. 2017,0.0,0.020263,0.0,3.156706619775904e-06,3.683081660041715e-05,0.0,-19.93156856932417,,,,False,,,,False,,,,,,,,,,,,,,,,Not conservation-tested (unresolved position)
rpoC,c.3915C>T,rifampicin,,False,"Beta-prime subunit of RNA polymerase. Mutations here compensate for the conformational changes in the RNA polymerase complex caused by rpoB RRDR resistance mutations, restoring transcription efficiency.",Comas et al. 2012 Nat Genet; Muller et al. 2017,0.0,0.020263,0.0,3.156706619775904e-06,3.683081660041715e-05,0.0,-19.93156856932417,,,,False,,,,False,,,,,,,,,,,,,,,,Not conservation-tested (unresolved position)
rpoC,c.3093G>C,rifampicin,,False,"Beta-prime subunit of RNA polymerase. Mutations here compensate for the conformational changes in the RNA polymerase complex caused by rpoB RRDR resistance mutations, restoring transcription efficiency.",Comas et al. 2012 Nat Genet; Muller et al. 2017,0.0,0.020263,0.0,3.156706619775904e-06,3.683081660041715e-05,0.0,-19.93156856932417,,,,False,,,,False,,,,,,,,,,,,,,,,Not conservation-tested (unresolved position)
rpoC,c.3789T>C,rifampicin,,False,"Beta-prime subunit of RNA polymerase. Mutations here compensate for the conformational changes in the RNA polymerase complex caused by rpoB RRDR resistance mutations, restoring transcription efficiency.",Comas et al. 2012 Nat Genet; Muller et al. 2017,0.0,0.020263,0.0,3.156706619775904e-06,3.683081660041715e-05,0.0,-19.93156856932417,,,,False,,,,False,,,,,,,,,,,,,,,,Not conservation-tested (unresolved position)
mmpL5,p.Val447Leu,bedaquiline/clofazimine,,False,MmpL5 efflux pump structural component. Gain-of-function mutations that increase pump activity may compensate for BDQ/CFZ fitness costs in highly resistant strains. Borderline primary/compensatory — flag for manual review.,Andries et al.; Hartkoorn et al. 2014,0.0,0.020263,0.0,3.156706619775904e-06,3.683081660041715e-05,0.0,-19.93156856932417,,,,False,,,,False,,,,,,,,,,,,,,,,Not conservation-tested (unresolved position)
gyrB,c.573C>G,fluoroquinolones,,False,"DNA gyrase B subunit. gyrB mutations can compensate for the supercoiling defects caused by gyrA QRDR (Quinolone Resistance-Determining Region) primary resistance mutations, restoring adequate DNA replication efficiency.",Avalos Vizcaino et al.; Mayer & Fierer 2014,0.0,0.020263,0.0,3.156706619775904e-06,3.683081660041715e-05,0.0,-19.93156856932417,,,,False,,,,False,,,,,,,,,,,,,,,,Not conservation-tested (unresolved position)
rpoA,c.-614T>G,rifampicin,,False,Compensates transcriptional fitness cost of rpoB RRDR mutations. Mutations in the alpha subunit of RNA polymerase restore the binding geometry disrupted by rpoB resistance mutations.,Comas et al. 2012 Nat Genet; Gagneux et al.,0.001148,0.024316,0.0472,4.925337657383974e-06,5.22304695578585e-05,0.0461206896551724,-4.438442103613787,,,,False,,,,False,,,,,,,,,,,,,,,,Not conservation-tested (unresolved position)
mmpL5,c.1728T>C,bedaquiline/clofazimine,,False,MmpL5 efflux pump structural component. Gain-of-function mutations that increase pump activity may compensate for BDQ/CFZ fitness costs in highly resistant strains. Borderline primary/compensatory — flag for manual review.,Andries et al.; Hartkoorn et al. 2014,0.001148,0.024316,0.0472,4.925337657383974e-06,5.22304695578585e-05,0.0461206896551724,-4.438442103613787,,,,False,,,,False,,,,,,,,,,,,,,,,Not conservation-tested (unresolved position)
mmpL5,c.2361C>T,bedaquiline/clofazimine,,False,MmpL5 efflux pump structural component. Gain-of-function mutations that increase pump activity may compensate for BDQ/CFZ fitness costs in highly resistant strains. Borderline primary/compensatory — flag for manual review.,Andries et al.; Hartkoorn et al. 2014,0.001148,0.024316,0.0472,4.925337657383974e-06,5.22304695578585e-05,0.0461206896551724,-4.438442103613787,,,,False,,,,False,,,,,,,,,,,,,,,,Not conservation-tested (unresolved position)
ahpC,c.465A>C,isoniazid,,False,Alkyl hydroperoxide reductase. Upregulation compensates for the loss of KatG-mediated oxidative defence when katG is inactivated by INH-resistance mutations. Promoter mutations causing ahpC upregulation are the canonical compensatory mechanism for katG LoF.,Sherman et al. 1996; Heym et al. 1997,0.001148,0.024316,0.0472,4.925337657383974e-06,5.22304695578585e-05,0.0461206896551724,-4.438442103613787,,,,False,,,,False,,,,,,,,,,,,,,,,Not conservation-tested (unresolved position)
rpoA,p.Ala277Ser,rifampicin,,False,Compensates transcriptional fitness cost of rpoB RRDR mutations. Mutations in the alpha subunit of RNA polymerase restore the binding geometry disrupted by rpoB resistance mutations.,Comas et al. 2012 Nat Genet; Gagneux et al.,0.0,0.01925,0.0,6.057525430229788e-06,5.9847849592249584e-05,0.0,-19.93156856932417,,,,False,,,,False,,,,,,,,,,,,,,,,Not conservation-tested (unresolved position)
kasA,c.315A>C,isoniazid,,False,Beta-ketoacyl ACP synthase involved in mycolic acid synthesis. Mutations here can partially compensate for inhA-mediated INH resistance by altering the flux through the FAS-II fatty acid synthesis pathway.,Mdluli et al. 1998,0.0,0.01925,0.0,6.057525430229788e-06,5.9847849592249584e-05,0.0,-19.93156856932417,,,,False,,,,False,,,,,,,,,,,,,,,,Not conservation-tested (unresolved position)
kasA,c.1107G>C,isoniazid,,False,Beta-ketoacyl ACP synthase involved in mycolic acid synthesis. Mutations here can partially compensate for inhA-mediated INH resistance by altering the flux through the FAS-II fatty acid synthesis pathway.,Mdluli et al. 1998,0.0,0.01925,0.0,6.057525430229788e-06,5.9847849592249584e-05,0.0,-19.93156856932417,,,,False,,,,False,,,,,,,,,,,,,,,,Not conservation-tested (unresolved position)
mmpL5,c.1323C>G,bedaquiline/clofazimine,,False,MmpL5 efflux pump structural component. Gain-of-function mutations that increase pump activity may compensate for BDQ/CFZ fitness costs in highly resistant strains. Borderline primary/compensatory — flag for manual review.,Andries et al.; Hartkoorn et al. 2014,0.0,0.01925,0.0,6.057525430229788e-06,5.9847849592249584e-05,0.0,-19.93156856932417,,,,False,,,,False,,,,,,,,,,,,,,,,Not conservation-tested (unresolved position)
kasA,c.-165C>G,isoniazid,,False,Beta-ketoacyl ACP synthase involved in mycolic acid synthesis. Mutations here can partially compensate for inhA-mediated INH resistance by altering the flux through the FAS-II fatty acid synthesis pathway.,Mdluli et al. 1998,0.0,0.01925,0.0,6.057525430229788e-06,5.9847849592249584e-05,0.0,-19.93156856932417,,,,False,,,,False,,,,,,,,,,,,,,,,Not conservation-tested (unresolved position)
rpoA,c.336G>C,rifampicin,,False,Compensates transcriptional fitness cost of rpoB RRDR mutations. Mutations in the alpha subunit of RNA polymerase restore the binding geometry disrupted by rpoB resistance mutations.,Comas et al. 2012 Nat Genet; Gagneux et al.,0.0,0.01925,0.0,6.057525430229788e-06,5.9847849592249584e-05,0.0,-19.93156856932417,,,,False,,,,False,,,,,,,,,,,,,,,,Not conservation-tested (unresolved position)
rpoC,c.3906T>C,rifampicin,,False,"Beta-prime subunit of RNA polymerase. Mutations here compensate for the conformational changes in the RNA polymerase complex caused by rpoB RRDR resistance mutations, restoring transcription efficiency.",Comas et al. 2012 Nat Genet; Muller et al. 2017,0.0,0.01925,0.0,6.057525430229788e-06,5.9847849592249584e-05,0.0,-19.93156856932417,,,,False,,,,False,,,,,,,,,,,,,,,,Not conservation-tested (unresolved position)
rpoA,c.-176G>C,rifampicin,,False,Compensates transcriptional fitness cost of rpoB RRDR mutations. Mutations in the alpha subunit of RNA polymerase restore the binding geometry disrupted by rpoB resistance mutations.,Comas et al. 2012 Nat Genet; Gagneux et al.,0.0,0.01925,0.0,6.057525430229788e-06,5.9847849592249584e-05,0.0,-19.93156856932417,,,,False,,,,False,,,,,,,,,,,,,,,,Not conservation-tested (unresolved position)
kasA,c.345T>C,isoniazid,,False,Beta-ketoacyl ACP synthase involved in mycolic acid synthesis. Mutations here can partially compensate for inhA-mediated INH resistance by altering the flux through the FAS-II fatty acid synthesis pathway.,Mdluli et al. 1998,0.0,0.01925,0.0,6.057525430229788e-06,5.9847849592249584e-05,0.0,-19.93156856932417,,,,False,,,,False,,,,,,,,,,,,,,,,Not conservation-tested (unresolved position)
kasA,c.675G>C,isoniazid,,False,Beta-ketoacyl ACP synthase involved in mycolic acid synthesis. Mutations here can partially compensate for inhA-mediated INH resistance by altering the flux through the FAS-II fatty acid synthesis pathway.,Mdluli et al. 1998,0.0,0.01925,0.0,6.057525430229788e-06,5.9847849592249584e-05,0.0,-19.93156856932417,,,,False,,,,False,,,,,,,,,,,,,,,,Not conservation-tested (unresolved position)
kasA,c.678C>A,isoniazid,,False,Beta-ketoacyl ACP synthase involved in mycolic acid synthesis. Mutations here can partially compensate for inhA-mediated INH resistance by altering the flux through the FAS-II fatty acid synthesis pathway.,Mdluli et al. 1998,0.0,0.01925,0.0,6.057525430229788e-06,5.9847849592249584e-05,0.0,-19.93156856932417,,,,False,,,,False,,,,,,,,,,,,,,,,Not conservation-tested (unresolved position)
mmpL5,c.1488A>G,bedaquiline/clofazimine,,False,MmpL5 efflux pump structural component. Gain-of-function mutations that increase pump activity may compensate for BDQ/CFZ fitness costs in highly resistant strains. Borderline primary/compensatory — flag for manual review.,Andries et al.; Hartkoorn et al. 2014,0.0,0.01925,0.0,6.057525430229788e-06,5.9847849592249584e-05,0.0,-19.93156856932417,,,,False,,,,False,,,,,,,,,,,,,,,,Not conservation-tested (unresolved position)
rpoA,c.-431T>C,rifampicin,,False,Compensates transcriptional fitness cost of rpoB RRDR mutations. Mutations in the alpha subunit of RNA polymerase restore the binding geometry disrupted by rpoB resistance mutations.,Comas et al. 2012 Nat Genet; Gagneux et al.,0.0,0.01925,0.0,6.057525430229788e-06,5.9847849592249584e-05,0.0,-19.93156856932417,,,,False,,,,False,,,,,,,,,,,,,,,,Not conservation-tested (unresolved position)
mmpL5,c.1317C>G,bedaquiline/clofazimine,,False,MmpL5 efflux pump structural component. Gain-of-function mutations that increase pump activity may compensate for BDQ/CFZ fitness costs in highly resistant strains. Borderline primary/compensatory — flag for manual review.,Andries et al.; Hartkoorn et al. 2014,0.0,0.01925,0.0,6.057525430229788e-06,5.9847849592249584e-05,0.0,-19.93156856932417,,,,False,,,,False,,,,,,,,,,,,,,,,Not conservation-tested (unresolved position)
rpoC,c.591T>C,rifampicin,,False,"Beta-prime subunit of RNA polymerase. Mutations here compensate for the conformational changes in the RNA polymerase complex caused by rpoB RRDR resistance mutations, restoring transcription efficiency.",Comas et al. 2012 Nat Genet; Muller et al. 2017,0.0,0.01925,0.0,6.057525430229788e-06,5.9847849592249584e-05,0.0,-19.93156856932417,,,,False,,,,False,,,,,,,,,,,,,,,,Not conservation-tested (unresolved position)
ndh,c.372T>G,isoniazid,,False,"NADH dehydrogenase. Loss-of-function mutations raise the NADH/NAD+ ratio, which can compensate for INH-mediated inhibition of InhA (InhA requires NADH as cofactor). Not a direct resistance mutation but modulates the INH activation and target environment.",Miesel et al. 1998,0.0,0.01925,0.0,6.057525430229788e-06,5.9847849592249584e-05,0.0,-19.93156856932417,,,,False,,,,False,,,,,,,,,,,,,,,,Not conservation-tested (unresolved position)
rpoC,c.3024C>G,rifampicin,,False,"Beta-prime subunit of RNA polymerase. Mutations here compensate for the conformational changes in the RNA polymerase complex caused by rpoB RRDR resistance mutations, restoring transcription efficiency.",Comas et al. 2012 Nat Genet; Muller et al. 2017,0.0,0.01925,0.0,6.057525430229788e-06,5.9847849592249584e-05,0.0,-19.93156856932417,,,,False,,,,False,,,,,,,,,,,,,,,,Not conservation-tested (unresolved position)
ndh,c.1278C>G,isoniazid,,False,"NADH dehydrogenase. Loss-of-function mutations raise the NADH/NAD+ ratio, which can compensate for INH-mediated inhibition of InhA (InhA requires NADH as cofactor). Not a direct resistance mutation but modulates the INH activation and target environment.",Miesel et al. 1998,0.0,0.01925,0.0,6.057525430229788e-06,5.9847849592249584e-05,0.0,-19.93156856932417,,,,False,,,,False,,,,,,,,,,,,,,,,Not conservation-tested (unresolved position)
rpoC,c.2418C>T,rifampicin,,False,"Beta-prime subunit of RNA polymerase. Mutations here compensate for the conformational changes in the RNA polymerase complex caused by rpoB RRDR resistance mutations, restoring transcription efficiency.",Comas et al. 2012 Nat Genet; Muller et al. 2017,0.0,0.01925,0.0,6.057525430229788e-06,5.9847849592249584e-05,0.0,-19.93156856932417,,,,False,,,,False,,,,,,,,,,,,,,,,Not conservation-tested (unresolved position)
rpoC,c.1503A>G,rifampicin,,False,"Beta-prime subunit of RNA polymerase. Mutations here compensate for the conformational changes in the RNA polymerase complex caused by rpoB RRDR resistance mutations, restoring transcription efficiency.",Comas et al. 2012 Nat Genet; Muller et al. 2017,0.0,0.01925,0.0,6.057525430229788e-06,5.9847849592249584e-05,0.0,-19.93156856932417,,,,False,,,,False,,,,,,,,,,,,,,,,Not conservation-tested (unresolved position)
rpoC,c.3276A>G,rifampicin,,False,"Beta-prime subunit of RNA polymerase. Mutations here compensate for the conformational changes in the RNA polymerase complex caused by rpoB RRDR resistance mutations, restoring transcription efficiency.",Comas et al. 2012 Nat Genet; Muller et al. 2017,0.0,0.01925,0.0,6.057525430229788e-06,5.9847849592249584e-05,0.0,-19.93156856932417,,,,False,,,,False,,,,,,,,,,,,,,,,Not conservation-tested (unresolved position)
mmpL5,c.841C>T,bedaquiline/clofazimine,,False,MmpL5 efflux pump structural component. Gain-of-function mutations that increase pump activity may compensate for BDQ/CFZ fitness costs in highly resistant strains. Borderline primary/compensatory — flag for manual review.,Andries et al.; Hartkoorn et al. 2014,0.0,0.01925,0.0,6.057525430229788e-06,5.9847849592249584e-05,0.0,-19.93156856932417,,,,False,,,,False,,,,,,,,,,,,,,,,Not conservation-tested (unresolved position)
ndh,c.1149T>C,isoniazid,,False,"NADH dehydrogenase. Loss-of-function mutations raise the NADH/NAD+ ratio, which can compensate for INH-mediated inhibition of InhA (InhA requires NADH as cofactor). Not a direct resistance mutation but modulates the INH activation and target environment.",Miesel et al. 1998,0.0,0.01925,0.0,6.057525430229788e-06,5.9847849592249584e-05,0.0,-19.93156856932417,,,,False,,,,False,,,,,,,,,,,,,,,,Not conservation-tested (unresolved position)
rpoC,c.3564A>G,rifampicin,,False,"Beta-prime subunit of RNA polymerase. Mutations here compensate for the conformational changes in the RNA polymerase complex caused by rpoB RRDR resistance mutations, restoring transcription efficiency.",Comas et al. 2012 Nat Genet; Muller et al. 2017,0.002296,0.026342,0.0872,8.490933624405117e-06,8.087571907317609e-05,0.0850668319022749,-3.555259464181742,,,,False,,,,False,,,,,,,,,,,,,,,,Not conservation-tested (unresolved position)
rpoC,c.3114G>C,rifampicin,,False,"Beta-prime subunit of RNA polymerase. Mutations here compensate for the conformational changes in the RNA polymerase complex caused by rpoB RRDR resistance mutations, restoring transcription efficiency.",Comas et al. 2012 Nat Genet; Muller et al. 2017,0.002296,0.026342,0.0872,8.490933624405117e-06,8.087571907317609e-05,0.0850668319022749,-3.555259464181742,,,,False,,,,False,,,,,,,,,,,,,,,,Not conservation-tested (unresolved position)
ahpC,c.186T>G,isoniazid,,False,Alkyl hydroperoxide reductase. Upregulation compensates for the loss of KatG-mediated oxidative defence when katG is inactivated by INH-resistance mutations. Promoter mutations causing ahpC upregulation are the canonical compensatory mechanism for katG LoF.,Sherman et al. 1996; Heym et al. 1997,0.001148,0.023303,0.0493,9.365633110517814e-06,8.57827278376027e-05,0.048175912043978,-4.375544210563142,,,,False,,,,False,,,,,,,,,,,,,,,,Not conservation-tested (unresolved position)
kasA,c.591T>C,isoniazid,,False,Beta-ketoacyl ACP synthase involved in mycolic acid synthesis. Mutations here can partially compensate for inhA-mediated INH resistance by altering the flux through the FAS-II fatty acid synthesis pathway.,Mdluli et al. 1998,0.0,0.018237,0.0,1.1632651366829169e-05,9.983995022033956e-05,0.0,-19.93156856932417,,,,False,,,,False,,,,,,,,,,,,,,,,Not conservation-tested (unresolved position)
ahpC,c.354C>G,isoniazid,,False,Alkyl hydroperoxide reductase. Upregulation compensates for the loss of KatG-mediated oxidative defence when katG is inactivated by INH-resistance mutations. Promoter mutations causing ahpC upregulation are the canonical compensatory mechanism for katG LoF.,Sherman et al. 1996; Heym et al. 1997,0.0,0.018237,0.0,1.1632651366829169e-05,9.983995022033956e-05,0.0,-19.93156856932417,,,,False,,,,False,,,,,,,,,,,,,,,,Not conservation-tested (unresolved position)
mmpL5,c.183G>A,bedaquiline/clofazimine,,False,MmpL5 efflux pump structural component. Gain-of-function mutations that increase pump activity may compensate for BDQ/CFZ fitness costs in highly resistant strains. Borderline primary/compensatory — flag for manual review.,Andries et al.; Hartkoorn et al. 2014,0.0,0.018237,0.0,1.1632651366829169e-05,9.983995022033956e-05,0.0,-19.93156856932417,,,,False,,,,False,,,,,,,,,,,,,,,,Not conservation-tested (unresolved position)
mmpL5,c.1365C>T,bedaquiline/clofazimine,,False,MmpL5 efflux pump structural component. Gain-of-function mutations that increase pump activity may compensate for BDQ/CFZ fitness costs in highly resistant strains. Borderline primary/compensatory — flag for manual review.,Andries et al.; Hartkoorn et al. 2014,0.0,0.018237,0.0,1.1632651366829169e-05,9.983995022033956e-05,0.0,-19.93156856932417,,,,False,,,,False,,,,,,,,,,,,,,,,Not conservation-tested (unresolved position)
rpoC,c.1875T>C,rifampicin,,False,"Beta-prime subunit of RNA polymerase. Mutations here compensate for the conformational changes in the RNA polymerase complex caused by rpoB RRDR resistance mutations, restoring transcription efficiency.",Comas et al. 2012 Nat Genet; Muller et al. 2017,0.0,0.018237,0.0,1.1632651366829169e-05,9.983995022033956e-05,0.0,-19.93156856932417,,,,False,,,,False,,,,,,,,,,,,,,,,Not conservation-tested (unresolved position)
rpoC,c.1434C>T,rifampicin,,False,"Beta-prime subunit of RNA polymerase. Mutations here compensate for the conformational changes in the RNA polymerase complex caused by rpoB RRDR resistance mutations, restoring transcription efficiency.",Comas et al. 2012 Nat Genet; Muller et al. 2017,0.0,0.018237,0.0,1.1632651366829169e-05,9.983995022033956e-05,0.0,-19.93156856932417,,,,False,,,,False,,,,,,,,,,,,,,,,Not conservation-tested (unresolved position)
rpoC,c.3162G>C,rifampicin,,False,"Beta-prime subunit of RNA polymerase. Mutations here compensate for the conformational changes in the RNA polymerase complex caused by rpoB RRDR resistance mutations, restoring transcription efficiency.",Comas et al. 2012 Nat Genet; Muller et al. 2017,0.0,0.018237,0.0,1.1632651366829169e-05,9.983995022033956e-05,0.0,-19.93156856932417,,,,False,,,,False,,,,,,,,,,,,,,,,Not conservation-tested (unresolved position)
rpoA,c.144A>T,rifampicin,,False,Compensates transcriptional fitness cost of rpoB RRDR mutations. Mutations in the alpha subunit of RNA polymerase restore the binding geometry disrupted by rpoB resistance mutations.,Comas et al. 2012 Nat Genet; Gagneux et al.,0.0,0.018237,0.0,1.1632651366829169e-05,9.983995022033956e-05,0.0,-19.93156856932417,,,,False,,,,False,,,,,,,,,,,,,,,,Not conservation-tested (unresolved position)
kasA,c.588C>T,isoniazid,,False,Beta-ketoacyl ACP synthase involved in mycolic acid synthesis. Mutations here can partially compensate for inhA-mediated INH resistance by altering the flux through the FAS-II fatty acid synthesis pathway.,Mdluli et al. 1998,0.0,0.018237,0.0,1.1632651366829169e-05,9.983995022033956e-05,0.0,-19.93156856932417,,,,False,,,,False,,,,,,,,,,,,,,,,Not conservation-tested (unresolved position)
rpoA,c.585C>T,rifampicin,,False,Compensates transcriptional fitness cost of rpoB RRDR mutations. Mutations in the alpha subunit of RNA polymerase restore the binding geometry disrupted by rpoB resistance mutations.,Comas et al. 2012 Nat Genet; Gagneux et al.,0.0,0.018237,0.0,1.1632651366829169e-05,9.983995022033956e-05,0.0,-19.93156856932417,,,,False,,,,False,,,,,,,,,,,,,,,,Not conservation-tested (unresolved position)
ahpC,p.Thr105Lys,isoniazid,,False,Alkyl hydroperoxide reductase. Upregulation compensates for the loss of KatG-mediated oxidative defence when katG is inactivated by INH-resistance mutations. Promoter mutations causing ahpC upregulation are the canonical compensatory mechanism for katG LoF.,Sherman et al. 1996; Heym et al. 1997,0.0,0.018237,0.0,1.1632651366829169e-05,9.983995022033956e-05,0.0,-19.93156856932417,,,,False,,,,False,,,,,,,,,,,,,,,,Not conservation-tested (unresolved position)
kasA,c.1125A>C,isoniazid,,False,Beta-ketoacyl ACP synthase involved in mycolic acid synthesis. Mutations here can partially compensate for inhA-mediated INH resistance by altering the flux through the FAS-II fatty acid synthesis pathway.,Mdluli et al. 1998,0.0,0.018237,0.0,1.1632651366829169e-05,9.983995022033956e-05,0.0,-19.93156856932417,,,,False,,,,False,,,,,,,,,,,,,,,,Not conservation-tested (unresolved position)
kasA,c.1185C>T,isoniazid,,False,Beta-ketoacyl ACP synthase involved in mycolic acid synthesis. Mutations here can partially compensate for inhA-mediated INH resistance by altering the flux through the FAS-II fatty acid synthesis pathway.,Mdluli et al. 1998,0.0,0.018237,0.0,1.1632651366829169e-05,9.983995022033956e-05,0.0,-19.93156856932417,,,,False,,,,False,,,,,,,,,,,,,,,,Not conservation-tested (unresolved position)
ndh,p.Asp433Glu,isoniazid,,False,"NADH dehydrogenase. Loss-of-function mutations raise the NADH/NAD+ ratio, which can compensate for INH-mediated inhibition of InhA (InhA requires NADH as cofactor). Not a direct resistance mutation but modulates the INH activation and target environment.",Miesel et al. 1998,0.0,0.018237,0.0,1.1632651366829169e-05,9.983995022033956e-05,0.0,-19.93156856932417,,,,False,,,,False,,,,,,,,,,,,,,,,Not conservation-tested (unresolved position)
ahpC,c.348C>G,isoniazid,,False,Alkyl hydroperoxide reductase. Upregulation compensates for the loss of KatG-mediated oxidative defence when katG is inactivated by INH-resistance mutations. Promoter mutations causing ahpC upregulation are the canonical compensatory mechanism for katG LoF.,Sherman et al. 1996; Heym et al. 1997,0.0,0.018237,0.0,1.1632651366829169e-05,9.983995022033956e-05,0.0,-19.93156856932417,,,,False,,,,False,,,,,,,,,,,,,,,,Not conservation-tested (unresolved position)
rpoA,c.-410G>A,rifampicin,,False,Compensates transcriptional fitness cost of rpoB RRDR mutations. Mutations in the alpha subunit of RNA polymerase restore the binding geometry disrupted by rpoB resistance mutations.,Comas et al. 2012 Nat Genet; Gagneux et al.,0.0,0.018237,0.0,1.1632651366829169e-05,9.983995022033956e-05,0.0,-19.93156856932417,,,,False,,,,False,,,,,,,,,,,,,,,,Not conservation-tested (unresolved position)
ndh,c.141C>G,isoniazid,,False,"NADH dehydrogenase. Loss-of-function mutations raise the NADH/NAD+ ratio, which can compensate for INH-mediated inhibition of InhA (InhA requires NADH as cofactor). Not a direct resistance mutation but modulates the INH activation and target environment.",Miesel et al. 1998,0.0,0.018237,0.0,1.1632651366829169e-05,9.983995022033956e-05,0.0,-19.93156856932417,,,,False,,,,False,,,,,,,,,,,,,,,,Not conservation-tested (unresolved position)
mmpL5,p.Val809Leu,bedaquiline/clofazimine,,False,MmpL5 efflux pump structural component. Gain-of-function mutations that increase pump activity may compensate for BDQ/CFZ fitness costs in highly resistant strains. Borderline primary/compensatory — flag for manual review.,Andries et al.; Hartkoorn et al. 2014,0.0,0.018237,0.0,1.1632651366829169e-05,9.983995022033956e-05,0.0,-19.93156856932417,,,,False,,,,False,,,,,,,,,,,,,,,,Not conservation-tested (unresolved position)
ndh,c.96G>A,isoniazid,,False,"NADH dehydrogenase. Loss-of-function mutations raise the NADH/NAD+ ratio, which can compensate for INH-mediated inhibition of InhA (InhA requires NADH as cofactor). Not a direct resistance mutation but modulates the INH activation and target environment.",Miesel et al. 1998,0.0,0.018237,0.0,1.1632651366829169e-05,9.983995022033956e-05,0.0,-19.93156856932417,,,,False,,,,False,,,,,,,,,,,,,,,,Not conservation-tested (unresolved position)
rpoA,c.117T>C,rifampicin,,False,Compensates transcriptional fitness cost of rpoB RRDR mutations. Mutations in the alpha subunit of RNA polymerase restore the binding geometry disrupted by rpoB resistance mutations.,Comas et al. 2012 Nat Genet; Gagneux et al.,0.0,0.018237,0.0,1.1632651366829169e-05,9.983995022033956e-05,0.0,-19.93156856932417,,,,False,,,,False,,,,,,,,,,,,,,,,Not conservation-tested (unresolved position)
rpoA,c.339G>C,rifampicin,,False,Compensates transcriptional fitness cost of rpoB RRDR mutations. Mutations in the alpha subunit of RNA polymerase restore the binding geometry disrupted by rpoB resistance mutations.,Comas et al. 2012 Nat Genet; Gagneux et al.,0.0,0.018237,0.0,1.1632651366829169e-05,9.983995022033956e-05,0.0,-19.93156856932417,,,,False,,,,False,,,,,,,,,,,,,,,,Not conservation-tested (unresolved position)
ndh,c.123G>A,isoniazid,,False,"NADH dehydrogenase. Loss-of-function mutations raise the NADH/NAD+ ratio, which can compensate for INH-mediated inhibition of InhA (InhA requires NADH as cofactor). Not a direct resistance mutation but modulates the INH activation and target environment.",Miesel et al. 1998,0.0,0.018237,0.0,1.1632651366829169e-05,9.983995022033956e-05,0.0,-19.93156856932417,,,,False,,,,False,,,,,,,,,,,,,,,,Not conservation-tested (unresolved position)
rpoC,c.1839T>C,rifampicin,,False,"Beta-prime subunit of RNA polymerase. Mutations here compensate for the conformational changes in the RNA polymerase complex caused by rpoB RRDR resistance mutations, restoring transcription efficiency.",Comas et al. 2012 Nat Genet; Muller et al. 2017,0.0,0.018237,0.0,1.1632651366829169e-05,9.983995022033956e-05,0.0,-19.93156856932417,,,,False,,,,False,,,,,,,,,,,,,,,,Not conservation-tested (unresolved position)
rpoA,c.309T>C,rifampicin,,False,Compensates transcriptional fitness cost of rpoB RRDR mutations. Mutations in the alpha subunit of RNA polymerase restore the binding geometry disrupted by rpoB resistance mutations.,Comas et al. 2012 Nat Genet; Gagneux et al.,0.0,0.018237,0.0,1.1632651366829169e-05,9.983995022033956e-05,0.0,-19.93156856932417,,,,False,,,,False,,,,,,,,,,,,,,,,Not conservation-tested (unresolved position)
rpoC,c.234C>T,rifampicin,,False,"Beta-prime subunit of RNA polymerase. Mutations here compensate for the conformational changes in the RNA polymerase complex caused by rpoB RRDR resistance mutations, restoring transcription efficiency.",Comas et al. 2012 Nat Genet; Muller et al. 2017,0.0,0.018237,0.0,1.1632651366829169e-05,9.983995022033956e-05,0.0,-19.93156856932417,,,,False,,,,False,,,,,,,,,,,,,,,,Not conservation-tested (unresolved position)
kasA,c.1053T>G,isoniazid,,False,Beta-ketoacyl ACP synthase involved in mycolic acid synthesis. Mutations here can partially compensate for inhA-mediated INH resistance by altering the flux through the FAS-II fatty acid synthesis pathway.,Mdluli et al. 1998,0.0,0.018237,0.0,1.1632651366829169e-05,9.983995022033956e-05,0.0,-19.93156856932417,,,,False,,,,False,,,,,,,,,,,,,,,,Not conservation-tested (unresolved position)
ndh,c.357G>C,isoniazid,,False,"NADH dehydrogenase. Loss-of-function mutations raise the NADH/NAD+ ratio, which can compensate for INH-mediated inhibition of InhA (InhA requires NADH as cofactor). Not a direct resistance mutation but modulates the INH activation and target environment.",Miesel et al. 1998,0.002296,0.025329,0.0907,1.5515629103376702e-05,0.0001303531374671,0.0885615650172612,-3.497175472819083,,,,False,,,,False,,,,,,,,,,,,,,,,Not conservation-tested (unresolved position)
kasA,c.1008G>C,isoniazid,,False,Beta-ketoacyl ACP synthase involved in mycolic acid synthesis. Mutations here can partially compensate for inhA-mediated INH resistance by altering the flux through the FAS-II fatty acid synthesis pathway.,Mdluli et al. 1998,0.0,0.017224,0.0,2.235850396297177e-05,0.000174337877306,0.0,-19.93156856932417,,,,False,,,,False,,,,,,,,,,,,,,,,Not conservation-tested (unresolved position)
mmpL5,c.1263G>A,bedaquiline/clofazimine,,False,MmpL5 efflux pump structural component. Gain-of-function mutations that increase pump activity may compensate for BDQ/CFZ fitness costs in highly resistant strains. Borderline primary/compensatory — flag for manual review.,Andries et al.; Hartkoorn et al. 2014,0.0,0.017224,0.0,2.235850396297177e-05,0.000174337877306,0.0,-19.93156856932417,,,,False,,,,False,,,,,,,,,,,,,,,,Not conservation-tested (unresolved position)
rpoA,c.-479G>C,rifampicin,,False,Compensates transcriptional fitness cost of rpoB RRDR mutations. Mutations in the alpha subunit of RNA polymerase restore the binding geometry disrupted by rpoB resistance mutations.,Comas et al. 2012 Nat Genet; Gagneux et al.,0.0,0.017224,0.0,2.235850396297177e-05,0.000174337877306,0.0,-19.93156856932417,,,,False,,,,False,,,,,,,,,,,,,,,,Not conservation-tested (unresolved position)
mmpL5,c.1380C>G,bedaquiline/clofazimine,,False,MmpL5 efflux pump structural component. Gain-of-function mutations that increase pump activity may compensate for BDQ/CFZ fitness costs in highly resistant strains. Borderline primary/compensatory — flag for manual review.,Andries et al.; Hartkoorn et al. 2014,0.0,0.017224,0.0,2.235850396297177e-05,0.000174337877306,0.0,-19.93156856932417,,,,False,,,,False,,,,,,,,,,,,,,,,Not conservation-tested (unresolved position)
gyrB,p.Leu595Gln,fluoroquinolones,,False,"DNA gyrase B subunit. gyrB mutations can compensate for the supercoiling defects caused by gyrA QRDR (Quinolone Resistance-Determining Region) primary resistance mutations, restoring adequate DNA replication efficiency.",Avalos Vizcaino et al.; Mayer & Fierer 2014,0.0,0.017224,0.0,2.235850396297177e-05,0.000174337877306,0.0,-19.93156856932417,,,,False,,,,False,,,,,,,,,,,,,,,,Not conservation-tested (unresolved position)
mmpL5,c.852C>A,bedaquiline/clofazimine,,False,MmpL5 efflux pump structural component. Gain-of-function mutations that increase pump activity may compensate for BDQ/CFZ fitness costs in highly resistant strains. Borderline primary/compensatory — flag for manual review.,Andries et al.; Hartkoorn et al. 2014,0.0,0.017224,0.0,2.235850396297177e-05,0.000174337877306,0.0,-19.93156856932417,,,,False,,,,False,,,,,,,,,,,,,,,,Not conservation-tested (unresolved position)
mmpL5,c.1290C>G,bedaquiline/clofazimine,,False,MmpL5 efflux pump structural component. Gain-of-function mutations that increase pump activity may compensate for BDQ/CFZ fitness costs in highly resistant strains. Borderline primary/compensatory — flag for manual review.,Andries et al.; Hartkoorn et al. 2014,0.0,0.017224,0.0,2.235850396297177e-05,0.000174337877306,0.0,-19.93156856932417,,,,False,,,,False,,,,,,,,,,,,,,,,Not conservation-tested (unresolved position)
rpoC,p.Glu141Asp,rifampicin,,False,"Beta-prime subunit of RNA polymerase. Mutations here compensate for the conformational changes in the RNA polymerase complex caused by rpoB RRDR resistance mutations, restoring transcription efficiency.",Comas et al. 2012 Nat Genet; Muller et al. 2017,0.0,0.017224,0.0,2.235850396297177e-05,0.000174337877306,0.0,-19.93156856932417,,,,False,,,,False,,,,,,,,,,,,,,,,Not conservation-tested (unresolved position)
ndh,c.1104A>G,isoniazid,,False,"NADH dehydrogenase. Loss-of-function mutations raise the NADH/NAD+ ratio, which can compensate for INH-mediated inhibition of InhA (InhA requires NADH as cofactor). Not a direct resistance mutation but modulates the INH activation and target environment.",Miesel et al. 1998,0.0,0.017224,0.0,2.235850396297177e-05,0.000174337877306,0.0,-19.93156856932417,,,,False,,,,False,,,,,,,,,,,,,,,,Not conservation-tested (unresolved position)
rpoA,c.915C>T,rifampicin,,False,Compensates transcriptional fitness cost of rpoB RRDR mutations. Mutations in the alpha subunit of RNA polymerase restore the binding geometry disrupted by rpoB resistance mutations.,Comas et al. 2012 Nat Genet; Gagneux et al.,0.0,0.017224,0.0,2.235850396297177e-05,0.000174337877306,0.0,-19.93156856932417,,,,False,,,,False,,,,,,,,,,,,,,,,Not conservation-tested (unresolved position)
mmpL5,c.2445G>C,bedaquiline/clofazimine,,False,MmpL5 efflux pump structural component. Gain-of-function mutations that increase pump activity may compensate for BDQ/CFZ fitness costs in highly resistant strains. Borderline primary/compensatory — flag for manual review.,Andries et al.; Hartkoorn et al. 2014,0.0,0.017224,0.0,2.235850396297177e-05,0.000174337877306,0.0,-19.93156856932417,,,,False,,,,False,,,,,,,,,,,,,,,,Not conservation-tested (unresolved position)
mmpL5,c.1371T>G,bedaquiline/clofazimine,,False,MmpL5 efflux pump structural component. Gain-of-function mutations that increase pump activity may compensate for BDQ/CFZ fitness costs in highly resistant strains. Borderline primary/compensatory — flag for manual review.,Andries et al.; Hartkoorn et al. 2014,0.0,0.017224,0.0,2.235850396297177e-05,0.000174337877306,0.0,-19.93156856932417,,,,False,,,,False,,,,,,,,,,,,,,,,Not conservation-tested (unresolved position)
rpoA,c.-206G>A,rifampicin,,False,Compensates transcriptional fitness cost of rpoB RRDR mutations. Mutations in the alpha subunit of RNA polymerase restore the binding geometry disrupted by rpoB resistance mutations.,Comas et al. 2012 Nat Genet; Gagneux et al.,0.0,0.017224,0.0,2.235850396297177e-05,0.000174337877306,0.0,-19.93156856932417,,,,False,,,,False,,,,,,,,,,,,,,,,Not conservation-tested (unresolved position)
ndh,p.Ile391Phe,isoniazid,,False,"NADH dehydrogenase. Loss-of-function mutations raise the NADH/NAD+ ratio, which can compensate for INH-mediated inhibition of InhA (InhA requires NADH as cofactor). Not a direct resistance mutation but modulates the INH activation and target environment.",Miesel et al. 1998,0.0,0.017224,0.0,2.235850396297177e-05,0.000174337877306,0.0,-19.93156856932417,,,,False,,,,False,,,,,,,,,,,,,,,,Not conservation-tested (unresolved position)
kasA,p.Glu49Asp,isoniazid,,False,Beta-ketoacyl ACP synthase involved in mycolic acid synthesis. Mutations here can partially compensate for inhA-mediated INH resistance by altering the flux through the FAS-II fatty acid synthesis pathway.,Mdluli et al. 1998,0.0,0.017224,0.0,2.235850396297177e-05,0.000174337877306,0.0,-19.93156856932417,,,,False,,,,False,,,,,,,,,,,,,,,,Not conservation-tested (unresolved position)
kasA,c.1230G>A,isoniazid,,False,Beta-ketoacyl ACP synthase involved in mycolic acid synthesis. Mutations here can partially compensate for inhA-mediated INH resistance by altering the flux through the FAS-II fatty acid synthesis pathway.,Mdluli et al. 1998,0.0,0.017224,0.0,2.235850396297177e-05,0.000174337877306,0.0,-19.93156856932417,,,,False,,,,False,,,,,,,,,,,,,,,,Not conservation-tested (unresolved position)
kasA,c.876T>G,isoniazid,,False,Beta-ketoacyl ACP synthase involved in mycolic acid synthesis. Mutations here can partially compensate for inhA-mediated INH resistance by altering the flux through the FAS-II fatty acid synthesis pathway.,Mdluli et al. 1998,0.0,0.017224,0.0,2.235850396297177e-05,0.000174337877306,0.0,-19.93156856932417,,,,False,,,,False,,,,,,,,,,,,,,,,Not conservation-tested (unresolved position)
mmpL5,c.655T>C,bedaquiline/clofazimine,,False,MmpL5 efflux pump structural component. Gain-of-function mutations that increase pump activity may compensate for BDQ/CFZ fitness costs in highly resistant strains. Borderline primary/compensatory — flag for manual review.,Andries et al.; Hartkoorn et al. 2014,0.0,0.017224,0.0,2.235850396297177e-05,0.000174337877306,0.0,-19.93156856932417,,,,False,,,,False,,,,,,,,,,,,,,,,Not conservation-tested (unresolved position)
rpoC,c.2190G>C,rifampicin,,False,"Beta-prime subunit of RNA polymerase. Mutations here compensate for the conformational changes in the RNA polymerase complex caused by rpoB RRDR resistance mutations, restoring transcription efficiency.",Comas et al. 2012 Nat Genet; Muller et al. 2017,0.0,0.017224,0.0,2.235850396297177e-05,0.000174337877306,0.0,-19.93156856932417,,,,False,,,,False,,,,,,,,,,,,,,,,Not conservation-tested (unresolved position)
gyrB,c.588G>A,fluoroquinolones,,False,"DNA gyrase B subunit. gyrB mutations can compensate for the supercoiling defects caused by gyrA QRDR (Quinolone Resistance-Determining Region) primary resistance mutations, restoring adequate DNA replication efficiency.",Avalos Vizcaino et al.; Mayer & Fierer 2014,0.0,0.017224,0.0,2.235850396297177e-05,0.000174337877306,0.0,-19.93156856932417,,,,False,,,,False,,,,,,,,,,,,,,,,Not conservation-tested (unresolved position)
kasA,c.453G>C,isoniazid,,False,Beta-ketoacyl ACP synthase involved in mycolic acid synthesis. Mutations here can partially compensate for inhA-mediated INH resistance by altering the flux through the FAS-II fatty acid synthesis pathway.,Mdluli et al. 1998,0.0,0.017224,0.0,2.235850396297177e-05,0.000174337877306,0.0,-19.93156856932417,,,,False,,,,False,,,,,,,,,,,,,,,,Not conservation-tested (unresolved position)
rpoC,c.1923G>T,rifampicin,,False,"Beta-prime subunit of RNA polymerase. Mutations here compensate for the conformational changes in the RNA polymerase complex caused by rpoB RRDR resistance mutations, restoring transcription efficiency.",Comas et al. 2012 Nat Genet; Muller et al. 2017,0.0,0.017224,0.0,2.235850396297177e-05,0.000174337877306,0.0,-19.93156856932417,,,,False,,,,False,,,,,,,,,,,,,,,,Not conservation-tested (unresolved position)
rpoA,c.120C>G,rifampicin,,False,Compensates transcriptional fitness cost of rpoB RRDR mutations. Mutations in the alpha subunit of RNA polymerase restore the binding geometry disrupted by rpoB resistance mutations.,Comas et al. 2012 Nat Genet; Gagneux et al.,0.0,0.017224,0.0,2.235850396297177e-05,0.000174337877306,0.0,-19.93156856932417,,,,False,,,,False,,,,,,,,,,,,,,,,Not conservation-tested (unresolved position)
kasA,c.630C>T,isoniazid,,False,Beta-ketoacyl ACP synthase involved in mycolic acid synthesis. Mutations here can partially compensate for inhA-mediated INH resistance by altering the flux through the FAS-II fatty acid synthesis pathway.,Mdluli et al. 1998,0.0,0.017224,0.0,2.235850396297177e-05,0.000174337877306,0.0,-19.93156856932417,,,,False,,,,False,,,,,,,,,,,,,,,,Not conservation-tested (unresolved position)
rpoC,c.-180C>T,rifampicin,,False,"Beta-prime subunit of RNA polymerase. Mutations here compensate for the conformational changes in the RNA polymerase complex caused by rpoB RRDR resistance mutations, restoring transcription efficiency.",Comas et al. 2012 Nat Genet; Muller et al. 2017,0.0,0.017224,0.0,2.235850396297177e-05,0.000174337877306,0.0,-19.93156856932417,,,,False,,,,False,,,,,,,,,,,,,,,,Not conservation-tested (unresolved position)
gyrB,c.396C>G,fluoroquinolones,,False,"DNA gyrase B subunit. gyrB mutations can compensate for the supercoiling defects caused by gyrA QRDR (Quinolone Resistance-Determining Region) primary resistance mutations, restoring adequate DNA replication efficiency.",Avalos Vizcaino et al.; Mayer & Fierer 2014,0.0,0.017224,0.0,2.235850396297177e-05,0.000174337877306,0.0,-19.93156856932417,,,,False,,,,False,,,,,,,,,,,,,,,,Not conservation-tested (unresolved position)
gyrB,c.552A>G,fluoroquinolones,,False,"DNA gyrase B subunit. gyrB mutations can compensate for the supercoiling defects caused by gyrA QRDR (Quinolone Resistance-Determining Region) primary resistance mutations, restoring adequate DNA replication efficiency.",Avalos Vizcaino et al.; Mayer & Fierer 2014,0.0,0.017224,0.0,2.235850396297177e-05,0.000174337877306,0.0,-19.93156856932417,,,,False,,,,False,,,,,,,,,,,,,,,,Not conservation-tested (unresolved position)
rpoC,c.3225G>C,rifampicin,,False,"Beta-prime subunit of RNA polymerase. Mutations here compensate for the conformational changes in the RNA polymerase complex caused by rpoB RRDR resistance mutations, restoring transcription efficiency.",Comas et al. 2012 Nat Genet; Muller et al. 2017,0.002296,0.024316,0.0944,2.829821593626717e-05,0.0002167561580222,0.0923475258918297,-3.436782879692097,,,,False,,,,False,,,,,,,,,,,,,,,,Not conservation-tested (unresolved position)
ahpC,c.501C>G,isoniazid,,False,Alkyl hydroperoxide reductase. Upregulation compensates for the loss of KatG-mediated oxidative defence when katG is inactivated by INH-resistance mutations. Promoter mutations causing ahpC upregulation are the canonical compensatory mechanism for katG LoF.,Sherman et al. 1996; Heym et al. 1997,0.001148,0.021277,0.054,3.373580303878289e-05,0.0002469129633452,0.0528735632183908,-4.2413096346790775,,,,False,,,,False,,,,,,,,,,,,,,,,Not conservation-tested (unresolved position)
ahpC,c.489A>C,isoniazid,,False,Alkyl hydroperoxide reductase. Upregulation compensates for the loss of KatG-mediated oxidative defence when katG is inactivated by INH-resistance mutations. Promoter mutations causing ahpC upregulation are the canonical compensatory mechanism for katG LoF.,Sherman et al. 1996; Heym et al. 1997,0.001148,0.021277,0.054,3.373580303878289e-05,0.0002469129633452,0.0528735632183908,-4.2413096346790775,,,,False,,,,False,,,,,,,,,,,,,,,,Not conservation-tested (unresolved position)
ahpC,p.Asp159Glu,isoniazid,,False,Alkyl hydroperoxide reductase. Upregulation compensates for the loss of KatG-mediated oxidative defence when katG is inactivated by INH-resistance mutations. Promoter mutations causing ahpC upregulation are the canonical compensatory mechanism for katG LoF.,Sherman et al. 1996; Heym et al. 1997,0.001148,0.021277,0.054,3.373580303878289e-05,0.0002469129633452,0.0528735632183908,-4.2413096346790775,,,,False,,,,False,,,,,,,,,,,,,,,,Not conservation-tested (unresolved position)
mmpL5,c.2484T>C,bedaquiline/clofazimine,,False,MmpL5 efflux pump structural component. Gain-of-function mutations that increase pump activity may compensate for BDQ/CFZ fitness costs in highly resistant strains. Borderline primary/compensatory — flag for manual review.,Andries et al.; Hartkoorn et al. 2014,0.001148,0.021277,0.054,3.373580303878289e-05,0.0002469129633452,0.0528735632183908,-4.2413096346790775,,,,False,,,,False,,,,,,,,,,,,,,,,Not conservation-tested (unresolved position)
rpoC,c.123G>C,rifampicin,,False,"Beta-prime subunit of RNA polymerase. Mutations here compensate for the conformational changes in the RNA polymerase complex caused by rpoB RRDR resistance mutations, restoring transcription efficiency.",Comas et al. 2012 Nat Genet; Muller et al. 2017,0.001148,0.020263,0.0567,3.3369924992747835e-05,0.0002469129633452,0.0555747126436781,-4.169427606146612,,,,False,,,,False,,,,,,,,,,,,,,,,Not conservation-tested (unresolved position)
mmpL5,c.2442C>G,bedaquiline/clofazimine,,False,MmpL5 efflux pump structural component. Gain-of-function mutations that increase pump activity may compensate for BDQ/CFZ fitness costs in highly resistant strains. Borderline primary/compensatory — flag for manual review.,Andries et al.; Hartkoorn et al. 2014,0.001148,0.020263,0.0567,3.3369924992747835e-05,0.0002469129633452,0.0555747126436781,-4.169427606146612,,,,False,,,,False,,,,,,,,,,,,,,,,Not conservation-tested (unresolved position)
kasA,c.237C>T,isoniazid,,False,Beta-ketoacyl ACP synthase involved in mycolic acid synthesis. Mutations here can partially compensate for inhA-mediated INH resistance by altering the flux through the FAS-II fatty acid synthesis pathway.,Mdluli et al. 1998,0.0,0.016211,0.0,4.30179592736006e-05,0.0002988088815918,0.0,-19.93156856932417,,,,False,,,,False,,,,,,,,,,,,,,,,Not conservation-tested (unresolved position)
mmpL5,c.2358G>C,bedaquiline/clofazimine,,False,MmpL5 efflux pump structural component. Gain-of-function mutations that increase pump activity may compensate for BDQ/CFZ fitness costs in highly resistant strains. Borderline primary/compensatory — flag for manual review.,Andries et al.; Hartkoorn et al. 2014,0.0,0.016211,0.0,4.30179592736006e-05,0.0002988088815918,0.0,-19.93156856932417,,,,False,,,,False,,,,,,,,,,,,,,,,Not conservation-tested (unresolved position)
rpoA,c.630G>C,rifampicin,,False,Compensates transcriptional fitness cost of rpoB RRDR mutations. Mutations in the alpha subunit of RNA polymerase restore the binding geometry disrupted by rpoB resistance mutations.,Comas et al. 2012 Nat Genet; Gagneux et al.,0.0,0.016211,0.0,4.30179592736006e-05,0.0002988088815918,0.0,-19.93156856932417,,,,False,,,,False,,,,,,,,,,,,,,,,Not conservation-tested (unresolved position)
mmpL5,c.1821C>G,bedaquiline/clofazimine,,False,MmpL5 efflux pump structural component. Gain-of-function mutations that increase pump activity may compensate for BDQ/CFZ fitness costs in highly resistant strains. Borderline primary/compensatory — flag for manual review.,Andries et al.; Hartkoorn et al. 2014,0.0,0.016211,0.0,4.30179592736006e-05,0.0002988088815918,0.0,-19.93156856932417,,,,False,,,,False,,,,,,,,,,,,,,,,Not conservation-tested (unresolved position)
ahpC,c.63T>C,isoniazid,,False,Alkyl hydroperoxide reductase. Upregulation compensates for the loss of KatG-mediated oxidative defence when katG is inactivated by INH-resistance mutations. Promoter mutations causing ahpC upregulation are the canonical compensatory mechanism for katG LoF.,Sherman et al. 1996; Heym et al. 1997,0.0,0.016211,0.0,4.30179592736006e-05,0.0002988088815918,0.0,-19.93156856932417,,,,False,,,,False,,,,,,,,,,,,,,,,Not conservation-tested (unresolved position)
rpoC,c.2613C>T,rifampicin,,False,"Beta-prime subunit of RNA polymerase. Mutations here compensate for the conformational changes in the RNA polymerase complex caused by rpoB RRDR resistance mutations, restoring transcription efficiency.",Comas et al. 2012 Nat Genet; Muller et al. 2017,0.0,0.016211,0.0,4.30179592736006e-05,0.0002988088815918,0.0,-19.93156856932417,,,,False,,,,False,,,,,,,,,,,,,,,,Not conservation-tested (unresolved position)
ahpC,c.66C>T,isoniazid,,False,Alkyl hydroperoxide reductase. Upregulation compensates for the loss of KatG-mediated oxidative defence when katG is inactivated by INH-resistance mutations. Promoter mutations causing ahpC upregulation are the canonical compensatory mechanism for katG LoF.,Sherman et al. 1996; Heym et al. 1997,0.0,0.016211,0.0,4.30179592736006e-05,0.0002988088815918,0.0,-19.93156856932417,,,,False,,,,False,,,,,,,,,,,,,,,,Not conservation-tested (unresolved position)
rpoC,c.2610C>G,rifampicin,,False,"Beta-prime subunit of RNA polymerase. Mutations here compensate for the conformational changes in the RNA polymerase complex caused by rpoB RRDR resistance mutations, restoring transcription efficiency.",Comas et al. 2012 Nat Genet; Muller et al. 2017,0.0,0.016211,0.0,4.30179592736006e-05,0.0002988088815918,0.0,-19.93156856932417,,,,False,,,,False,,,,,,,,,,,,,,,,Not conservation-tested (unresolved position)
mmpL5,c.2565T>C,bedaquiline/clofazimine,,False,MmpL5 efflux pump structural component. Gain-of-function mutations that increase pump activity may compensate for BDQ/CFZ fitness costs in highly resistant strains. Borderline primary/compensatory — flag for manual review.,Andries et al.; Hartkoorn et al. 2014,0.0,0.016211,0.0,4.30179592736006e-05,0.0002988088815918,0.0,-19.93156856932417,,,,False,,,,False,,,,,,,,,,,,,,,,Not conservation-tested (unresolved position)
kasA,c.525G>C,isoniazid,,False,Beta-ketoacyl ACP synthase involved in mycolic acid synthesis. Mutations here can partially compensate for inhA-mediated INH resistance by altering the flux through the FAS-II fatty acid synthesis pathway.,Mdluli et al. 1998,0.0,0.016211,0.0,4.30179592736006e-05,0.0002988088815918,0.0,-19.93156856932417,,,,False,,,,False,,,,,,,,,,,,,,,,Not conservation-tested (unresolved position)
rpoC,c.3919C>T,rifampicin,,False,"Beta-prime subunit of RNA polymerase. Mutations here compensate for the conformational changes in the RNA polymerase complex caused by rpoB RRDR resistance mutations, restoring transcription efficiency.",Comas et al. 2012 Nat Genet; Muller et al. 2017,0.0,0.016211,0.0,4.30179592736006e-05,0.0002988088815918,0.0,-19.93156856932417,,,,False,,,,False,,,,,,,,,,,,,,,,Not conservation-tested (unresolved position)
mmpL5,p.Ile227Val,bedaquiline/clofazimine,,False,MmpL5 efflux pump structural component. Gain-of-function mutations that increase pump activity may compensate for BDQ/CFZ fitness costs in highly resistant strains. Borderline primary/compensatory — flag for manual review.,Andries et al.; Hartkoorn et al. 2014,0.0,0.016211,0.0,4.30179592736006e-05,0.0002988088815918,0.0,-19.93156856932417,,,,False,,,,False,,,,,,,,,,,,,,,,Not conservation-tested (unresolved position)
mmpL5,c.1342C>T,bedaquiline/clofazimine,,False,MmpL5 efflux pump structural component. Gain-of-function mutations that increase pump activity may compensate for BDQ/CFZ fitness costs in highly resistant strains. Borderline primary/compensatory — flag for manual review.,Andries et al.; Hartkoorn et al. 2014,0.0,0.016211,0.0,4.30179592736006e-05,0.0002988088815918,0.0,-19.93156856932417,,,,False,,,,False,,,,,,,,,,,,,,,,Not conservation-tested (unresolved position)
gyrB,c.900G>C,fluoroquinolones,,False,"DNA gyrase B subunit. gyrB mutations can compensate for the supercoiling defects caused by gyrA QRDR (Quinolone Resistance-Determining Region) primary resistance mutations, restoring adequate DNA replication efficiency.",Avalos Vizcaino et al.; Mayer & Fierer 2014,0.0,0.016211,0.0,4.30179592736006e-05,0.0002988088815918,0.0,-19.93156856932417,,,,False,,,,False,,,,,,,,,,,,,,,,Not conservation-tested (unresolved position)
rpoC,c.1872C>T,rifampicin,,False,"Beta-prime subunit of RNA polymerase. Mutations here compensate for the conformational changes in the RNA polymerase complex caused by rpoB RRDR resistance mutations, restoring transcription efficiency.",Comas et al. 2012 Nat Genet; Muller et al. 2017,0.0,0.016211,0.0,4.30179592736006e-05,0.0002988088815918,0.0,-19.93156856932417,,,,False,,,,False,,,,,,,,,,,,,,,,Not conservation-tested (unresolved position)
gyrB,c.1524G>C,fluoroquinolones,,False,"DNA gyrase B subunit. gyrB mutations can compensate for the supercoiling defects caused by gyrA QRDR (Quinolone Resistance-Determining Region) primary resistance mutations, restoring adequate DNA replication efficiency.",Avalos Vizcaino et al.; Mayer & Fierer 2014,0.0,0.016211,0.0,4.30179592736006e-05,0.0002988088815918,0.0,-19.93156856932417,,,,False,,,,False,,,,,,,,,,,,,,,,Not conservation-tested (unresolved position)
kasA,c.-174C>G,isoniazid,,False,Beta-ketoacyl ACP synthase involved in mycolic acid synthesis. Mutations here can partially compensate for inhA-mediated INH resistance by altering the flux through the FAS-II fatty acid synthesis pathway.,Mdluli et al. 1998,0.0,0.016211,0.0,4.30179592736006e-05,0.0002988088815918,0.0,-19.93156856932417,,,,False,,,,False,,,,,,,,,,,,,,,,Not conservation-tested (unresolved position)
ndh,c.813G>C,isoniazid,,False,"NADH dehydrogenase. Loss-of-function mutations raise the NADH/NAD+ ratio, which can compensate for INH-mediated inhibition of InhA (InhA requires NADH as cofactor). Not a direct resistance mutation but modulates the INH activation and target environment.",Miesel et al. 1998,0.0,0.016211,0.0,4.30179592736006e-05,0.0002988088815918,0.0,-19.93156856932417,,,,False,,,,False,,,,,,,,,,,,,,,,Not conservation-tested (unresolved position)
ahpC,c.51T>G,isoniazid,,False,Alkyl hydroperoxide reductase. Upregulation compensates for the loss of KatG-mediated oxidative defence when katG is inactivated by INH-resistance mutations. Promoter mutations causing ahpC upregulation are the canonical compensatory mechanism for katG LoF.,Sherman et al. 1996; Heym et al. 1997,0.0,0.016211,0.0,4.30179592736006e-05,0.0002988088815918,0.0,-19.93156856932417,,,,False,,,,False,,,,,,,,,,,,,,,,Not conservation-tested (unresolved position)
mmpL5,c.2421C>G,bedaquiline/clofazimine,,False,MmpL5 efflux pump structural component. Gain-of-function mutations that increase pump activity may compensate for BDQ/CFZ fitness costs in highly resistant strains. Borderline primary/compensatory — flag for manual review.,Andries et al.; Hartkoorn et al. 2014,0.0,0.016211,0.0,4.30179592736006e-05,0.0002988088815918,0.0,-19.93156856932417,,,,False,,,,False,,,,,,,,,,,,,,,,Not conservation-tested (unresolved position)
ndh,c.1287G>C,isoniazid,,False,"NADH dehydrogenase. Loss-of-function mutations raise the NADH/NAD+ ratio, which can compensate for INH-mediated inhibition of InhA (InhA requires NADH as cofactor). Not a direct resistance mutation but modulates the INH activation and target environment.",Miesel et al. 1998,0.0,0.016211,0.0,4.30179592736006e-05,0.0002988088815918,0.0,-19.93156856932417,,,,False,,,,False,,,,,,,,,,,,,,,,Not conservation-tested (unresolved position)
kasA,c.879C>G,isoniazid,,False,Beta-ketoacyl ACP synthase involved in mycolic acid synthesis. Mutations here can partially compensate for inhA-mediated INH resistance by altering the flux through the FAS-II fatty acid synthesis pathway.,Mdluli et al. 1998,0.0,0.016211,0.0,4.30179592736006e-05,0.0002988088815918,0.0,-19.93156856932417,,,,False,,,,False,,,,,,,,,,,,,,,,Not conservation-tested (unresolved position)
kasA,c.840C>G,isoniazid,,False,Beta-ketoacyl ACP synthase involved in mycolic acid synthesis. Mutations here can partially compensate for inhA-mediated INH resistance by altering the flux through the FAS-II fatty acid synthesis pathway.,Mdluli et al. 1998,0.0,0.016211,0.0,4.30179592736006e-05,0.0002988088815918,0.0,-19.93156856932417,,,,False,,,,False,,,,,,,,,,,,,,,,Not conservation-tested (unresolved position)
rpoA,c.303T>C,rifampicin,,False,Compensates transcriptional fitness cost of rpoB RRDR mutations. Mutations in the alpha subunit of RNA polymerase restore the binding geometry disrupted by rpoB resistance mutations.,Comas et al. 2012 Nat Genet; Gagneux et al.,0.0,0.016211,0.0,4.30179592736006e-05,0.0002988088815918,0.0,-19.93156856932417,,,,False,,,,False,,,,,,,,,,,,,,,,Not conservation-tested (unresolved position)
kasA,p.Ile29Val,isoniazid,,False,Beta-ketoacyl ACP synthase involved in mycolic acid synthesis. Mutations here can partially compensate for inhA-mediated INH resistance by altering the flux through the FAS-II fatty acid synthesis pathway.,Mdluli et al. 1998,0.0,0.016211,0.0,4.30179592736006e-05,0.0002988088815918,0.0,-19.93156856932417,,,,False,,,,False,,,,,,,,,,,,,,,,Not conservation-tested (unresolved position)
gyrB,c.567C>G,fluoroquinolones,,False,"DNA gyrase B subunit. gyrB mutations can compensate for the supercoiling defects caused by gyrA QRDR (Quinolone Resistance-Determining Region) primary resistance mutations, restoring adequate DNA replication efficiency.",Avalos Vizcaino et al.; Mayer & Fierer 2014,0.0,0.016211,0.0,4.30179592736006e-05,0.0002988088815918,0.0,-19.93156856932417,,,,False,,,,False,,,,,,,,,,,,,,,,Not conservation-tested (unresolved position)
rpoC,c.879C>G,rifampicin,,False,"Beta-prime subunit of RNA polymerase. Mutations here compensate for the conformational changes in the RNA polymerase complex caused by rpoB RRDR resistance mutations, restoring transcription efficiency.",Comas et al. 2012 Nat Genet; Muller et al. 2017,0.0,0.016211,0.0,4.30179592736006e-05,0.0002988088815918,0.0,-19.93156856932417,,,,False,,,,False,,,,,,,,,,,,,,,,Not conservation-tested (unresolved position)
gyrB,c.570C>G,fluoroquinolones,,False,"DNA gyrase B subunit. gyrB mutations can compensate for the supercoiling defects caused by gyrA QRDR (Quinolone Resistance-Determining Region) primary resistance mutations, restoring adequate DNA replication efficiency.",Avalos Vizcaino et al.; Mayer & Fierer 2014,0.0,0.016211,0.0,4.30179592736006e-05,0.0002988088815918,0.0,-19.93156856932417,,,,False,,,,False,,,,,,,,,,,,,,,,Not conservation-tested (unresolved position)
kasA,c.936C>G,isoniazid,,False,Beta-ketoacyl ACP synthase involved in mycolic acid synthesis. Mutations here can partially compensate for inhA-mediated INH resistance by altering the flux through the FAS-II fatty acid synthesis pathway.,Mdluli et al. 1998,0.0,0.016211,0.0,4.30179592736006e-05,0.0002988088815918,0.0,-19.93156856932417,,,,False,,,,False,,,,,,,,,,,,,,,,Not conservation-tested (unresolved position)
whiB7,c.-487C>G,multiple,,False,"WhiB7 is a transcriptional activator of multiple intrinsic resistance mechanisms including eis (aminoglycoside), tap (efflux), and others. Mutations affecting whiB7 activity can modulate broad fitness costs of MDR. Emerging evidence for compensatory role in MDR-TB fitness restoration.",Burian et al. 2012; Larsson et al.,0.0,0.016211,0.0,4.30179592736006e-05,0.0002988088815918,0.0,-19.93156856932417,,,,False,,,,False,,,,,,,,,,,,,,,,Not conservation-tested (unresolved position)
rpoC,c.3123T>C,rifampicin,,False,"Beta-prime subunit of RNA polymerase. Mutations here compensate for the conformational changes in the RNA polymerase complex caused by rpoB RRDR resistance mutations, restoring transcription efficiency.",Comas et al. 2012 Nat Genet; Muller et al. 2017,0.002296,0.023303,0.0985,5.149848281061068e-05,0.0003500723076527,0.096462700755491,-3.3738849866414515,,,,False,,,,False,,,,,,,,,,,,,,,,Not conservation-tested (unresolved position)
gyrB,c.774G>C,fluoroquinolones,,False,"DNA gyrase B subunit. gyrB mutations can compensate for the supercoiling defects caused by gyrA QRDR (Quinolone Resistance-Determining Region) primary resistance mutations, restoring adequate DNA replication efficiency.",Avalos Vizcaino et al.; Mayer & Fierer 2014,0.002296,0.023303,0.0985,5.149848281061068e-05,0.0003500723076527,0.096462700755491,-3.3738849866414515,,,,False,,,,False,,,,,,,,,,,,,,,,Not conservation-tested (unresolved position)
gyrB,c.1053G>C,fluoroquinolones,,False,"DNA gyrase B subunit. gyrB mutations can compensate for the supercoiling defects caused by gyrA QRDR (Quinolone Resistance-Determining Region) primary resistance mutations, restoring adequate DNA replication efficiency.",Avalos Vizcaino et al.; Mayer & Fierer 2014,0.002296,0.023303,0.0985,5.149848281061068e-05,0.0003500723076527,0.096462700755491,-3.3738849866414515,,,,False,,,,False,,,,,,,,,,,,,,,,Not conservation-tested (unresolved position)
rpoC,p.Asp754Glu,rifampicin,,False,"Beta-prime subunit of RNA polymerase. Mutations here compensate for the conformational changes in the RNA polymerase complex caused by rpoB RRDR resistance mutations, restoring transcription efficiency.",Comas et al. 2012 Nat Genet; Muller et al. 2017,0.002296,0.023303,0.0985,5.149848281061068e-05,0.0003500723076527,0.096462700755491,-3.3738849866414515,,,,False,,,,False,,,,,,,,,,,,,,,,Not conservation-tested (unresolved position)
rpoC,c.3765C>A,rifampicin,,False,"Beta-prime subunit of RNA polymerase. Mutations here compensate for the conformational changes in the RNA polymerase complex caused by rpoB RRDR resistance mutations, restoring transcription efficiency.",Comas et al. 2012 Nat Genet; Muller et al. 2017,0.002296,0.023303,0.0985,5.149848281061068e-05,0.0003500723076527,0.096462700755491,-3.3738849866414515,,,,False,,,,False,,,,,,,,,,,,,,,,Not conservation-tested (unresolved position)
ndh,c.1050A>G,isoniazid,,False,"NADH dehydrogenase. Loss-of-function mutations raise the NADH/NAD+ ratio, which can compensate for INH-mediated inhibition of InhA (InhA requires NADH as cofactor). Not a direct resistance mutation but modulates the INH activation and target environment.",Miesel et al. 1998,0.001148,0.01925,0.0596,6.117308282885352e-05,0.0004094220915277,0.0585601935874168,-4.093935866905081,,,,False,,,,False,,,,,,,,,,,,,,,,Not conservation-tested (unresolved position)
ahpC,c.222G>A,isoniazid,,False,Alkyl hydroperoxide reductase. Upregulation compensates for the loss of KatG-mediated oxidative defence when katG is inactivated by INH-resistance mutations. Promoter mutations causing ahpC upregulation are the canonical compensatory mechanism for katG LoF.,Sherman et al. 1996; Heym et al. 1997,0.001148,0.01925,0.0596,6.117308282885352e-05,0.0004094220915277,0.0585601935874168,-4.093935866905081,,,,False,,,,False,,,,,,,,,,,,,,,,Not conservation-tested (unresolved position)
gyrB,c.1017G>A,fluoroquinolones,,False,"DNA gyrase B subunit. gyrB mutations can compensate for the supercoiling defects caused by gyrA QRDR (Quinolone Resistance-Determining Region) primary resistance mutations, restoring adequate DNA replication efficiency.",Avalos Vizcaino et al.; Mayer & Fierer 2014,0.001148,0.01925,0.0596,6.117308282885352e-05,0.0004094220915277,0.0585601935874168,-4.093935866905081,,,,False,,,,False,,,,,,,,,,,,,,,,Not conservation-tested (unresolved position)
gyrB,c.369C>G,fluoroquinolones,,False,"DNA gyrase B subunit. gyrB mutations can compensate for the supercoiling defects caused by gyrA QRDR (Quinolone Resistance-Determining Region) primary resistance mutations, restoring adequate DNA replication efficiency.",Avalos Vizcaino et al.; Mayer & Fierer 2014,0.0,0.015198,0.0,8.286413426543201e-05,0.0005148797509305,0.0,-19.93156856932417,,,,False,,,,False,,,,,,,,,,,,,,,,Not conservation-tested (unresolved position)
gyrB,c.666G>C,fluoroquinolones,,False,"DNA gyrase B subunit. gyrB mutations can compensate for the supercoiling defects caused by gyrA QRDR (Quinolone Resistance-Determining Region) primary resistance mutations, restoring adequate DNA replication efficiency.",Avalos Vizcaino et al.; Mayer & Fierer 2014,0.0,0.015198,0.0,8.286413426543201e-05,0.0005148797509305,0.0,-19.93156856932417,,,,False,,,,False,,,,,,,,,,,,,,,,Not conservation-tested (unresolved position)
rpoA,c.717C>G,rifampicin,,False,Compensates transcriptional fitness cost of rpoB RRDR mutations. Mutations in the alpha subunit of RNA polymerase restore the binding geometry disrupted by rpoB resistance mutations.,Comas et al. 2012 Nat Genet; Gagneux et al.,0.0,0.015198,0.0,8.286413426543201e-05,0.0005148797509305,0.0,-19.93156856932417,,,,False,,,,False,,,,,,,,,,,,,,,,Not conservation-tested (unresolved position)
rpoC,c.1347G>C,rifampicin,,False,"Beta-prime subunit of RNA polymerase. Mutations here compensate for the conformational changes in the RNA polymerase complex caused by rpoB RRDR resistance mutations, restoring transcription efficiency.",Comas et al. 2012 Nat Genet; Muller et al. 2017,0.0,0.015198,0.0,8.286413426543201e-05,0.0005148797509305,0.0,-19.93156856932417,,,,False,,,,False,,,,,,,,,,,,,,,,Not conservation-tested (unresolved position)
ndh,c.1032C>G,isoniazid,,False,"NADH dehydrogenase. Loss-of-function mutations raise the NADH/NAD+ ratio, which can compensate for INH-mediated inhibition of InhA (InhA requires NADH as cofactor). Not a direct resistance mutation but modulates the INH activation and target environment.",Miesel et al. 1998,0.0,0.015198,0.0,8.286413426543201e-05,0.0005148797509305,0.0,-19.93156856932417,,,,False,,,,False,,,,,,,,,,,,,,,,Not conservation-tested (unresolved position)
rpoC,c.-903C>T,rifampicin,,False,"Beta-prime subunit of RNA polymerase. Mutations here compensate for the conformational changes in the RNA polymerase complex caused by rpoB RRDR resistance mutations, restoring transcription efficiency.",Comas et al. 2012 Nat Genet; Muller et al. 2017,0.0,0.015198,0.0,8.286413426543201e-05,0.0005148797509305,0.0,-19.93156856932417,,,,False,,,,False,,,,,,,,,,,,,,,,Not conservation-tested (unresolved position)
ahpC,p.Ile137Leu,isoniazid,,False,Alkyl hydroperoxide reductase. Upregulation compensates for the loss of KatG-mediated oxidative defence when katG is inactivated by INH-resistance mutations. Promoter mutations causing ahpC upregulation are the canonical compensatory mechanism for katG LoF.,Sherman et al. 1996; Heym et al. 1997,0.0,0.015198,0.0,8.286413426543201e-05,0.0005148797509305,0.0,-19.93156856932417,,,,False,,,,False,,,,,,,,,,,,,,,,Not conservation-tested (unresolved position)
mmpL5,c.1230C>G,bedaquiline/clofazimine,,False,MmpL5 efflux pump structural component. Gain-of-function mutations that increase pump activity may compensate for BDQ/CFZ fitness costs in highly resistant strains. Borderline primary/compensatory — flag for manual review.,Andries et al.; Hartkoorn et al. 2014,0.0,0.015198,0.0,8.286413426543201e-05,0.0005148797509305,0.0,-19.93156856932417,,,,False,,,,False,,,,,,,,,,,,,,,,Not conservation-tested (unresolved position)
rpoC,c.-951C>G,rifampicin,,False,"Beta-prime subunit of RNA polymerase. Mutations here compensate for the conformational changes in the RNA polymerase complex caused by rpoB RRDR resistance mutations, restoring transcription efficiency.",Comas et al. 2012 Nat Genet; Muller et al. 2017,0.0,0.015198,0.0,8.286413426543201e-05,0.0005148797509305,0.0,-19.93156856932417,,,,False,,,,False,,,,,,,,,,,,,,,,Not conservation-tested (unresolved position)
rpoC,c.-576C>G,rifampicin,,False,"Beta-prime subunit of RNA polymerase. Mutations here compensate for the conformational changes in the RNA polymerase complex caused by rpoB RRDR resistance mutations, restoring transcription efficiency.",Comas et al. 2012 Nat Genet; Muller et al. 2017,0.0,0.015198,0.0,8.286413426543201e-05,0.0005148797509305,0.0,-19.93156856932417,,,,False,,,,False,,,,,,,,,,,,,,,,Not conservation-tested (unresolved position)
rpoC,c.33C>G,rifampicin,,False,"Beta-prime subunit of RNA polymerase. Mutations here compensate for the conformational changes in the RNA polymerase complex caused by rpoB RRDR resistance mutations, restoring transcription efficiency.",Comas et al. 2012 Nat Genet; Muller et al. 2017,0.0,0.015198,0.0,8.286413426543201e-05,0.0005148797509305,0.0,-19.93156856932417,,,,False,,,,False,,,,,,,,,,,,,,,,Not conservation-tested (unresolved position)
whiB7,c.-453C>G,multiple,,False,"WhiB7 is a transcriptional activator of multiple intrinsic resistance mechanisms including eis (aminoglycoside), tap (efflux), and others. Mutations affecting whiB7 activity can modulate broad fitness costs of MDR. Emerging evidence for compensatory role in MDR-TB fitness restoration.",Burian et al. 2012; Larsson et al.,0.0,0.015198,0.0,8.286413426543201e-05,0.0005148797509305,0.0,-19.93156856932417,,,,False,,,,False,,,,,,,,,,,,,,,,Not conservation-tested (unresolved position)
gyrB,c.375G>C,fluoroquinolones,,False,"DNA gyrase B subunit. gyrB mutations can compensate for the supercoiling defects caused by gyrA QRDR (Quinolone Resistance-Determining Region) primary resistance mutations, restoring adequate DNA replication efficiency.",Avalos Vizcaino et al.; Mayer & Fierer 2014,0.0,0.015198,0.0,8.286413426543201e-05,0.0005148797509305,0.0,-19.93156856932417,,,,False,,,,False,,,,,,,,,,,,,,,,Not conservation-tested (unresolved position)
rpoA,p.Glu75Asp,rifampicin,,False,Compensates transcriptional fitness cost of rpoB RRDR mutations. Mutations in the alpha subunit of RNA polymerase restore the binding geometry disrupted by rpoB resistance mutations.,Comas et al. 2012 Nat Genet; Gagneux et al.,0.0,0.015198,0.0,8.286413426543201e-05,0.0005148797509305,0.0,-19.93156856932417,,,,False,,,,False,,,,,,,,,,,,,,,,Not conservation-tested (unresolved position)
mmpL5,p.His825Tyr,bedaquiline/clofazimine,,False,MmpL5 efflux pump structural component. Gain-of-function mutations that increase pump activity may compensate for BDQ/CFZ fitness costs in highly resistant strains. Borderline primary/compensatory — flag for manual review.,Andries et al.; Hartkoorn et al. 2014,0.0,0.015198,0.0,8.286413426543201e-05,0.0005148797509305,0.0,-19.93156856932417,,,,False,,,,False,,,,,,,,,,,,,,,,Not conservation-tested (unresolved position)
ndh,c.195G>A,isoniazid,,False,"NADH dehydrogenase. Loss-of-function mutations raise the NADH/NAD+ ratio, which can compensate for INH-mediated inhibition of InhA (InhA requires NADH as cofactor). Not a direct resistance mutation but modulates the INH activation and target environment.",Miesel et al. 1998,0.0,0.015198,0.0,8.286413426543201e-05,0.0005148797509305,0.0,-19.93156856932417,,,,False,,,,False,,,,,,,,,,,,,,,,Not conservation-tested (unresolved position)
rpoC,p.Asp271Gly,rifampicin,,False,"Beta-prime subunit of RNA polymerase. Mutations here compensate for the conformational changes in the RNA polymerase complex caused by rpoB RRDR resistance mutations, restoring transcription efficiency.",Comas et al. 2012 Nat Genet; Muller et al. 2017,0.0,0.015198,0.0,8.286413426543201e-05,0.0005148797509305,0.0,-19.93156856932417,,,,False,,,,False,,,,,,,,,,,,,,,,Not conservation-tested (unresolved position)
rpoA,p.Pro313Ala,rifampicin,,False,Compensates transcriptional fitness cost of rpoB RRDR mutations. Mutations in the alpha subunit of RNA polymerase restore the binding geometry disrupted by rpoB resistance mutations.,Comas et al. 2012 Nat Genet; Gagneux et al.,0.0,0.015198,0.0,8.286413426543201e-05,0.0005148797509305,0.0,-19.93156856932417,,,,False,,,,False,,,,,,,,,,,,,,,,Not conservation-tested (unresolved position)
rpoC,c.-114G>A,rifampicin,,False,"Beta-prime subunit of RNA polymerase. Mutations here compensate for the conformational changes in the RNA polymerase complex caused by rpoB RRDR resistance mutations, restoring transcription efficiency.",Comas et al. 2012 Nat Genet; Muller et al. 2017,0.0,0.015198,0.0,8.286413426543201e-05,0.0005148797509305,0.0,-19.93156856932417,,,,False,,,,False,,,,,,,,,,,,,,,,Not conservation-tested (unresolved position)
kasA,c.939G>C,isoniazid,,False,Beta-ketoacyl ACP synthase involved in mycolic acid synthesis. Mutations here can partially compensate for inhA-mediated INH resistance by altering the flux through the FAS-II fatty acid synthesis pathway.,Mdluli et al. 1998,0.0,0.015198,0.0,8.286413426543201e-05,0.0005148797509305,0.0,-19.93156856932417,,,,False,,,,False,,,,,,,,,,,,,,,,Not conservation-tested (unresolved position)
rpoA,c.138T>C,rifampicin,,False,Compensates transcriptional fitness cost of rpoB RRDR mutations. Mutations in the alpha subunit of RNA polymerase restore the binding geometry disrupted by rpoB resistance mutations.,Comas et al. 2012 Nat Genet; Gagneux et al.,0.0,0.015198,0.0,8.286413426543201e-05,0.0005148797509305,0.0,-19.93156856932417,,,,False,,,,False,,,,,,,,,,,,,,,,Not conservation-tested (unresolved position)
kasA,c.861C>G,isoniazid,,False,Beta-ketoacyl ACP synthase involved in mycolic acid synthesis. Mutations here can partially compensate for inhA-mediated INH resistance by altering the flux through the FAS-II fatty acid synthesis pathway.,Mdluli et al. 1998,0.0,0.015198,0.0,8.286413426543201e-05,0.0005148797509305,0.0,-19.93156856932417,,,,False,,,,False,,,,,,,,,,,,,,,,Not conservation-tested (unresolved position)
ndh,c.606G>C,isoniazid,,False,"NADH dehydrogenase. Loss-of-function mutations raise the NADH/NAD+ ratio, which can compensate for INH-mediated inhibition of InhA (InhA requires NADH as cofactor). Not a direct resistance mutation but modulates the INH activation and target environment.",Miesel et al. 1998,0.0,0.015198,0.0,8.286413426543201e-05,0.0005148797509305,0.0,-19.93156856932417,,,,False,,,,False,,,,,,,,,,,,,,,,Not conservation-tested (unresolved position)
mmpL5,p.Gln440Glu,bedaquiline/clofazimine,,False,MmpL5 efflux pump structural component. Gain-of-function mutations that increase pump activity may compensate for BDQ/CFZ fitness costs in highly resistant strains. Borderline primary/compensatory — flag for manual review.,Andries et al.; Hartkoorn et al. 2014,0.0,0.015198,0.0,8.286413426543201e-05,0.0005148797509305,0.0,-19.93156856932417,,,,False,,,,False,,,,,,,,,,,,,,,,Not conservation-tested (unresolved position)
rpoA,c.-254G>C,rifampicin,,False,Compensates transcriptional fitness cost of rpoB RRDR mutations. Mutations in the alpha subunit of RNA polymerase restore the binding geometry disrupted by rpoB resistance mutations.,Comas et al. 2012 Nat Genet; Gagneux et al.,0.0,0.015198,0.0,8.286413426543201e-05,0.0005148797509305,0.0,-19.93156856932417,,,,False,,,,False,,,,,,,,,,,,,,,,Not conservation-tested (unresolved position)
mmpL5,p.Glu446Asp,bedaquiline/clofazimine,,False,MmpL5 efflux pump structural component. Gain-of-function mutations that increase pump activity may compensate for BDQ/CFZ fitness costs in highly resistant strains. Borderline primary/compensatory — flag for manual review.,Andries et al.; Hartkoorn et al. 2014,0.0,0.015198,0.0,8.286413426543201e-05,0.0005148797509305,0.0,-19.93156856932417,,,,False,,,,False,,,,,,,,,,,,,,,,Not conservation-tested (unresolved position)
ndh,c.333C>T,isoniazid,,False,"NADH dehydrogenase. Loss-of-function mutations raise the NADH/NAD+ ratio, which can compensate for INH-mediated inhibition of InhA (InhA requires NADH as cofactor). Not a direct resistance mutation but modulates the INH activation and target environment.",Miesel et al. 1998,0.0,0.015198,0.0,8.286413426543201e-05,0.0005148797509305,0.0,-19.93156856932417,,,,False,,,,False,,,,,,,,,,,,,,,,Not conservation-tested (unresolved position)
whiB7,c.-105delC,multiple,,False,"WhiB7 is a transcriptional activator of multiple intrinsic resistance mechanisms including eis (aminoglycoside), tap (efflux), and others. Mutations affecting whiB7 activity can modulate broad fitness costs of MDR. Emerging evidence for compensatory role in MDR-TB fitness restoration.",Burian et al. 2012; Larsson et al.,0.0,0.015198,0.0,8.286413426543201e-05,0.0005148797509305,0.0,-19.93156856932417,,,,False,,,,False,,,,,,,,,,,,,,,,Not conservation-tested (unresolved position)
mmpL5,c.1266C>G,bedaquiline/clofazimine,,False,MmpL5 efflux pump structural component. Gain-of-function mutations that increase pump activity may compensate for BDQ/CFZ fitness costs in highly resistant strains. Borderline primary/compensatory — flag for manual review.,Andries et al.; Hartkoorn et al. 2014,0.0,0.015198,0.0,8.286413426543201e-05,0.0005148797509305,0.0,-19.93156856932417,,,,False,,,,False,,,,,,,,,,,,,,,,Not conservation-tested (unresolved position)
ndh,c.90A>C,isoniazid,,False,"NADH dehydrogenase. Loss-of-function mutations raise the NADH/NAD+ ratio, which can compensate for INH-mediated inhibition of InhA (InhA requires NADH as cofactor). Not a direct resistance mutation but modulates the INH activation and target environment.",Miesel et al. 1998,0.0,0.015198,0.0,8.286413426543201e-05,0.0005148797509305,0.0,-19.93156856932417,,,,False,,,,False,,,,,,,,,,,,,,,,Not conservation-tested (unresolved position)
ndh,c.837G>C,isoniazid,,False,"NADH dehydrogenase. Loss-of-function mutations raise the NADH/NAD+ ratio, which can compensate for INH-mediated inhibition of InhA (InhA requires NADH as cofactor). Not a direct resistance mutation but modulates the INH activation and target environment.",Miesel et al. 1998,0.0,0.015198,0.0,8.286413426543201e-05,0.0005148797509305,0.0,-19.93156856932417,,,,False,,,,False,,,,,,,,,,,,,,,,Not conservation-tested (unresolved position)
ndh,p.Ala352Asp,isoniazid,,False,"NADH dehydrogenase. Loss-of-function mutations raise the NADH/NAD+ ratio, which can compensate for INH-mediated inhibition of InhA (InhA requires NADH as cofactor). Not a direct resistance mutation but modulates the INH activation and target environment.",Miesel et al. 1998,0.0,0.015198,0.0,8.286413426543201e-05,0.0005148797509305,0.0,-19.93156856932417,,,,False,,,,False,,,,,,,,,,,,,,,,Not conservation-tested (unresolved position)
ndh,c.825C>A,isoniazid,,False,"NADH dehydrogenase. Loss-of-function mutations raise the NADH/NAD+ ratio, which can compensate for INH-mediated inhibition of InhA (InhA requires NADH as cofactor). Not a direct resistance mutation but modulates the INH activation and target environment.",Miesel et al. 1998,0.0,0.015198,0.0,8.286413426543201e-05,0.0005148797509305,0.0,-19.93156856932417,,,,False,,,,False,,,,,,,,,,,,,,,,Not conservation-tested (unresolved position)
ndh,c.738T>C,isoniazid,,False,"NADH dehydrogenase. Loss-of-function mutations raise the NADH/NAD+ ratio, which can compensate for INH-mediated inhibition of InhA (InhA requires NADH as cofactor). Not a direct resistance mutation but modulates the INH activation and target environment.",Miesel et al. 1998,0.0,0.015198,0.0,8.286413426543201e-05,0.0005148797509305,0.0,-19.93156856932417,,,,False,,,,False,,,,,,,,,,,,,,,,Not conservation-tested (unresolved position)
mmpL5,c.1806G>A,bedaquiline/clofazimine,,False,MmpL5 efflux pump structural component. Gain-of-function mutations that increase pump activity may compensate for BDQ/CFZ fitness costs in highly resistant strains. Borderline primary/compensatory — flag for manual review.,Andries et al.; Hartkoorn et al. 2014,0.0,0.015198,0.0,8.286413426543201e-05,0.0005148797509305,0.0,-19.93156856932417,,,,False,,,,False,,,,,,,,,,,,,,,,Not conservation-tested (unresolved position)
mmpL5,p.Ser142Asn,bedaquiline/clofazimine,,False,MmpL5 efflux pump structural component. Gain-of-function mutations that increase pump activity may compensate for BDQ/CFZ fitness costs in highly resistant strains. Borderline primary/compensatory — flag for manual review.,Andries et al.; Hartkoorn et al. 2014,0.0,0.015198,0.0,8.286413426543201e-05,0.0005148797509305,0.0,-19.93156856932417,,,,False,,,,False,,,,,,,,,,,,,,,,Not conservation-tested (unresolved position)
mmpL5,c.1797G>A,bedaquiline/clofazimine,,False,MmpL5 efflux pump structural component. Gain-of-function mutations that increase pump activity may compensate for BDQ/CFZ fitness costs in highly resistant strains. Borderline primary/compensatory — flag for manual review.,Andries et al.; Hartkoorn et al. 2014,0.0,0.015198,0.0,8.286413426543201e-05,0.0005148797509305,0.0,-19.93156856932417,,,,False,,,,False,,,,,,,,,,,,,,,,Not conservation-tested (unresolved position)
gyrB,p.Asp216Glu,fluoroquinolones,,False,"DNA gyrase B subunit. gyrB mutations can compensate for the supercoiling defects caused by gyrA QRDR (Quinolone Resistance-Determining Region) primary resistance mutations, restoring adequate DNA replication efficiency.",Avalos Vizcaino et al.; Mayer & Fierer 2014,0.0,0.015198,0.0,8.286413426543201e-05,0.0005148797509305,0.0,-19.93156856932417,,,,False,,,,False,,,,,,,,,,,,,,,,Not conservation-tested (unresolved position)
kasA,c.456G>C,isoniazid,,False,Beta-ketoacyl ACP synthase involved in mycolic acid synthesis. Mutations here can partially compensate for inhA-mediated INH resistance by altering the flux through the FAS-II fatty acid synthesis pathway.,Mdluli et al. 1998,0.0,0.015198,0.0,8.286413426543201e-05,0.0005148797509305,0.0,-19.93156856932417,,,,False,,,,False,,,,,,,,,,,,,,,,Not conservation-tested (unresolved position)
mmpL5,c.661C>T,bedaquiline/clofazimine,,False,MmpL5 efflux pump structural component. Gain-of-function mutations that increase pump activity may compensate for BDQ/CFZ fitness costs in highly resistant strains. Borderline primary/compensatory — flag for manual review.,Andries et al.; Hartkoorn et al. 2014,0.0,0.015198,0.0,8.286413426543201e-05,0.0005148797509305,0.0,-19.93156856932417,,,,False,,,,False,,,,,,,,,,,,,,,,Not conservation-tested (unresolved position)
kasA,c.1131T>C,isoniazid,,False,Beta-ketoacyl ACP synthase involved in mycolic acid synthesis. Mutations here can partially compensate for inhA-mediated INH resistance by altering the flux through the FAS-II fatty acid synthesis pathway.,Mdluli et al. 1998,0.0,0.015198,0.0,8.286413426543201e-05,0.0005148797509305,0.0,-19.93156856932417,,,,False,,,,False,,,,,,,,,,,,,,,,Not conservation-tested (unresolved position)
mmpL5,c.2397C>G,bedaquiline/clofazimine,,False,MmpL5 efflux pump structural component. Gain-of-function mutations that increase pump activity may compensate for BDQ/CFZ fitness costs in highly resistant strains. Borderline primary/compensatory — flag for manual review.,Andries et al.; Hartkoorn et al. 2014,0.0,0.015198,0.0,8.286413426543201e-05,0.0005148797509305,0.0,-19.93156856932417,,,,False,,,,False,,,,,,,,,,,,,,,,Not conservation-tested (unresolved position)
ahpC,c.294A>G,isoniazid,,False,Alkyl hydroperoxide reductase. Upregulation compensates for the loss of KatG-mediated oxidative defence when katG is inactivated by INH-resistance mutations. Promoter mutations causing ahpC upregulation are the canonical compensatory mechanism for katG LoF.,Sherman et al. 1996; Heym et al. 1997,0.0,0.015198,0.0,8.286413426543201e-05,0.0005148797509305,0.0,-19.93156856932417,,,,False,,,,False,,,,,,,,,,,,,,,,Not conservation-tested (unresolved position)
rpoC,c.288G>A,rifampicin,,False,"Beta-prime subunit of RNA polymerase. Mutations here compensate for the conformational changes in the RNA polymerase complex caused by rpoB RRDR resistance mutations, restoring transcription efficiency.",Comas et al. 2012 Nat Genet; Muller et al. 2017,0.0,0.015198,0.0,8.286413426543201e-05,0.0005148797509305,0.0,-19.93156856932417,,,,False,,,,False,,,,,,,,,,,,,,,,Not conservation-tested (unresolved position)
rpoC,c.-849C>T,rifampicin,,False,"Beta-prime subunit of RNA polymerase. Mutations here compensate for the conformational changes in the RNA polymerase complex caused by rpoB RRDR resistance mutations, restoring transcription efficiency.",Comas et al. 2012 Nat Genet; Muller et al. 2017,0.0,0.015198,0.0,8.286413426543201e-05,0.0005148797509305,0.0,-19.93156856932417,,,,False,,,,False,,,,,,,,,,,,,,,,Not conservation-tested (unresolved position)
rpoC,c.3213C>G,rifampicin,,False,"Beta-prime subunit of RNA polymerase. Mutations here compensate for the conformational changes in the RNA polymerase complex caused by rpoB RRDR resistance mutations, restoring transcription efficiency.",Comas et al. 2012 Nat Genet; Muller et al. 2017,0.0,0.015198,0.0,8.286413426543201e-05,0.0005148797509305,0.0,-19.93156856932417,,,,False,,,,False,,,,,,,,,,,,,,,,Not conservation-tested (unresolved position)
kasA,c.24T>C,isoniazid,,False,Beta-ketoacyl ACP synthase involved in mycolic acid synthesis. Mutations here can partially compensate for inhA-mediated INH resistance by altering the flux through the FAS-II fatty acid synthesis pathway.,Mdluli et al. 1998,0.0,0.015198,0.0,8.286413426543201e-05,0.0005148797509305,0.0,-19.93156856932417,,,,False,,,,False,,,,,,,,,,,,,,,,Not conservation-tested (unresolved position)
kasA,c.582C>G,isoniazid,,False,Beta-ketoacyl ACP synthase involved in mycolic acid synthesis. Mutations here can partially compensate for inhA-mediated INH resistance by altering the flux through the FAS-II fatty acid synthesis pathway.,Mdluli et al. 1998,0.0,0.015198,0.0,8.286413426543201e-05,0.0005148797509305,0.0,-19.93156856932417,,,,False,,,,False,,,,,,,,,,,,,,,,Not conservation-tested (unresolved position)
rpoC,c.3369G>C,rifampicin,,False,"Beta-prime subunit of RNA polymerase. Mutations here compensate for the conformational changes in the RNA polymerase complex caused by rpoB RRDR resistance mutations, restoring transcription efficiency.",Comas et al. 2012 Nat Genet; Muller et al. 2017,0.002296,0.02229,0.103,9.34813699078538e-05,0.0005726483917846,0.1009519824249398,-3.308258853296255,,,,False,,,,False,,,,,,,,,,,,,,,,Not conservation-tested (unresolved position)
rpoC,c.2958C>A,rifampicin,,False,"Beta-prime subunit of RNA polymerase. Mutations here compensate for the conformational changes in the RNA polymerase complex caused by rpoB RRDR resistance mutations, restoring transcription efficiency.",Comas et al. 2012 Nat Genet; Muller et al. 2017,0.001148,0.018237,0.063,0.0001119849182256,0.0006833657669726,0.0618773946360153,-4.014443736763322,,,,False,,,,False,,,,,,,,,,,,,,,,Not conservation-tested (unresolved position)
ndh,c.654G>C,isoniazid,,False,"NADH dehydrogenase. Loss-of-function mutations raise the NADH/NAD+ ratio, which can compensate for INH-mediated inhibition of InhA (InhA requires NADH as cofactor). Not a direct resistance mutation but modulates the INH activation and target environment.",Miesel et al. 1998,0.001148,0.018237,0.063,0.0001119849182256,0.0006833657669726,0.0618773946360153,-4.014443736763322,,,,False,,,,False,,,,,,,,,,,,,,,,Not conservation-tested (unresolved position)
rpoC,c.-381G>C,rifampicin,,False,"Beta-prime subunit of RNA polymerase. Mutations here compensate for the conformational changes in the RNA polymerase complex caused by rpoB RRDR resistance mutations, restoring transcription efficiency.",Comas et al. 2012 Nat Genet; Muller et al. 2017,0.003444,0.024316,0.1416,0.0001192570228461,0.0007258858584464,0.1386808755760368,-2.85015924460102,,,,False,,,,False,,,,,,,,,,,,,,,,Not conservation-tested (unresolved position)
whiB7,c.-466A>C,multiple,,False,"WhiB7 is a transcriptional activator of multiple intrinsic resistance mechanisms including eis (aminoglycoside), tap (efflux), and others. Mutations affecting whiB7 activity can modulate broad fitness costs of MDR. Emerging evidence for compensatory role in MDR-TB fitness restoration.",Burian et al. 2012; Larsson et al.,0.0,0.014184,0.0,0.0001598320181063,0.0009090803222923,0.0,-19.93156856932417,,,,False,,,,False,,,,,,,,,,,,,,,,Not conservation-tested (unresolved position)
rpoA,c.276G>C,rifampicin,,False,Compensates transcriptional fitness cost of rpoB RRDR mutations. Mutations in the alpha subunit of RNA polymerase restore the binding geometry disrupted by rpoB resistance mutations.,Comas et al. 2012 Nat Genet; Gagneux et al.,0.0,0.014184,0.0,0.0001598320181063,0.0009090803222923,0.0,-19.93156856932417,,,,False,,,,False,,,,,,,,,,,,,,,,Not conservation-tested (unresolved position)
rpoA,c.282C>G,rifampicin,,False,Compensates transcriptional fitness cost of rpoB RRDR mutations. Mutations in the alpha subunit of RNA polymerase restore the binding geometry disrupted by rpoB resistance mutations.,Comas et al. 2012 Nat Genet; Gagneux et al.,0.0,0.014184,0.0,0.0001598320181063,0.0009090803222923,0.0,-19.93156856932417,,,,False,,,,False,,,,,,,,,,,,,,,,Not conservation-tested (unresolved position)
kasA,p.Phe50Tyr,isoniazid,,False,Beta-ketoacyl ACP synthase involved in mycolic acid synthesis. Mutations here can partially compensate for inhA-mediated INH resistance by altering the flux through the FAS-II fatty acid synthesis pathway.,Mdluli et al. 1998,0.0,0.014184,0.0,0.0001598320181063,0.0009090803222923,0.0,-19.93156856932417,,,,False,,,,False,,,,,,,,,,,,,,,,Not conservation-tested (unresolved position)
rpoC,c.1923G>C,rifampicin,,False,"Beta-prime subunit of RNA polymerase. Mutations here compensate for the conformational changes in the RNA polymerase complex caused by rpoB RRDR resistance mutations, restoring transcription efficiency.",Comas et al. 2012 Nat Genet; Muller et al. 2017,0.0,0.014184,0.0,0.0001598320181063,0.0009090803222923,0.0,-19.93156856932417,,,,False,,,,False,,,,,,,,,,,,,,,,Not conservation-tested (unresolved position)
kasA,c.942G>C,isoniazid,,False,Beta-ketoacyl ACP synthase involved in mycolic acid synthesis. Mutations here can partially compensate for inhA-mediated INH resistance by altering the flux through the FAS-II fatty acid synthesis pathway.,Mdluli et al. 1998,0.0,0.014184,0.0,0.0001598320181063,0.0009090803222923,0.0,-19.93156856932417,,,,False,,,,False,,,,,,,,,,,,,,,,Not conservation-tested (unresolved position)
gyrB,c.1050C>T,fluoroquinolones,,False,"DNA gyrase B subunit. gyrB mutations can compensate for the supercoiling defects caused by gyrA QRDR (Quinolone Resistance-Determining Region) primary resistance mutations, restoring adequate DNA replication efficiency.",Avalos Vizcaino et al.; Mayer & Fierer 2014,0.0,0.014184,0.0,0.0001598320181063,0.0009090803222923,0.0,-19.93156856932417,,,,False,,,,False,,,,,,,,,,,,,,,,Not conservation-tested (unresolved position)
ndh,c.1155T>C,isoniazid,,False,"NADH dehydrogenase. Loss-of-function mutations raise the NADH/NAD+ ratio, which can compensate for INH-mediated inhibition of InhA (InhA requires NADH as cofactor). Not a direct resistance mutation but modulates the INH activation and target environment.",Miesel et al. 1998,0.0,0.014184,0.0,0.0001598320181063,0.0009090803222923,0.0,-19.93156856932417,,,,False,,,,False,,,,,,,,,,,,,,,,Not conservation-tested (unresolved position)
gyrB,c.66G>C,fluoroquinolones,,False,"DNA gyrase B subunit. gyrB mutations can compensate for the supercoiling defects caused by gyrA QRDR (Quinolone Resistance-Determining Region) primary resistance mutations, restoring adequate DNA replication efficiency.",Avalos Vizcaino et al.; Mayer & Fierer 2014,0.0,0.014184,0.0,0.0001598320181063,0.0009090803222923,0.0,-19.93156856932417,,,,False,,,,False,,,,,,,,,,,,,,,,Not conservation-tested (unresolved position)
rpoC,p.Asn935Lys,rifampicin,,False,"Beta-prime subunit of RNA polymerase. Mutations here compensate for the conformational changes in the RNA polymerase complex caused by rpoB RRDR resistance mutations, restoring transcription efficiency.",Comas et al. 2012 Nat Genet; Muller et al. 2017,0.0,0.014184,0.0,0.0001598320181063,0.0009090803222923,0.0,-19.93156856932417,,,,False,,,,False,,,,,,,,,,,,,,,,Not conservation-tested (unresolved position)
kasA,c.1155C>T,isoniazid,,False,Beta-ketoacyl ACP synthase involved in mycolic acid synthesis. Mutations here can partially compensate for inhA-mediated INH resistance by altering the flux through the FAS-II fatty acid synthesis pathway.,Mdluli et al. 1998,0.0,0.014184,0.0,0.0001598320181063,0.0009090803222923,0.0,-19.93156856932417,,,,False,,,,False,,,,,,,,,,,,,,,,Not conservation-tested (unresolved position)
mmpL5,c.2451G>A,bedaquiline/clofazimine,,False,MmpL5 efflux pump structural component. Gain-of-function mutations that increase pump activity may compensate for BDQ/CFZ fitness costs in highly resistant strains. Borderline primary/compensatory — flag for manual review.,Andries et al.; Hartkoorn et al. 2014,0.0,0.014184,0.0,0.0001598320181063,0.0009090803222923,0.0,-19.93156856932417,,,,False,,,,False,,,,,,,,,,,,,,,,Not conservation-tested (unresolved position)
ndh,c.207T>C,isoniazid,,False,"NADH dehydrogenase. Loss-of-function mutations raise the NADH/NAD+ ratio, which can compensate for INH-mediated inhibition of InhA (InhA requires NADH as cofactor). Not a direct resistance mutation but modulates the INH activation and target environment.",Miesel et al. 1998,0.0,0.014184,0.0,0.0001598320181063,0.0009090803222923,0.0,-19.93156856932417,,,,False,,,,False,,,,,,,,,,,,,,,,Not conservation-tested (unresolved position)
kasA,p.Val103Leu,isoniazid,,False,Beta-ketoacyl ACP synthase involved in mycolic acid synthesis. Mutations here can partially compensate for inhA-mediated INH resistance by altering the flux through the FAS-II fatty acid synthesis pathway.,Mdluli et al. 1998,0.0,0.014184,0.0,0.0001598320181063,0.0009090803222923,0.0,-19.93156856932417,,,,False,,,,False,,,,,,,,,,,,,,,,Not conservation-tested (unresolved position)
kasA,p.Ser100Asn,isoniazid,,False,Beta-ketoacyl ACP synthase involved in mycolic acid synthesis. Mutations here can partially compensate for inhA-mediated INH resistance by altering the flux through the FAS-II fatty acid synthesis pathway.,Mdluli et al. 1998,0.0,0.014184,0.0,0.0001598320181063,0.0009090803222923,0.0,-19.93156856932417,,,,False,,,,False,,,,,,,,,,,,,,,,Not conservation-tested (unresolved position)
mmpL5,p.Ile826Leu,bedaquiline/clofazimine,,False,MmpL5 efflux pump structural component. Gain-of-function mutations that increase pump activity may compensate for BDQ/CFZ fitness costs in highly resistant strains. Borderline primary/compensatory — flag for manual review.,Andries et al.; Hartkoorn et al. 2014,0.0,0.014184,0.0,0.0001598320181063,0.0009090803222923,0.0,-19.93156856932417,,,,False,,,,False,,,,,,,,,,,,,,,,Not conservation-tested (unresolved position)
ndh,c.213G>C,isoniazid,,False,"NADH dehydrogenase. Loss-of-function mutations raise the NADH/NAD+ ratio, which can compensate for INH-mediated inhibition of InhA (InhA requires NADH as cofactor). Not a direct resistance mutation but modulates the INH activation and target environment.",Miesel et al. 1998,0.0,0.014184,0.0,0.0001598320181063,0.0009090803222923,0.0,-19.93156856932417,,,,False,,,,False,,,,,,,,,,,,,,,,Not conservation-tested (unresolved position)
ndh,c.1317A>C,isoniazid,,False,"NADH dehydrogenase. Loss-of-function mutations raise the NADH/NAD+ ratio, which can compensate for INH-mediated inhibition of InhA (InhA requires NADH as cofactor). Not a direct resistance mutation but modulates the INH activation and target environment.",Miesel et al. 1998,0.0,0.014184,0.0,0.0001598320181063,0.0009090803222923,0.0,-19.93156856932417,,,,False,,,,False,,,,,,,,,,,,,,,,Not conservation-tested (unresolved position)
kasA,c.1101C>T,isoniazid,,False,Beta-ketoacyl ACP synthase involved in mycolic acid synthesis. Mutations here can partially compensate for inhA-mediated INH resistance by altering the flux through the FAS-II fatty acid synthesis pathway.,Mdluli et al. 1998,0.0,0.014184,0.0,0.0001598320181063,0.0009090803222923,0.0,-19.93156856932417,,,,False,,,,False,,,,,,,,,,,,,,,,Not conservation-tested (unresolved position)
gyrB,c.114T>C,fluoroquinolones,,False,"DNA gyrase B subunit. gyrB mutations can compensate for the supercoiling defects caused by gyrA QRDR (Quinolone Resistance-Determining Region) primary resistance mutations, restoring adequate DNA replication efficiency.",Avalos Vizcaino et al.; Mayer & Fierer 2014,0.0,0.014184,0.0,0.0001598320181063,0.0009090803222923,0.0,-19.93156856932417,,,,False,,,,False,,,,,,,,,,,,,,,,Not conservation-tested (unresolved position)
ndh,c.1029C>G,isoniazid,,False,"NADH dehydrogenase. Loss-of-function mutations raise the NADH/NAD+ ratio, which can compensate for INH-mediated inhibition of InhA (InhA requires NADH as cofactor). Not a direct resistance mutation but modulates the INH activation and target environment.",Miesel et al. 1998,0.0,0.014184,0.0,0.0001598320181063,0.0009090803222923,0.0,-19.93156856932417,,,,False,,,,False,,,,,,,,,,,,,,,,Not conservation-tested (unresolved position)
rpoC,p.Ala622Ser,rifampicin,,False,"Beta-prime subunit of RNA polymerase. Mutations here compensate for the conformational changes in the RNA polymerase complex caused by rpoB RRDR resistance mutations, restoring transcription efficiency.",Comas et al. 2012 Nat Genet; Muller et al. 2017,0.0,0.014184,0.0,0.0001598320181063,0.0009090803222923,0.0,-19.93156856932417,,,,False,,,,False,,,,,,,,,,,,,,,,Not conservation-tested (unresolved position)
kasA,c.426T>C,isoniazid,,False,Beta-ketoacyl ACP synthase involved in mycolic acid synthesis. Mutations here can partially compensate for inhA-mediated INH resistance by altering the flux through the FAS-II fatty acid synthesis pathway.,Mdluli et al. 1998,0.0,0.014184,0.0,0.0001598320181063,0.0009090803222923,0.0,-19.93156856932417,,,,False,,,,False,,,,,,,,,,,,,,,,Not conservation-tested (unresolved position)
kasA,c.543G>C,isoniazid,,False,Beta-ketoacyl ACP synthase involved in mycolic acid synthesis. Mutations here can partially compensate for inhA-mediated INH resistance by altering the flux through the FAS-II fatty acid synthesis pathway.,Mdluli et al. 1998,0.0,0.014184,0.0,0.0001598320181063,0.0009090803222923,0.0,-19.93156856932417,,,,False,,,,False,,,,,,,,,,,,,,,,Not conservation-tested (unresolved position)
rpoA,c.618C>T,rifampicin,,False,Compensates transcriptional fitness cost of rpoB RRDR mutations. Mutations in the alpha subunit of RNA polymerase restore the binding geometry disrupted by rpoB resistance mutations.,Comas et al. 2012 Nat Genet; Gagneux et al.,0.0,0.014184,0.0,0.0001598320181063,0.0009090803222923,0.0,-19.93156856932417,,,,False,,,,False,,,,,,,,,,,,,,,,Not conservation-tested (unresolved position)
rpoC,c.1182G>C,rifampicin,,False,"Beta-prime subunit of RNA polymerase. Mutations here compensate for the conformational changes in the RNA polymerase complex caused by rpoB RRDR resistance mutations, restoring transcription efficiency.",Comas et al. 2012 Nat Genet; Muller et al. 2017,0.0,0.014184,0.0,0.0001598320181063,0.0009090803222923,0.0,-19.93156856932417,,,,False,,,,False,,,,,,,,,,,,,,,,Not conservation-tested (unresolved position)
ndh,c.1308A>G,isoniazid,,False,"NADH dehydrogenase. Loss-of-function mutations raise the NADH/NAD+ ratio, which can compensate for INH-mediated inhibition of InhA (InhA requires NADH as cofactor). Not a direct resistance mutation but modulates the INH activation and target environment.",Miesel et al. 1998,0.0,0.014184,0.0,0.0001598320181063,0.0009090803222923,0.0,-19.93156856932417,,,,False,,,,False,,,,,,,,,,,,,,,,Not conservation-tested (unresolved position)
rpoA,c.450G>T,rifampicin,,False,Compensates transcriptional fitness cost of rpoB RRDR mutations. Mutations in the alpha subunit of RNA polymerase restore the binding geometry disrupted by rpoB resistance mutations.,Comas et al. 2012 Nat Genet; Gagneux et al.,0.0,0.014184,0.0,0.0001598320181063,0.0009090803222923,0.0,-19.93156856932417,,,,False,,,,False,,,,,,,,,,,,,,,,Not conservation-tested (unresolved position)
ndh,c.816C>T,isoniazid,,False,"NADH dehydrogenase. Loss-of-function mutations raise the NADH/NAD+ ratio, which can compensate for INH-mediated inhibition of InhA (InhA requires NADH as cofactor). Not a direct resistance mutation but modulates the INH activation and target environment.",Miesel et al. 1998,0.0,0.014184,0.0,0.0001598320181063,0.0009090803222923,0.0,-19.93156856932417,,,,False,,,,False,,,,,,,,,,,,,,,,Not conservation-tested (unresolved position)
mmpR5,c.-962C>G,bedaquiline/clofazimine,,False,"Transcriptional repressor of the MmpS5-MmpL5 efflux pump. Loss-of-function mutations in mmpR5 upregulate MmpL5-mediated drug efflux. Classified here as compensatory in the context of pre-existing BDQ resistance conferring fitness loss, though some literature treats this as a primary low-level resistance mechanism. Flag for manual review.",Andries et al.; Hartkoorn et al. 2014,0.0,0.014184,0.0,0.0001598320181063,0.0009090803222923,0.0,-19.93156856932417,,,,False,,,,False,,,,,,,,,,,,,,,,Not conservation-tested (unresolved position)
rpoC,c.1263T>C,rifampicin,,False,"Beta-prime subunit of RNA polymerase. Mutations here compensate for the conformational changes in the RNA polymerase complex caused by rpoB RRDR resistance mutations, restoring transcription efficiency.",Comas et al. 2012 Nat Genet; Muller et al. 2017,0.0,0.014184,0.0,0.0001598320181063,0.0009090803222923,0.0,-19.93156856932417,,,,False,,,,False,,,,,,,,,,,,,,,,Not conservation-tested (unresolved position)
ndh,c.1275C>A,isoniazid,,False,"NADH dehydrogenase. Loss-of-function mutations raise the NADH/NAD+ ratio, which can compensate for INH-mediated inhibition of InhA (InhA requires NADH as cofactor). Not a direct resistance mutation but modulates the INH activation and target environment.",Miesel et al. 1998,0.0,0.014184,0.0,0.0001598320181063,0.0009090803222923,0.0,-19.93156856932417,,,,False,,,,False,,,,,,,,,,,,,,,,Not conservation-tested (unresolved position)
ndh,c.348C>T,isoniazid,,False,"NADH dehydrogenase. Loss-of-function mutations raise the NADH/NAD+ ratio, which can compensate for INH-mediated inhibition of InhA (InhA requires NADH as cofactor). Not a direct resistance mutation but modulates the INH activation and target environment.",Miesel et al. 1998,0.0,0.014184,0.0,0.0001598320181063,0.0009090803222923,0.0,-19.93156856932417,,,,False,,,,False,,,,,,,,,,,,,,,,Not conservation-tested (unresolved position)
ndh,c.1272T>G,isoniazid,,False,"NADH dehydrogenase. Loss-of-function mutations raise the NADH/NAD+ ratio, which can compensate for INH-mediated inhibition of InhA (InhA requires NADH as cofactor). Not a direct resistance mutation but modulates the INH activation and target environment.",Miesel et al. 1998,0.0,0.014184,0.0,0.0001598320181063,0.0009090803222923,0.0,-19.93156856932417,,,,False,,,,False,,,,,,,,,,,,,,,,Not conservation-tested (unresolved position)
kasA,c.837G>C,isoniazid,,False,Beta-ketoacyl ACP synthase involved in mycolic acid synthesis. Mutations here can partially compensate for inhA-mediated INH resistance by altering the flux through the FAS-II fatty acid synthesis pathway.,Mdluli et al. 1998,0.0,0.014184,0.0,0.0001598320181063,0.0009090803222923,0.0,-19.93156856932417,,,,False,,,,False,,,,,,,,,,,,,,,,Not conservation-tested (unresolved position)
kasA,c.1209G>C,isoniazid,,False,Beta-ketoacyl ACP synthase involved in mycolic acid synthesis. Mutations here can partially compensate for inhA-mediated INH resistance by altering the flux through the FAS-II fatty acid synthesis pathway.,Mdluli et al. 1998,0.0,0.014184,0.0,0.0001598320181063,0.0009090803222923,0.0,-19.93156856932417,,,,False,,,,False,,,,,,,,,,,,,,,,Not conservation-tested (unresolved position)
ndh,c.729C>T,isoniazid,,False,"NADH dehydrogenase. Loss-of-function mutations raise the NADH/NAD+ ratio, which can compensate for INH-mediated inhibition of InhA (InhA requires NADH as cofactor). Not a direct resistance mutation but modulates the INH activation and target environment.",Miesel et al. 1998,0.0,0.014184,0.0,0.0001598320181063,0.0009090803222923,0.0,-19.93156856932417,,,,False,,,,False,,,,,,,,,,,,,,,,Not conservation-tested (unresolved position)
ndh,p.Glu67Asp,isoniazid,,False,"NADH dehydrogenase. Loss-of-function mutations raise the NADH/NAD+ ratio, which can compensate for INH-mediated inhibition of InhA (InhA requires NADH as cofactor). Not a direct resistance mutation but modulates the INH activation and target environment.",Miesel et al. 1998,0.0,0.014184,0.0,0.0001598320181063,0.0009090803222923,0.0,-19.93156856932417,,,,False,,,,False,,,,,,,,,,,,,,,,Not conservation-tested (unresolved position)
mmpL5,c.2409C>G,bedaquiline/clofazimine,,False,MmpL5 efflux pump structural component. Gain-of-function mutations that increase pump activity may compensate for BDQ/CFZ fitness costs in highly resistant strains. Borderline primary/compensatory — flag for manual review.,Andries et al.; Hartkoorn et al. 2014,0.0,0.014184,0.0,0.0001598320181063,0.0009090803222923,0.0,-19.93156856932417,,,,False,,,,False,,,,,,,,,,,,,,,,Not conservation-tested (unresolved position)
rpoC,c.3645G>C,rifampicin,,False,"Beta-prime subunit of RNA polymerase. Mutations here compensate for the conformational changes in the RNA polymerase complex caused by rpoB RRDR resistance mutations, restoring transcription efficiency.",Comas et al. 2012 Nat Genet; Muller et al. 2017,0.0,0.014184,0.0,0.0001598320181063,0.0009090803222923,0.0,-19.93156856932417,,,,False,,,,False,,,,,,,,,,,,,,,,Not conservation-tested (unresolved position)
mmpL5,c.642G>C,bedaquiline/clofazimine,,False,MmpL5 efflux pump structural component. Gain-of-function mutations that increase pump activity may compensate for BDQ/CFZ fitness costs in highly resistant strains. Borderline primary/compensatory — flag for manual review.,Andries et al.; Hartkoorn et al. 2014,0.0,0.014184,0.0,0.0001598320181063,0.0009090803222923,0.0,-19.93156856932417,,,,False,,,,False,,,,,,,,,,,,,,,,Not conservation-tested (unresolved position)
ahpC,c.555A>C,isoniazid,,False,Alkyl hydroperoxide reductase. Upregulation compensates for the loss of KatG-mediated oxidative defence when katG is inactivated by INH-resistance mutations. Promoter mutations causing ahpC upregulation are the canonical compensatory mechanism for katG LoF.,Sherman et al. 1996; Heym et al. 1997,0.0,0.014184,0.0,0.0001598320181063,0.0009090803222923,0.0,-19.93156856932417,,,,False,,,,False,,,,,,,,,,,,,,,,Not conservation-tested (unresolved position)
mmpL5,p.Phe578Leu,bedaquiline/clofazimine,,False,MmpL5 efflux pump structural component. Gain-of-function mutations that increase pump activity may compensate for BDQ/CFZ fitness costs in highly resistant strains. Borderline primary/compensatory — flag for manual review.,Andries et al.; Hartkoorn et al. 2014,0.0,0.014184,0.0,0.0001598320181063,0.0009090803222923,0.0,-19.93156856932417,,,,False,,,,False,,,,,,,,,,,,,,,,Not conservation-tested (unresolved position)
ndh,c.87G>T,isoniazid,,False,"NADH dehydrogenase. Loss-of-function mutations raise the NADH/NAD+ ratio, which can compensate for INH-mediated inhibition of InhA (InhA requires NADH as cofactor). Not a direct resistance mutation but modulates the INH activation and target environment.",Miesel et al. 1998,0.0,0.014184,0.0,0.0001598320181063,0.0009090803222923,0.0,-19.93156856932417,,,,False,,,,False,,,,,,,,,,,,,,,,Not conservation-tested (unresolved position)
rpoC,c.867G>A,rifampicin,,False,"Beta-prime subunit of RNA polymerase. Mutations here compensate for the conformational changes in the RNA polymerase complex caused by rpoB RRDR resistance mutations, restoring transcription efficiency.",Comas et al. 2012 Nat Genet; Muller et al. 2017,0.0,0.014184,0.0,0.0001598320181063,0.0009090803222923,0.0,-19.93156856932417,,,,False,,,,False,,,,,,,,,,,,,,,,Not conservation-tested (unresolved position)
mmpL5,c.1809G>C,bedaquiline/clofazimine,,False,MmpL5 efflux pump structural component. Gain-of-function mutations that increase pump activity may compensate for BDQ/CFZ fitness costs in highly resistant strains. Borderline primary/compensatory — flag for manual review.,Andries et al.; Hartkoorn et al. 2014,0.0,0.014184,0.0,0.0001598320181063,0.0009090803222923,0.0,-19.93156856932417,,,,False,,,,False,,,,,,,,,,,,,,,,Not conservation-tested (unresolved position)
mmpL5,p.Val217Ala,bedaquiline/clofazimine,,False,MmpL5 efflux pump structural component. Gain-of-function mutations that increase pump activity may compensate for BDQ/CFZ fitness costs in highly resistant strains. Borderline primary/compensatory — flag for manual review.,Andries et al.; Hartkoorn et al. 2014,0.0,0.014184,0.0,0.0001598320181063,0.0009090803222923,0.0,-19.93156856932417,,,,False,,,,False,,,,,,,,,,,,,,,,Not conservation-tested (unresolved position)
rpoC,c.984G>C,rifampicin,,False,"Beta-prime subunit of RNA polymerase. Mutations here compensate for the conformational changes in the RNA polymerase complex caused by rpoB RRDR resistance mutations, restoring transcription efficiency.",Comas et al. 2012 Nat Genet; Muller et al. 2017,0.0,0.014184,0.0,0.0001598320181063,0.0009090803222923,0.0,-19.93156856932417,,,,False,,,,False,,,,,,,,,,,,,,,,Not conservation-tested (unresolved position)
rpoA,c.771G>C,rifampicin,,False,Compensates transcriptional fitness cost of rpoB RRDR mutations. Mutations in the alpha subunit of RNA polymerase restore the binding geometry disrupted by rpoB resistance mutations.,Comas et al. 2012 Nat Genet; Gagneux et al.,0.0,0.014184,0.0,0.0001598320181063,0.0009090803222923,0.0,-19.93156856932417,,,,False,,,,False,,,,,,,,,,,,,,,,Not conservation-tested (unresolved position)
rpoC,c.-357C>G,rifampicin,,False,"Beta-prime subunit of RNA polymerase. Mutations here compensate for the conformational changes in the RNA polymerase complex caused by rpoB RRDR resistance mutations, restoring transcription efficiency.",Comas et al. 2012 Nat Genet; Muller et al. 2017,0.0,0.014184,0.0,0.0001598320181063,0.0009090803222923,0.0,-19.93156856932417,,,,False,,,,False,,,,,,,,,,,,,,,,Not conservation-tested (unresolved position)
rpoC,c.747C>T,rifampicin,,False,"Beta-prime subunit of RNA polymerase. Mutations here compensate for the conformational changes in the RNA polymerase complex caused by rpoB RRDR resistance mutations, restoring transcription efficiency.",Comas et al. 2012 Nat Genet; Muller et al. 2017,0.002296,0.021277,0.1079,0.0001691911525153,0.00094651838195,0.1058688147295742,-3.239650410757388,,,,False,,,,False,,,,,,,,,,,,,,,,Not conservation-tested (unresolved position)
rpoA,c.-402A>G,rifampicin,,False,Compensates transcriptional fitness cost of rpoB RRDR mutations. Mutations in the alpha subunit of RNA polymerase restore the binding geometry disrupted by rpoB resistance mutations.,Comas et al. 2012 Nat Genet; Gagneux et al.,0.002296,0.021277,0.1079,0.0001691911525153,0.00094651838195,0.1058688147295742,-3.239650410757388,,,,False,,,,False,,,,,,,,,,,,,,,,Not conservation-tested (unresolved position)
rpoC,c.99G>C,rifampicin,,False,"Beta-prime subunit of RNA polymerase. Mutations here compensate for the conformational changes in the RNA polymerase complex caused by rpoB RRDR resistance mutations, restoring transcription efficiency.",Comas et al. 2012 Nat Genet; Muller et al. 2017,0.001148,0.017224,0.0667,0.0002046979980973,0.0011345166630903,0.0655848546315077,-3.93049349491194,,,,False,,,,False,,,,,,,,,,,,,,,,Not conservation-tested (unresolved position)
rpoC,c.1179G>A,rifampicin,,False,"Beta-prime subunit of RNA polymerase. Mutations here compensate for the conformational changes in the RNA polymerase complex caused by rpoB RRDR resistance mutations, restoring transcription efficiency.",Comas et al. 2012 Nat Genet; Muller et al. 2017,0.001148,0.017224,0.0667,0.0002046979980973,0.0011345166630903,0.0655848546315077,-3.93049349491194,,,,False,,,,False,,,,,,,,,,,,,,,,Not conservation-tested (unresolved position)
gyrB,c.1821T>C,fluoroquinolones,,False,"DNA gyrase B subunit. gyrB mutations can compensate for the supercoiling defects caused by gyrA QRDR (Quinolone Resistance-Determining Region) primary resistance mutations, restoring adequate DNA replication efficiency.",Avalos Vizcaino et al.; Mayer & Fierer 2014,0.001148,0.017224,0.0667,0.0002046979980973,0.0011345166630903,0.0655848546315077,-3.93049349491194,,,,False,,,,False,,,,,,,,,,,,,,,,Not conservation-tested (unresolved position)
rpoA,c.828G>C,rifampicin,,False,Compensates transcriptional fitness cost of rpoB RRDR mutations. Mutations in the alpha subunit of RNA polymerase restore the binding geometry disrupted by rpoB resistance mutations.,Comas et al. 2012 Nat Genet; Gagneux et al.,0.001148,0.017224,0.0667,0.0002046979980973,0.0011345166630903,0.0655848546315077,-3.93049349491194,,,,False,,,,False,,,,,,,,,,,,,,,,Not conservation-tested (unresolved position)
kasA,c.1149C>T,isoniazid,,False,Beta-ketoacyl ACP synthase involved in mycolic acid synthesis. Mutations here can partially compensate for inhA-mediated INH resistance by altering the flux through the FAS-II fatty acid synthesis pathway.,Mdluli et al. 1998,0.001148,0.017224,0.0667,0.0002046979980973,0.0011345166630903,0.0655848546315077,-3.93049349491194,,,,False,,,,False,,,,,,,,,,,,,,,,Not conservation-tested (unresolved position)
ahpC,p.Gln14Glu,isoniazid,,False,Alkyl hydroperoxide reductase. Upregulation compensates for the loss of KatG-mediated oxidative defence when katG is inactivated by INH-resistance mutations. Promoter mutations causing ahpC upregulation are the canonical compensatory mechanism for katG LoF.,Sherman et al. 1996; Heym et al. 1997,0.0,0.013171,0.0,0.0003087561255719,0.0016208847428265,0.0,-19.93156856932417,,,,False,,,,False,,,,,,,,,,,,,,,,Not conservation-tested (unresolved position)
rpoC,c.885G>C,rifampicin,,False,"Beta-prime subunit of RNA polymerase. Mutations here compensate for the conformational changes in the RNA polymerase complex caused by rpoB RRDR resistance mutations, restoring transcription efficiency.",Comas et al. 2012 Nat Genet; Muller et al. 2017,0.0,0.013171,0.0,0.0003087561255719,0.0016208847428265,0.0,-19.93156856932417,,,,False,,,,False,,,,,,,,,,,,,,,,Not conservation-tested (unresolved position)
kasA,c.1104G>A,isoniazid,,False,Beta-ketoacyl ACP synthase involved in mycolic acid synthesis. Mutations here can partially compensate for inhA-mediated INH resistance by altering the flux through the FAS-II fatty acid synthesis pathway.,Mdluli et al. 1998,0.0,0.013171,0.0,0.0003087561255719,0.0016208847428265,0.0,-19.93156856932417,,,,False,,,,False,,,,,,,,,,,,,,,,Not conservation-tested (unresolved position)
mmpL5,c.1776C>T,bedaquiline/clofazimine,,False,MmpL5 efflux pump structural component. Gain-of-function mutations that increase pump activity may compensate for BDQ/CFZ fitness costs in highly resistant strains. Borderline primary/compensatory — flag for manual review.,Andries et al.; Hartkoorn et al. 2014,0.0,0.013171,0.0,0.0003087561255719,0.0016208847428265,0.0,-19.93156856932417,,,,False,,,,False,,,,,,,,,,,,,,,,Not conservation-tested (unresolved position)
mmpL5,c.2076T>G,bedaquiline/clofazimine,,False,MmpL5 efflux pump structural component. Gain-of-function mutations that increase pump activity may compensate for BDQ/CFZ fitness costs in highly resistant strains. Borderline primary/compensatory — flag for manual review.,Andries et al.; Hartkoorn et al. 2014,0.0,0.013171,0.0,0.0003087561255719,0.0016208847428265,0.0,-19.93156856932417,,,,False,,,,False,,,,,,,,,,,,,,,,Not conservation-tested (unresolved position)
rpoA,c.951C>G,rifampicin,,False,Compensates transcriptional fitness cost of rpoB RRDR mutations. Mutations in the alpha subunit of RNA polymerase restore the binding geometry disrupted by rpoB resistance mutations.,Comas et al. 2012 Nat Genet; Gagneux et al.,0.0,0.013171,0.0,0.0003087561255719,0.0016208847428265,0.0,-19.93156856932417,,,,False,,,,False,,,,,,,,,,,,,,,,Not conservation-tested (unresolved position)
mmpL5,c.2352C>G,bedaquiline/clofazimine,,False,MmpL5 efflux pump structural component. Gain-of-function mutations that increase pump activity may compensate for BDQ/CFZ fitness costs in highly resistant strains. Borderline primary/compensatory — flag for manual review.,Andries et al.; Hartkoorn et al. 2014,0.0,0.013171,0.0,0.0003087561255719,0.0016208847428265,0.0,-19.93156856932417,,,,False,,,,False,,,,,,,,,,,,,,,,Not conservation-tested (unresolved position)
kasA,c.1116C>T,isoniazid,,False,Beta-ketoacyl ACP synthase involved in mycolic acid synthesis. Mutations here can partially compensate for inhA-mediated INH resistance by altering the flux through the FAS-II fatty acid synthesis pathway.,Mdluli et al. 1998,0.0,0.013171,0.0,0.0003087561255719,0.0016208847428265,0.0,-19.93156856932417,,,,False,,,,False,,,,,,,,,,,,,,,,Not conservation-tested (unresolved position)
rpoC,p.Tyr248Phe,rifampicin,,False,"Beta-prime subunit of RNA polymerase. Mutations here compensate for the conformational changes in the RNA polymerase complex caused by rpoB RRDR resistance mutations, restoring transcription efficiency.",Comas et al. 2012 Nat Genet; Muller et al. 2017,0.002296,0.020263,0.1133,0.0003051779735552,0.0016208847428265,0.111277330264672,-3.167768382224921,,,,False,,,,False,,,,,,,,,,,,,,,,Not conservation-tested (unresolved position)
rpoC,c.1977C>G,rifampicin,,False,"Beta-prime subunit of RNA polymerase. Mutations here compensate for the conformational changes in the RNA polymerase complex caused by rpoB RRDR resistance mutations, restoring transcription efficiency.",Comas et al. 2012 Nat Genet; Muller et al. 2017,0.0,0.013171,0.0,0.0003087561255719,0.0016208847428265,0.0,-19.93156856932417,,,,False,,,,False,,,,,,,,,,,,,,,,Not conservation-tested (unresolved position)
ndh,c.531G>C,isoniazid,,False,"NADH dehydrogenase. Loss-of-function mutations raise the NADH/NAD+ ratio, which can compensate for INH-mediated inhibition of InhA (InhA requires NADH as cofactor). Not a direct resistance mutation but modulates the INH activation and target environment.",Miesel et al. 1998,0.0,0.013171,0.0,0.0003087561255719,0.0016208847428265,0.0,-19.93156856932417,,,,False,,,,False,,,,,,,,,,,,,,,,Not conservation-tested (unresolved position)
ndh,c.630G>C,isoniazid,,False,"NADH dehydrogenase. Loss-of-function mutations raise the NADH/NAD+ ratio, which can compensate for INH-mediated inhibition of InhA (InhA requires NADH as cofactor). Not a direct resistance mutation but modulates the INH activation and target environment.",Miesel et al. 1998,0.0,0.013171,0.0,0.0003087561255719,0.0016208847428265,0.0,-19.93156856932417,,,,False,,,,False,,,,,,,,,,,,,,,,Not conservation-tested (unresolved position)
ndh,c.495A>G,isoniazid,,False,"NADH dehydrogenase. Loss-of-function mutations raise the NADH/NAD+ ratio, which can compensate for INH-mediated inhibition of InhA (InhA requires NADH as cofactor). Not a direct resistance mutation but modulates the INH activation and target environment.",Miesel et al. 1998,0.0,0.013171,0.0,0.0003087561255719,0.0016208847428265,0.0,-19.93156856932417,,,,False,,,,False,,,,,,,,,,,,,,,,Not conservation-tested (unresolved position)
mmpR5,c.-956A>G,bedaquiline/clofazimine,,False,"Transcriptional repressor of the MmpS5-MmpL5 efflux pump. Loss-of-function mutations in mmpR5 upregulate MmpL5-mediated drug efflux. Classified here as compensatory in the context of pre-existing BDQ resistance conferring fitness loss, though some literature treats this as a primary low-level resistance mechanism. Flag for manual review.",Andries et al.; Hartkoorn et al. 2014,0.002296,0.020263,0.1133,0.0003051779735552,0.0016208847428265,0.111277330264672,-3.167768382224921,,,,False,,,,False,,,,,,,,,,,,,,,,Not conservation-tested (unresolved position)
rpoA,c.483C>T,rifampicin,,False,Compensates transcriptional fitness cost of rpoB RRDR mutations. Mutations in the alpha subunit of RNA polymerase restore the binding geometry disrupted by rpoB resistance mutations.,Comas et al. 2012 Nat Genet; Gagneux et al.,0.0,0.013171,0.0,0.0003087561255719,0.0016208847428265,0.0,-19.93156856932417,,,,False,,,,False,,,,,,,,,,,,,,,,Not conservation-tested (unresolved position)
gyrB,c.180T>C,fluoroquinolones,,False,"DNA gyrase B subunit. gyrB mutations can compensate for the supercoiling defects caused by gyrA QRDR (Quinolone Resistance-Determining Region) primary resistance mutations, restoring adequate DNA replication efficiency.",Avalos Vizcaino et al.; Mayer & Fierer 2014,0.0,0.013171,0.0,0.0003087561255719,0.0016208847428265,0.0,-19.93156856932417,,,,False,,,,False,,,,,,,,,,,,,,,,Not conservation-tested (unresolved position)
rpoC,c.3915C>G,rifampicin,,False,"Beta-prime subunit of RNA polymerase. Mutations here compensate for the conformational changes in the RNA polymerase complex caused by rpoB RRDR resistance mutations, restoring transcription efficiency.",Comas et al. 2012 Nat Genet; Muller et al. 2017,0.0,0.013171,0.0,0.0003087561255719,0.0016208847428265,0.0,-19.93156856932417,,,,False,,,,False,,,,,,,,,,,,,,,,Not conservation-tested (unresolved position)
rpoA,c.-566A>G,rifampicin,,False,Compensates transcriptional fitness cost of rpoB RRDR mutations. Mutations in the alpha subunit of RNA polymerase restore the binding geometry disrupted by rpoB resistance mutations.,Comas et al. 2012 Nat Genet; Gagneux et al.,0.0,0.013171,0.0,0.0003087561255719,0.0016208847428265,0.0,-19.93156856932417,,,,False,,,,False,,,,,,,,,,,,,,,,Not conservation-tested (unresolved position)
ndh,c.300C>G,isoniazid,,False,"NADH dehydrogenase. Loss-of-function mutations raise the NADH/NAD+ ratio, which can compensate for INH-mediated inhibition of InhA (InhA requires NADH as cofactor). Not a direct resistance mutation but modulates the INH activation and target environment.",Miesel et al. 1998,0.0,0.013171,0.0,0.0003087561255719,0.0016208847428265,0.0,-19.93156856932417,,,,False,,,,False,,,,,,,,,,,,,,,,Not conservation-tested (unresolved position)
rpoC,c.2919C>G,rifampicin,,False,"Beta-prime subunit of RNA polymerase. Mutations here compensate for the conformational changes in the RNA polymerase complex caused by rpoB RRDR resistance mutations, restoring transcription efficiency.",Comas et al. 2012 Nat Genet; Muller et al. 2017,0.0,0.013171,0.0,0.0003087561255719,0.0016208847428265,0.0,-19.93156856932417,,,,False,,,,False,,,,,,,,,,,,,,,,Not conservation-tested (unresolved position)
mmpR5,c.-926G>C,bedaquiline/clofazimine,,False,"Transcriptional repressor of the MmpS5-MmpL5 efflux pump. Loss-of-function mutations in mmpR5 upregulate MmpL5-mediated drug efflux. Classified here as compensatory in the context of pre-existing BDQ resistance conferring fitness loss, though some literature treats this as a primary low-level resistance mechanism. Flag for manual review.",Andries et al.; Hartkoorn et al. 2014,0.0,0.013171,0.0,0.0003087561255719,0.0016208847428265,0.0,-19.93156856932417,,,,False,,,,False,,,,,,,,,,,,,,,,Not conservation-tested (unresolved position)
ahpC,c.138G>A,isoniazid,,False,Alkyl hydroperoxide reductase. Upregulation compensates for the loss of KatG-mediated oxidative defence when katG is inactivated by INH-resistance mutations. Promoter mutations causing ahpC upregulation are the canonical compensatory mechanism for katG LoF.,Sherman et al. 1996; Heym et al. 1997,0.0,0.013171,0.0,0.0003087561255719,0.0016208847428265,0.0,-19.93156856932417,,,,False,,,,False,,,,,,,,,,,,,,,,Not conservation-tested (unresolved position)
ndh,c.618G>C,isoniazid,,False,"NADH dehydrogenase. Loss-of-function mutations raise the NADH/NAD+ ratio, which can compensate for INH-mediated inhibition of InhA (InhA requires NADH as cofactor). Not a direct resistance mutation but modulates the INH activation and target environment.",Miesel et al. 1998,0.0,0.013171,0.0,0.0003087561255719,0.0016208847428265,0.0,-19.93156856932417,,,,False,,,,False,,,,,,,,,,,,,,,,Not conservation-tested (unresolved position)
ndh,c.516A>C,isoniazid,,False,"NADH dehydrogenase. Loss-of-function mutations raise the NADH/NAD+ ratio, which can compensate for INH-mediated inhibition of InhA (InhA requires NADH as cofactor). Not a direct resistance mutation but modulates the INH activation and target environment.",Miesel et al. 1998,0.0,0.013171,0.0,0.0003087561255719,0.0016208847428265,0.0,-19.93156856932417,,,,False,,,,False,,,,,,,,,,,,,,,,Not conservation-tested (unresolved position)
rpoC,p.Val836Ile,rifampicin,,False,"Beta-prime subunit of RNA polymerase. Mutations here compensate for the conformational changes in the RNA polymerase complex caused by rpoB RRDR resistance mutations, restoring transcription efficiency.",Comas et al. 2012 Nat Genet; Muller et al. 2017,0.0,0.013171,0.0,0.0003087561255719,0.0016208847428265,0.0,-19.93156856932417,,,,False,,,,False,,,,,,,,,,,,,,,,Not conservation-tested (unresolved position)
mmpL5,c.1485C>G,bedaquiline/clofazimine,,False,MmpL5 efflux pump structural component. Gain-of-function mutations that increase pump activity may compensate for BDQ/CFZ fitness costs in highly resistant strains. Borderline primary/compensatory — flag for manual review.,Andries et al.; Hartkoorn et al. 2014,0.0,0.013171,0.0,0.0003087561255719,0.0016208847428265,0.0,-19.93156856932417,,,,False,,,,False,,,,,,,,,,,,,,,,Not conservation-tested (unresolved position)
ahpC,c.27A>G,isoniazid,,False,Alkyl hydroperoxide reductase. Upregulation compensates for the loss of KatG-mediated oxidative defence when katG is inactivated by INH-resistance mutations. Promoter mutations causing ahpC upregulation are the canonical compensatory mechanism for katG LoF.,Sherman et al. 1996; Heym et al. 1997,0.0,0.013171,0.0,0.0003087561255719,0.0016208847428265,0.0,-19.93156856932417,,,,False,,,,False,,,,,,,,,,,,,,,,Not conservation-tested (unresolved position)
rpoC,c.3633G>C,rifampicin,,False,"Beta-prime subunit of RNA polymerase. Mutations here compensate for the conformational changes in the RNA polymerase complex caused by rpoB RRDR resistance mutations, restoring transcription efficiency.",Comas et al. 2012 Nat Genet; Muller et al. 2017,0.0,0.013171,0.0,0.0003087561255719,0.0016208847428265,0.0,-19.93156856932417,,,,False,,,,False,,,,,,,,,,,,,,,,Not conservation-tested (unresolved position)
ndh,c.180C>G,isoniazid,,False,"NADH dehydrogenase. Loss-of-function mutations raise the NADH/NAD+ ratio, which can compensate for INH-mediated inhibition of InhA (InhA requires NADH as cofactor). Not a direct resistance mutation but modulates the INH activation and target environment.",Miesel et al. 1998,0.0,0.013171,0.0,0.0003087561255719,0.0016208847428265,0.0,-19.93156856932417,,,,False,,,,False,,,,,,,,,,,,,,,,Not conservation-tested (unresolved position)
gyrB,c.843G>A,fluoroquinolones,,False,"DNA gyrase B subunit. gyrB mutations can compensate for the supercoiling defects caused by gyrA QRDR (Quinolone Resistance-Determining Region) primary resistance mutations, restoring adequate DNA replication efficiency.",Avalos Vizcaino et al.; Mayer & Fierer 2014,0.0,0.013171,0.0,0.0003087561255719,0.0016208847428265,0.0,-19.93156856932417,,,,False,,,,False,,,,,,,,,,,,,,,,Not conservation-tested (unresolved position)
ndh,c.906G>C,isoniazid,,False,"NADH dehydrogenase. Loss-of-function mutations raise the NADH/NAD+ ratio, which can compensate for INH-mediated inhibition of InhA (InhA requires NADH as cofactor). Not a direct resistance mutation but modulates the INH activation and target environment.",Miesel et al. 1998,0.0,0.013171,0.0,0.0003087561255719,0.0016208847428265,0.0,-19.93156856932417,,,,False,,,,False,,,,,,,,,,,,,,,,Not conservation-tested (unresolved position)
rpoC,c.2946C>G,rifampicin,,False,"Beta-prime subunit of RNA polymerase. Mutations here compensate for the conformational changes in the RNA polymerase complex caused by rpoB RRDR resistance mutations, restoring transcription efficiency.",Comas et al. 2012 Nat Genet; Muller et al. 2017,0.0,0.013171,0.0,0.0003087561255719,0.0016208847428265,0.0,-19.93156856932417,,,,False,,,,False,,,,,,,,,,,,,,,,Not conservation-tested (unresolved position)
gyrB,c.69G>C,fluoroquinolones,,False,"DNA gyrase B subunit. gyrB mutations can compensate for the supercoiling defects caused by gyrA QRDR (Quinolone Resistance-Determining Region) primary resistance mutations, restoring adequate DNA replication efficiency.",Avalos Vizcaino et al.; Mayer & Fierer 2014,0.0,0.013171,0.0,0.0003087561255719,0.0016208847428265,0.0,-19.93156856932417,,,,False,,,,False,,,,,,,,,,,,,,,,Not conservation-tested (unresolved position)
rpoA,c.324C>T,rifampicin,,False,Compensates transcriptional fitness cost of rpoB RRDR mutations. Mutations in the alpha subunit of RNA polymerase restore the binding geometry disrupted by rpoB resistance mutations.,Comas et al. 2012 Nat Genet; Gagneux et al.,0.0,0.013171,0.0,0.0003087561255719,0.0016208847428265,0.0,-19.93156856932417,,,,False,,,,False,,,,,,,,,,,,,,,,Not conservation-tested (unresolved position)
mmpL5,c.2560C>T,bedaquiline/clofazimine,,False,MmpL5 efflux pump structural component. Gain-of-function mutations that increase pump activity may compensate for BDQ/CFZ fitness costs in highly resistant strains. Borderline primary/compensatory — flag for manual review.,Andries et al.; Hartkoorn et al. 2014,0.0,0.013171,0.0,0.0003087561255719,0.0016208847428265,0.0,-19.93156856932417,,,,False,,,,False,,,,,,,,,,,,,,,,Not conservation-tested (unresolved position)
rpoA,c.381G>C,rifampicin,,False,Compensates transcriptional fitness cost of rpoB RRDR mutations. Mutations in the alpha subunit of RNA polymerase restore the binding geometry disrupted by rpoB resistance mutations.,Comas et al. 2012 Nat Genet; Gagneux et al.,0.0,0.013171,0.0,0.0003087561255719,0.0016208847428265,0.0,-19.93156856932417,,,,False,,,,False,,,,,,,,,,,,,,,,Not conservation-tested (unresolved position)
rpoC,c.3249G>T,rifampicin,,False,"Beta-prime subunit of RNA polymerase. Mutations here compensate for the conformational changes in the RNA polymerase complex caused by rpoB RRDR resistance mutations, restoring transcription efficiency.",Comas et al. 2012 Nat Genet; Muller et al. 2017,0.0,0.013171,0.0,0.0003087561255719,0.0016208847428265,0.0,-19.93156856932417,,,,False,,,,False,,,,,,,,,,,,,,,,Not conservation-tested (unresolved position)
ndh,c.253C>T,isoniazid,,False,"NADH dehydrogenase. Loss-of-function mutations raise the NADH/NAD+ ratio, which can compensate for INH-mediated inhibition of InhA (InhA requires NADH as cofactor). Not a direct resistance mutation but modulates the INH activation and target environment.",Miesel et al. 1998,0.0,0.013171,0.0,0.0003087561255719,0.0016208847428265,0.0,-19.93156856932417,,,,False,,,,False,,,,,,,,,,,,,,,,Not conservation-tested (unresolved position)
kasA,c.360G>A,isoniazid,,False,Beta-ketoacyl ACP synthase involved in mycolic acid synthesis. Mutations here can partially compensate for inhA-mediated INH resistance by altering the flux through the FAS-II fatty acid synthesis pathway.,Mdluli et al. 1998,0.001148,0.016211,0.0708,0.0003735692442436,0.0019440266450717,0.0697557471264367,-3.841544105316898,,,,False,,,,False,,,,,,,,,,,,,,,,Not conservation-tested (unresolved position)
kasA,c.528A>G,isoniazid,,False,Beta-ketoacyl ACP synthase involved in mycolic acid synthesis. Mutations here can partially compensate for inhA-mediated INH resistance by altering the flux through the FAS-II fatty acid synthesis pathway.,Mdluli et al. 1998,0.001148,0.016211,0.0708,0.0003735692442436,0.0019440266450717,0.0697557471264367,-3.841544105316898,,,,False,,,,False,,,,,,,,,,,,,,,,Not conservation-tested (unresolved position)
rpoC,c.3042C>G,rifampicin,,False,"Beta-prime subunit of RNA polymerase. Mutations here compensate for the conformational changes in the RNA polymerase complex caused by rpoB RRDR resistance mutations, restoring transcription efficiency.",Comas et al. 2012 Nat Genet; Muller et al. 2017,0.001148,0.016211,0.0708,0.0003735692442436,0.0019440266450717,0.0697557471264367,-3.841544105316898,,,,False,,,,False,,,,,,,,,,,,,,,,Not conservation-tested (unresolved position)
rpoC,c.345G>C,rifampicin,,False,"Beta-prime subunit of RNA polymerase. Mutations here compensate for the conformational changes in the RNA polymerase complex caused by rpoB RRDR resistance mutations, restoring transcription efficiency.",Comas et al. 2012 Nat Genet; Muller et al. 2017,0.001148,0.016211,0.0708,0.0003735692442436,0.0019440266450717,0.0697557471264367,-3.841544105316898,,,,False,,,,False,,,,,,,,,,,,,,,,Not conservation-tested (unresolved position)
rpoA,c.462T>C,rifampicin,,False,Compensates transcriptional fitness cost of rpoB RRDR mutations. Mutations in the alpha subunit of RNA polymerase restore the binding geometry disrupted by rpoB resistance mutations.,Comas et al. 2012 Nat Genet; Gagneux et al.,0.001148,0.016211,0.0708,0.0003735692442436,0.0019440266450717,0.0697557471264367,-3.841544105316898,,,,False,,,,False,,,,,,,,,,,,,,,,Not conservation-tested (unresolved position)
rpoC,p.Glu1033Ala,rifampicin,,False,"Beta-prime subunit of RNA polymerase. Mutations here compensate for the conformational changes in the RNA polymerase complex caused by rpoB RRDR resistance mutations, restoring transcription efficiency.",Comas et al. 2012 Nat Genet; Muller et al. 2017,0.011481,0.0,11481.0563,0.0004985871957989,0.0025861501069049,999.0,9.964340867792416,,,,False,,,,False,,,,,,,,,,,,,,,,Not conservation-tested (unresolved position)
rpoC,p.Pro1040Arg,rifampicin,,False,"Beta-prime subunit of RNA polymerase. Mutations here compensate for the conformational changes in the RNA polymerase complex caused by rpoB RRDR resistance mutations, restoring transcription efficiency.",Comas et al. 2012 Nat Genet; Muller et al. 2017,0.011481,0.0,11481.0563,0.0004985871957989,0.0025861501069049,999.0,9.964340867792416,,,,False,,,,False,,,,,,,,,,,,,,,,Not conservation-tested (unresolved position)
rpoC,c.39T>C,rifampicin,,False,"Beta-prime subunit of RNA polymerase. Mutations here compensate for the conformational changes in the RNA polymerase complex caused by rpoB RRDR resistance mutations, restoring transcription efficiency.",Comas et al. 2012 Nat Genet; Muller et al. 2017,0.002296,0.01925,0.1193,0.0005483067631698,0.0028134622299427,0.1172551632245169,-3.092276642983391,,,,False,,,,False,,,,,,,,,,,,,,,,Not conservation-tested (unresolved position)
rpoA,c.-191A>G,rifampicin,,False,Compensates transcriptional fitness cost of rpoB RRDR mutations. Mutations in the alpha subunit of RNA polymerase restore the binding geometry disrupted by rpoB resistance mutations.,Comas et al. 2012 Nat Genet; Gagneux et al.,0.002296,0.01925,0.1193,0.0005483067631698,0.0028134622299427,0.1172551632245169,-3.092276642983391,,,,False,,,,False,,,,,,,,,,,,,,,,Not conservation-tested (unresolved position)
rpoC,c.1120C>T,rifampicin,,False,"Beta-prime subunit of RNA polymerase. Mutations here compensate for the conformational changes in the RNA polymerase complex caused by rpoB RRDR resistance mutations, restoring transcription efficiency.",Comas et al. 2012 Nat Genet; Muller et al. 2017,0.002296,0.01925,0.1193,0.0005483067631698,0.0028134622299427,0.1172551632245169,-3.092276642983391,,,,False,,,,False,,,,,,,,,,,,,,,,Not conservation-tested (unresolved position)
rpoC,c.3153C>G,rifampicin,,False,"Beta-prime subunit of RNA polymerase. Mutations here compensate for the conformational changes in the RNA polymerase complex caused by rpoB RRDR resistance mutations, restoring transcription efficiency.",Comas et al. 2012 Nat Genet; Muller et al. 2017,0.002296,0.01925,0.1193,0.0005483067631698,0.0028134622299427,0.1172551632245169,-3.092276642983391,,,,False,,,,False,,,,,,,,,,,,,,,,Not conservation-tested (unresolved position)
rpoC,p.Leu679Val,rifampicin,,False,"Beta-prime subunit of RNA polymerase. Mutations here compensate for the conformational changes in the RNA polymerase complex caused by rpoB RRDR resistance mutations, restoring transcription efficiency.",Comas et al. 2012 Nat Genet; Muller et al. 2017,0.002296,0.01925,0.1193,0.0005483067631698,0.0028134622299427,0.1172551632245169,-3.092276642983391,,,,False,,,,False,,,,,,,,,,,,,,,,Not conservation-tested (unresolved position)
ndh,c.468G>A,isoniazid,,False,"NADH dehydrogenase. Loss-of-function mutations raise the NADH/NAD+ ratio, which can compensate for INH-mediated inhibition of InhA (InhA requires NADH as cofactor). Not a direct resistance mutation but modulates the INH activation and target environment.",Miesel et al. 1998,0.0,0.012158,0.0,0.0005974467439184,0.0029667178584587,0.0,-19.93156856932417,,,,False,,,,False,,,,,,,,,,,,,,,,Not conservation-tested (unresolved position)
rpoC,c.-996G>C,rifampicin,,False,"Beta-prime subunit of RNA polymerase. Mutations here compensate for the conformational changes in the RNA polymerase complex caused by rpoB RRDR resistance mutations, restoring transcription efficiency.",Comas et al. 2012 Nat Genet; Muller et al. 2017,0.0,0.012158,0.0,0.0005974467439184,0.0029667178584587,0.0,-19.93156856932417,,,,False,,,,False,,,,,,,,,,,,,,,,Not conservation-tested (unresolved position)
ndh,c.375T>C,isoniazid,,False,"NADH dehydrogenase. Loss-of-function mutations raise the NADH/NAD+ ratio, which can compensate for INH-mediated inhibition of InhA (InhA requires NADH as cofactor). Not a direct resistance mutation but modulates the INH activation and target environment.",Miesel et al. 1998,0.0,0.012158,0.0,0.0005974467439184,0.0029667178584587,0.0,-19.93156856932417,,,,False,,,,False,,,,,,,,,,,,,,,,Not conservation-tested (unresolved position)
kasA,c.531G>C,isoniazid,,False,Beta-ketoacyl ACP synthase involved in mycolic acid synthesis. Mutations here can partially compensate for inhA-mediated INH resistance by altering the flux through the FAS-II fatty acid synthesis pathway.,Mdluli et al. 1998,0.0,0.012158,0.0,0.0005974467439184,0.0029667178584587,0.0,-19.93156856932417,,,,False,,,,False,,,,,,,,,,,,,,,,Not conservation-tested (unresolved position)
rpoC,c.2043T>C,rifampicin,,False,"Beta-prime subunit of RNA polymerase. Mutations here compensate for the conformational changes in the RNA polymerase complex caused by rpoB RRDR resistance mutations, restoring transcription efficiency.",Comas et al. 2012 Nat Genet; Muller et al. 2017,0.0,0.012158,0.0,0.0005974467439184,0.0029667178584587,0.0,-19.93156856932417,,,,False,,,,False,,,,,,,,,,,,,,,,Not conservation-tested (unresolved position)
mmpL5,p.Val210Ala,bedaquiline/clofazimine,,False,MmpL5 efflux pump structural component. Gain-of-function mutations that increase pump activity may compensate for BDQ/CFZ fitness costs in highly resistant strains. Borderline primary/compensatory — flag for manual review.,Andries et al.; Hartkoorn et al. 2014,0.0,0.012158,0.0,0.0005974467439184,0.0029667178584587,0.0,-19.93156856932417,,,,False,,,,False,,,,,,,,,,,,,,,,Not conservation-tested (unresolved position)
gyrB,p.Thr214Ser,fluoroquinolones,,False,"DNA gyrase B subunit. gyrB mutations can compensate for the supercoiling defects caused by gyrA QRDR (Quinolone Resistance-Determining Region) primary resistance mutations, restoring adequate DNA replication efficiency.",Avalos Vizcaino et al.; Mayer & Fierer 2014,0.0,0.012158,0.0,0.0005974467439184,0.0029667178584587,0.0,-19.93156856932417,,,,False,,,,False,,,,,,,,,,,,,,,,Not conservation-tested (unresolved position)
ahpC,c.12A>G,isoniazid,,False,Alkyl hydroperoxide reductase. Upregulation compensates for the loss of KatG-mediated oxidative defence when katG is inactivated by INH-resistance mutations. Promoter mutations causing ahpC upregulation are the canonical compensatory mechanism for katG LoF.,Sherman et al. 1996; Heym et al. 1997,0.0,0.012158,0.0,0.0005974467439184,0.0029667178584587,0.0,-19.93156856932417,,,,False,,,,False,,,,,,,,,,,,,,,,Not conservation-tested (unresolved position)
ndh,c.307T>C,isoniazid,,False,"NADH dehydrogenase. Loss-of-function mutations raise the NADH/NAD+ ratio, which can compensate for INH-mediated inhibition of InhA (InhA requires NADH as cofactor). Not a direct resistance mutation but modulates the INH activation and target environment.",Miesel et al. 1998,0.0,0.012158,0.0,0.0005974467439184,0.0029667178584587,0.0,-19.93156856932417,,,,False,,,,False,,,,,,,,,,,,,,,,Not conservation-tested (unresolved position)
mmpL5,c.2755C>T,bedaquiline/clofazimine,,False,MmpL5 efflux pump structural component. Gain-of-function mutations that increase pump activity may compensate for BDQ/CFZ fitness costs in highly resistant strains. Borderline primary/compensatory — flag for manual review.,Andries et al.; Hartkoorn et al. 2014,0.0,0.012158,0.0,0.0005974467439184,0.0029667178584587,0.0,-19.93156856932417,,,,False,,,,False,,,,,,,,,,,,,,,,Not conservation-tested (unresolved position)
rpoC,c.1131C>G,rifampicin,,False,"Beta-prime subunit of RNA polymerase. Mutations here compensate for the conformational changes in the RNA polymerase complex caused by rpoB RRDR resistance mutations, restoring transcription efficiency.",Comas et al. 2012 Nat Genet; Muller et al. 2017,0.0,0.012158,0.0,0.0005974467439184,0.0029667178584587,0.0,-19.93156856932417,,,,False,,,,False,,,,,,,,,,,,,,,,Not conservation-tested (unresolved position)
rpoC,c.1422C>G,rifampicin,,False,"Beta-prime subunit of RNA polymerase. Mutations here compensate for the conformational changes in the RNA polymerase complex caused by rpoB RRDR resistance mutations, restoring transcription efficiency.",Comas et al. 2012 Nat Genet; Muller et al. 2017,0.0,0.012158,0.0,0.0005974467439184,0.0029667178584587,0.0,-19.93156856932417,,,,False,,,,False,,,,,,,,,,,,,,,,Not conservation-tested (unresolved position)
ndh,c.1314G>C,isoniazid,,False,"NADH dehydrogenase. Loss-of-function mutations raise the NADH/NAD+ ratio, which can compensate for INH-mediated inhibition of InhA (InhA requires NADH as cofactor). Not a direct resistance mutation but modulates the INH activation and target environment.",Miesel et al. 1998,0.0,0.012158,0.0,0.0005974467439184,0.0029667178584587,0.0,-19.93156856932417,,,,False,,,,False,,,,,,,,,,,,,,,,Not conservation-tested (unresolved position)
rpoC,c.1455T>C,rifampicin,,False,"Beta-prime subunit of RNA polymerase. Mutations here compensate for the conformational changes in the RNA polymerase complex caused by rpoB RRDR resistance mutations, restoring transcription efficiency.",Comas et al. 2012 Nat Genet; Muller et al. 2017,0.0,0.012158,0.0,0.0005974467439184,0.0029667178584587,0.0,-19.93156856932417,,,,False,,,,False,,,,,,,,,,,,,,,,Not conservation-tested (unresolved position)
rpoC,c.3282T>C,rifampicin,,False,"Beta-prime subunit of RNA polymerase. Mutations here compensate for the conformational changes in the RNA polymerase complex caused by rpoB RRDR resistance mutations, restoring transcription efficiency.",Comas et al. 2012 Nat Genet; Muller et al. 2017,0.0,0.012158,0.0,0.0005974467439184,0.0029667178584587,0.0,-19.93156856932417,,,,False,,,,False,,,,,,,,,,,,,,,,Not conservation-tested (unresolved position)
kasA,c.-84G>T,isoniazid,,False,Beta-ketoacyl ACP synthase involved in mycolic acid synthesis. Mutations here can partially compensate for inhA-mediated INH resistance by altering the flux through the FAS-II fatty acid synthesis pathway.,Mdluli et al. 1998,0.0,0.012158,0.0,0.0005974467439184,0.0029667178584587,0.0,-19.93156856932417,,,,False,,,,False,,,,,,,,,,,,,,,,Not conservation-tested (unresolved position)
kasA,c.246C>T,isoniazid,,False,Beta-ketoacyl ACP synthase involved in mycolic acid synthesis. Mutations here can partially compensate for inhA-mediated INH resistance by altering the flux through the FAS-II fatty acid synthesis pathway.,Mdluli et al. 1998,0.0,0.012158,0.0,0.0005974467439184,0.0029667178584587,0.0,-19.93156856932417,,,,False,,,,False,,,,,,,,,,,,,,,,Not conservation-tested (unresolved position)
ndh,p.Glu102Asp,isoniazid,,False,"NADH dehydrogenase. Loss-of-function mutations raise the NADH/NAD+ ratio, which can compensate for INH-mediated inhibition of InhA (InhA requires NADH as cofactor). Not a direct resistance mutation but modulates the INH activation and target environment.",Miesel et al. 1998,0.0,0.012158,0.0,0.0005974467439184,0.0029667178584587,0.0,-19.93156856932417,,,,False,,,,False,,,,,,,,,,,,,,,,Not conservation-tested (unresolved position)
rpoC,c.1995G>A,rifampicin,,False,"Beta-prime subunit of RNA polymerase. Mutations here compensate for the conformational changes in the RNA polymerase complex caused by rpoB RRDR resistance mutations, restoring transcription efficiency.",Comas et al. 2012 Nat Genet; Muller et al. 2017,0.0,0.012158,0.0,0.0005974467439184,0.0029667178584587,0.0,-19.93156856932417,,,,False,,,,False,,,,,,,,,,,,,,,,Not conservation-tested (unresolved position)
ahpC,c.24T>C,isoniazid,,False,Alkyl hydroperoxide reductase. Upregulation compensates for the loss of KatG-mediated oxidative defence when katG is inactivated by INH-resistance mutations. Promoter mutations causing ahpC upregulation are the canonical compensatory mechanism for katG LoF.,Sherman et al. 1996; Heym et al. 1997,0.0,0.012158,0.0,0.0005974467439184,0.0029667178584587,0.0,-19.93156856932417,,,,False,,,,False,,,,,,,,,,,,,,,,Not conservation-tested (unresolved position)
ndh,p.Cys98Phe,isoniazid,,False,"NADH dehydrogenase. Loss-of-function mutations raise the NADH/NAD+ ratio, which can compensate for INH-mediated inhibition of InhA (InhA requires NADH as cofactor). Not a direct resistance mutation but modulates the INH activation and target environment.",Miesel et al. 1998,0.0,0.012158,0.0,0.0005974467439184,0.0029667178584587,0.0,-19.93156856932417,,,,False,,,,False,,,,,,,,,,,,,,,,Not conservation-tested (unresolved position)
mmpL5,p.Glu615Asp,bedaquiline/clofazimine,,False,MmpL5 efflux pump structural component. Gain-of-function mutations that increase pump activity may compensate for BDQ/CFZ fitness costs in highly resistant strains. Borderline primary/compensatory — flag for manual review.,Andries et al.; Hartkoorn et al. 2014,0.0,0.012158,0.0,0.0005974467439184,0.0029667178584587,0.0,-19.93156856932417,,,,False,,,,False,,,,,,,,,,,,,,,,Not conservation-tested (unresolved position)
ndh,c.1158G>A,isoniazid,,False,"NADH dehydrogenase. Loss-of-function mutations raise the NADH/NAD+ ratio, which can compensate for INH-mediated inhibition of InhA (InhA requires NADH as cofactor). Not a direct resistance mutation but modulates the INH activation and target environment.",Miesel et al. 1998,0.0,0.012158,0.0,0.0005974467439184,0.0029667178584587,0.0,-19.93156856932417,,,,False,,,,False,,,,,,,,,,,,,,,,Not conservation-tested (unresolved position)
ndh,p.Gln97Lys,isoniazid,,False,"NADH dehydrogenase. Loss-of-function mutations raise the NADH/NAD+ ratio, which can compensate for INH-mediated inhibition of InhA (InhA requires NADH as cofactor). Not a direct resistance mutation but modulates the INH activation and target environment.",Miesel et al. 1998,0.0,0.012158,0.0,0.0005974467439184,0.0029667178584587,0.0,-19.93156856932417,,,,False,,,,False,,,,,,,,,,,,,,,,Not conservation-tested (unresolved position)
ahpC,c.477T>C,isoniazid,,False,Alkyl hydroperoxide reductase. Upregulation compensates for the loss of KatG-mediated oxidative defence when katG is inactivated by INH-resistance mutations. Promoter mutations causing ahpC upregulation are the canonical compensatory mechanism for katG LoF.,Sherman et al. 1996; Heym et al. 1997,0.0,0.012158,0.0,0.0005974467439184,0.0029667178584587,0.0,-19.93156856932417,,,,False,,,,False,,,,,,,,,,,,,,,,Not conservation-tested (unresolved position)
mmpL5,c.2580G>A,bedaquiline/clofazimine,,False,MmpL5 efflux pump structural component. Gain-of-function mutations that increase pump activity may compensate for BDQ/CFZ fitness costs in highly resistant strains. Borderline primary/compensatory — flag for manual review.,Andries et al.; Hartkoorn et al. 2014,0.001148,0.015198,0.0755,0.0006805567591429,0.0033549760894937,0.0744827586206896,-3.746949682738829,,,,False,,,,False,,,,,,,,,,,,,,,,Not conservation-tested (unresolved position)
rpoA,c.804G>T,rifampicin,,False,Compensates transcriptional fitness cost of rpoB RRDR mutations. Mutations in the alpha subunit of RNA polymerase restore the binding geometry disrupted by rpoB resistance mutations.,Comas et al. 2012 Nat Genet; Gagneux et al.,0.001148,0.015198,0.0755,0.0006805567591429,0.0033549760894937,0.0744827586206896,-3.746949682738829,,,,False,,,,False,,,,,,,,,,,,,,,,Not conservation-tested (unresolved position)
rpoA,c.-455G>C,rifampicin,,False,Compensates transcriptional fitness cost of rpoB RRDR mutations. Mutations in the alpha subunit of RNA polymerase restore the binding geometry disrupted by rpoB resistance mutations.,Comas et al. 2012 Nat Genet; Gagneux et al.,0.001148,0.015198,0.0755,0.0006805567591429,0.0033549760894937,0.0744827586206896,-3.746949682738829,,,,False,,,,False,,,,,,,,,,,,,,,,Not conservation-tested (unresolved position)
rpoA,c.-290G>C,rifampicin,,False,Compensates transcriptional fitness cost of rpoB RRDR mutations. Mutations in the alpha subunit of RNA polymerase restore the binding geometry disrupted by rpoB resistance mutations.,Comas et al. 2012 Nat Genet; Gagneux et al.,0.001148,0.015198,0.0755,0.0006805567591429,0.0033549760894937,0.0744827586206896,-3.746949682738829,,,,False,,,,False,,,,,,,,,,,,,,,,Not conservation-tested (unresolved position)
mmpL5,c.2565T>G,bedaquiline/clofazimine,,False,MmpL5 efflux pump structural component. Gain-of-function mutations that increase pump activity may compensate for BDQ/CFZ fitness costs in highly resistant strains. Borderline primary/compensatory — flag for manual review.,Andries et al.; Hartkoorn et al. 2014,0.001148,0.015198,0.0755,0.0006805567591429,0.0033549760894937,0.0744827586206896,-3.746949682738829,,,,False,,,,False,,,,,,,,,,,,,,,,Not conservation-tested (unresolved position)
ndh,c.498G>A,isoniazid,,False,"NADH dehydrogenase. Loss-of-function mutations raise the NADH/NAD+ ratio, which can compensate for INH-mediated inhibition of InhA (InhA requires NADH as cofactor). Not a direct resistance mutation but modulates the INH activation and target environment.",Miesel et al. 1998,0.001148,0.015198,0.0755,0.0006805567591429,0.0033549760894937,0.0744827586206896,-3.746949682738829,,,,False,,,,False,,,,,,,,,,,,,,,,Not conservation-tested (unresolved position)
rpoC,p.Val245Ile,rifampicin,,False,"Beta-prime subunit of RNA polymerase. Mutations here compensate for the conformational changes in the RNA polymerase complex caused by rpoB RRDR resistance mutations, restoring transcription efficiency.",Comas et al. 2012 Nat Genet; Muller et al. 2017,0.002296,0.018237,0.1259,0.0009806806293263,0.0048047309683217,0.1238971998465669,-3.0127845128416317,,,,False,,,,False,,,,,,,,,,,,,,,,Not conservation-tested (unresolved position)
rpoC,c.-201A>G,rifampicin,,False,"Beta-prime subunit of RNA polymerase. Mutations here compensate for the conformational changes in the RNA polymerase complex caused by rpoB RRDR resistance mutations, restoring transcription efficiency.",Comas et al. 2012 Nat Genet; Muller et al. 2017,0.002296,0.018237,0.1259,0.0009806806293263,0.0048047309683217,0.1238971998465669,-3.0127845128416317,,,,False,,,,False,,,,,,,,,,,,,,,,Not conservation-tested (unresolved position)
kasA,c.993T>C,isoniazid,,False,Beta-ketoacyl ACP synthase involved in mycolic acid synthesis. Mutations here can partially compensate for inhA-mediated INH resistance by altering the flux through the FAS-II fatty acid synthesis pathway.,Mdluli et al. 1998,0.002296,0.018237,0.1259,0.0009806806293263,0.0048047309683217,0.1238971998465669,-3.0127845128416317,,,,False,,,,False,,,,,,,,,,,,,,,,Not conservation-tested (unresolved position)
kasA,c.382C>T,isoniazid,,False,Beta-ketoacyl ACP synthase involved in mycolic acid synthesis. Mutations here can partially compensate for inhA-mediated INH resistance by altering the flux through the FAS-II fatty acid synthesis pathway.,Mdluli et al. 1998,0.010333,0.0,10332.9506,0.0010694753190629,0.0052290330149265,999.0,9.964340867792416,,,,False,,,,False,,,,,,,,,,,,,,,,Not conservation-tested (unresolved position)
mmpL5,c.1758C>T,bedaquiline/clofazimine,,False,MmpL5 efflux pump structural component. Gain-of-function mutations that increase pump activity may compensate for BDQ/CFZ fitness costs in highly resistant strains. Borderline primary/compensatory — flag for manual review.,Andries et al.; Hartkoorn et al. 2014,0.0,0.011145,0.0,0.0011582279791443,0.0054831983298381,0.0,-19.93156856932417,,,,False,,,,False,,,,,,,,,,,,,,,,Not conservation-tested (unresolved position)
kasA,p.Gly87Ala,isoniazid,,False,Beta-ketoacyl ACP synthase involved in mycolic acid synthesis. Mutations here can partially compensate for inhA-mediated INH resistance by altering the flux through the FAS-II fatty acid synthesis pathway.,Mdluli et al. 1998,0.0,0.011145,0.0,0.0011582279791443,0.0054831983298381,0.0,-19.93156856932417,,,,False,,,,False,,,,,,,,,,,,,,,,Not conservation-tested (unresolved position)
kasA,c.654C>G,isoniazid,,False,Beta-ketoacyl ACP synthase involved in mycolic acid synthesis. Mutations here can partially compensate for inhA-mediated INH resistance by altering the flux through the FAS-II fatty acid synthesis pathway.,Mdluli et al. 1998,0.0,0.011145,0.0,0.0011582279791443,0.0054831983298381,0.0,-19.93156856932417,,,,False,,,,False,,,,,,,,,,,,,,,,Not conservation-tested (unresolved position)
rpoC,c.-990T>C,rifampicin,,False,"Beta-prime subunit of RNA polymerase. Mutations here compensate for the conformational changes in the RNA polymerase complex caused by rpoB RRDR resistance mutations, restoring transcription efficiency.",Comas et al. 2012 Nat Genet; Muller et al. 2017,0.0,0.011145,0.0,0.0011582279791443,0.0054831983298381,0.0,-19.93156856932417,,,,False,,,,False,,,,,,,,,,,,,,,,Not conservation-tested (unresolved position)
ndh,c.573G>A,isoniazid,,False,"NADH dehydrogenase. Loss-of-function mutations raise the NADH/NAD+ ratio, which can compensate for INH-mediated inhibition of InhA (InhA requires NADH as cofactor). Not a direct resistance mutation but modulates the INH activation and target environment.",Miesel et al. 1998,0.0,0.011145,0.0,0.0011582279791443,0.0054831983298381,0.0,-19.93156856932417,,,,False,,,,False,,,,,,,,,,,,,,,,Not conservation-tested (unresolved position)
rpoC,c.2325G>C,rifampicin,,False,"Beta-prime subunit of RNA polymerase. Mutations here compensate for the conformational changes in the RNA polymerase complex caused by rpoB RRDR resistance mutations, restoring transcription efficiency.",Comas et al. 2012 Nat Genet; Muller et al. 2017,0.0,0.011145,0.0,0.0011582279791443,0.0054831983298381,0.0,-19.93156856932417,,,,False,,,,False,,,,,,,,,,,,,,,,Not conservation-tested (unresolved position)
rpoC,c.975C>T,rifampicin,,False,"Beta-prime subunit of RNA polymerase. Mutations here compensate for the conformational changes in the RNA polymerase complex caused by rpoB RRDR resistance mutations, restoring transcription efficiency.",Comas et al. 2012 Nat Genet; Muller et al. 2017,0.0,0.011145,0.0,0.0011582279791443,0.0054831983298381,0.0,-19.93156856932417,,,,False,,,,False,,,,,,,,,,,,,,,,Not conservation-tested (unresolved position)
rpoA,p.Asp179Glu,rifampicin,,False,Compensates transcriptional fitness cost of rpoB RRDR mutations. Mutations in the alpha subunit of RNA polymerase restore the binding geometry disrupted by rpoB resistance mutations.,Comas et al. 2012 Nat Genet; Gagneux et al.,0.0,0.011145,0.0,0.0011582279791443,0.0054831983298381,0.0,-19.93156856932417,,,,False,,,,False,,,,,,,,,,,,,,,,Not conservation-tested (unresolved position)
gyrB,c.1014G>C,fluoroquinolones,,False,"DNA gyrase B subunit. gyrB mutations can compensate for the supercoiling defects caused by gyrA QRDR (Quinolone Resistance-Determining Region) primary resistance mutations, restoring adequate DNA replication efficiency.",Avalos Vizcaino et al.; Mayer & Fierer 2014,0.0,0.011145,0.0,0.0011582279791443,0.0054831983298381,0.0,-19.93156856932417,,,,False,,,,False,,,,,,,,,,,,,,,,Not conservation-tested (unresolved position)
ndh,c.360T>C,isoniazid,,False,"NADH dehydrogenase. Loss-of-function mutations raise the NADH/NAD+ ratio, which can compensate for INH-mediated inhibition of InhA (InhA requires NADH as cofactor). Not a direct resistance mutation but modulates the INH activation and target environment.",Miesel et al. 1998,0.0,0.011145,0.0,0.0011582279791443,0.0054831983298381,0.0,-19.93156856932417,,,,False,,,,False,,,,,,,,,,,,,,,,Not conservation-tested (unresolved position)
whiB7,c.69T>C,multiple,,False,"WhiB7 is a transcriptional activator of multiple intrinsic resistance mechanisms including eis (aminoglycoside), tap (efflux), and others. Mutations affecting whiB7 activity can modulate broad fitness costs of MDR. Emerging evidence for compensatory role in MDR-TB fitness restoration.",Burian et al. 2012; Larsson et al.,0.0,0.011145,0.0,0.0011582279791443,0.0054831983298381,0.0,-19.93156856932417,,,,False,,,,False,,,,,,,,,,,,,,,,Not conservation-tested (unresolved position)
mmpL5,c.1491C>T,bedaquiline/clofazimine,,False,MmpL5 efflux pump structural component. Gain-of-function mutations that increase pump activity may compensate for BDQ/CFZ fitness costs in highly resistant strains. Borderline primary/compensatory — flag for manual review.,Andries et al.; Hartkoorn et al. 2014,0.0,0.011145,0.0,0.0011582279791443,0.0054831983298381,0.0,-19.93156856932417,,,,False,,,,False,,,,,,,,,,,,,,,,Not conservation-tested (unresolved position)
mmpL5,c.1494G>C,bedaquiline/clofazimine,,False,MmpL5 efflux pump structural component. Gain-of-function mutations that increase pump activity may compensate for BDQ/CFZ fitness costs in highly resistant strains. Borderline primary/compensatory — flag for manual review.,Andries et al.; Hartkoorn et al. 2014,0.0,0.011145,0.0,0.0011582279791443,0.0054831983298381,0.0,-19.93156856932417,,,,False,,,,False,,,,,,,,,,,,,,,,Not conservation-tested (unresolved position)
rpoC,c.591T>G,rifampicin,,False,"Beta-prime subunit of RNA polymerase. Mutations here compensate for the conformational changes in the RNA polymerase complex caused by rpoB RRDR resistance mutations, restoring transcription efficiency.",Comas et al. 2012 Nat Genet; Muller et al. 2017,0.0,0.011145,0.0,0.0011582279791443,0.0054831983298381,0.0,-19.93156856932417,,,,False,,,,False,,,,,,,,,,,,,,,,Not conservation-tested (unresolved position)
rpoA,c.633T>C,rifampicin,,False,Compensates transcriptional fitness cost of rpoB RRDR mutations. Mutations in the alpha subunit of RNA polymerase restore the binding geometry disrupted by rpoB resistance mutations.,Comas et al. 2012 Nat Genet; Gagneux et al.,0.0,0.011145,0.0,0.0011582279791443,0.0054831983298381,0.0,-19.93156856932417,,,,False,,,,False,,,,,,,,,,,,,,,,Not conservation-tested (unresolved position)
mmpL5,c.2085T>G,bedaquiline/clofazimine,,False,MmpL5 efflux pump structural component. Gain-of-function mutations that increase pump activity may compensate for BDQ/CFZ fitness costs in highly resistant strains. Borderline primary/compensatory — flag for manual review.,Andries et al.; Hartkoorn et al. 2014,0.0,0.011145,0.0,0.0011582279791443,0.0054831983298381,0.0,-19.93156856932417,,,,False,,,,False,,,,,,,,,,,,,,,,Not conservation-tested (unresolved position)
rpoC,p.Tyr587Phe,rifampicin,,False,"Beta-prime subunit of RNA polymerase. Mutations here compensate for the conformational changes in the RNA polymerase complex caused by rpoB RRDR resistance mutations, restoring transcription efficiency.",Comas et al. 2012 Nat Genet; Muller et al. 2017,0.0,0.011145,0.0,0.0011582279791443,0.0054831983298381,0.0,-19.93156856932417,,,,False,,,,False,,,,,,,,,,,,,,,,Not conservation-tested (unresolved position)
ndh,c.574C>T,isoniazid,,False,"NADH dehydrogenase. Loss-of-function mutations raise the NADH/NAD+ ratio, which can compensate for INH-mediated inhibition of InhA (InhA requires NADH as cofactor). Not a direct resistance mutation but modulates the INH activation and target environment.",Miesel et al. 1998,0.0,0.011145,0.0,0.0011582279791443,0.0054831983298381,0.0,-19.93156856932417,,,,False,,,,False,,,,,,,,,,,,,,,,Not conservation-tested (unresolved position)
ndh,c.903C>G,isoniazid,,False,"NADH dehydrogenase. Loss-of-function mutations raise the NADH/NAD+ ratio, which can compensate for INH-mediated inhibition of InhA (InhA requires NADH as cofactor). Not a direct resistance mutation but modulates the INH activation and target environment.",Miesel et al. 1998,0.0,0.011145,0.0,0.0011582279791443,0.0054831983298381,0.0,-19.93156856932417,,,,False,,,,False,,,,,,,,,,,,,,,,Not conservation-tested (unresolved position)
mmpL5,c.2491C>T,bedaquiline/clofazimine,,False,MmpL5 efflux pump structural component. Gain-of-function mutations that increase pump activity may compensate for BDQ/CFZ fitness costs in highly resistant strains. Borderline primary/compensatory — flag for manual review.,Andries et al.; Hartkoorn et al. 2014,0.0,0.011145,0.0,0.0011582279791443,0.0054831983298381,0.0,-19.93156856932417,,,,False,,,,False,,,,,,,,,,,,,,,,Not conservation-tested (unresolved position)
ndh,c.1260T>A,isoniazid,,False,"NADH dehydrogenase. Loss-of-function mutations raise the NADH/NAD+ ratio, which can compensate for INH-mediated inhibition of InhA (InhA requires NADH as cofactor). Not a direct resistance mutation but modulates the INH activation and target environment.",Miesel et al. 1998,0.0,0.011145,0.0,0.0011582279791443,0.0054831983298381,0.0,-19.93156856932417,,,,False,,,,False,,,,,,,,,,,,,,,,Not conservation-tested (unresolved position)
rpoC,c.2640G>C,rifampicin,,False,"Beta-prime subunit of RNA polymerase. Mutations here compensate for the conformational changes in the RNA polymerase complex caused by rpoB RRDR resistance mutations, restoring transcription efficiency.",Comas et al. 2012 Nat Genet; Muller et al. 2017,0.0,0.011145,0.0,0.0011582279791443,0.0054831983298381,0.0,-19.93156856932417,,,,False,,,,False,,,,,,,,,,,,,,,,Not conservation-tested (unresolved position)
rpoC,c.2559C>G,rifampicin,,False,"Beta-prime subunit of RNA polymerase. Mutations here compensate for the conformational changes in the RNA polymerase complex caused by rpoB RRDR resistance mutations, restoring transcription efficiency.",Comas et al. 2012 Nat Genet; Muller et al. 2017,0.0,0.011145,0.0,0.0011582279791443,0.0054831983298381,0.0,-19.93156856932417,,,,False,,,,False,,,,,,,,,,,,,,,,Not conservation-tested (unresolved position)
rpoC,c.2577C>T,rifampicin,,False,"Beta-prime subunit of RNA polymerase. Mutations here compensate for the conformational changes in the RNA polymerase complex caused by rpoB RRDR resistance mutations, restoring transcription efficiency.",Comas et al. 2012 Nat Genet; Muller et al. 2017,0.0,0.011145,0.0,0.0011582279791443,0.0054831983298381,0.0,-19.93156856932417,,,,False,,,,False,,,,,,,,,,,,,,,,Not conservation-tested (unresolved position)
gyrB,p.Asp657Glu,fluoroquinolones,,False,"DNA gyrase B subunit. gyrB mutations can compensate for the supercoiling defects caused by gyrA QRDR (Quinolone Resistance-Determining Region) primary resistance mutations, restoring adequate DNA replication efficiency.",Avalos Vizcaino et al.; Mayer & Fierer 2014,0.0,0.011145,0.0,0.0011582279791443,0.0054831983298381,0.0,-19.93156856932417,,,,False,,,,False,,,,,,,,,,,,,,,,Not conservation-tested (unresolved position)
mmpL5,c.2527C>T,bedaquiline/clofazimine,,False,MmpL5 efflux pump structural component. Gain-of-function mutations that increase pump activity may compensate for BDQ/CFZ fitness costs in highly resistant strains. Borderline primary/compensatory — flag for manual review.,Andries et al.; Hartkoorn et al. 2014,0.0,0.011145,0.0,0.0011582279791443,0.0054831983298381,0.0,-19.93156856932417,,,,False,,,,False,,,,,,,,,,,,,,,,Not conservation-tested (unresolved position)
mmpL5,c.2530C>T,bedaquiline/clofazimine,,False,MmpL5 efflux pump structural component. Gain-of-function mutations that increase pump activity may compensate for BDQ/CFZ fitness costs in highly resistant strains. Borderline primary/compensatory — flag for manual review.,Andries et al.; Hartkoorn et al. 2014,0.0,0.011145,0.0,0.0011582279791443,0.0054831983298381,0.0,-19.93156856932417,,,,False,,,,False,,,,,,,,,,,,,,,,Not conservation-tested (unresolved position)
rpoC,c.1299C>T,rifampicin,,False,"Beta-prime subunit of RNA polymerase. Mutations here compensate for the conformational changes in the RNA polymerase complex caused by rpoB RRDR resistance mutations, restoring transcription efficiency.",Comas et al. 2012 Nat Genet; Muller et al. 2017,0.001148,0.014184,0.0809,0.0012373823918785,0.005817525885758,0.0798850574712643,-3.645930518012584,,,,False,,,,False,,,,,,,,,,,,,,,,Not conservation-tested (unresolved position)
rpoA,c.-515G>C,rifampicin,,False,Compensates transcriptional fitness cost of rpoB RRDR mutations. Mutations in the alpha subunit of RNA polymerase restore the binding geometry disrupted by rpoB resistance mutations.,Comas et al. 2012 Nat Genet; Gagneux et al.,0.001148,0.014184,0.0809,0.0012373823918785,0.005817525885758,0.0798850574712643,-3.645930518012584,,,,False,,,,False,,,,,,,,,,,,,,,,Not conservation-tested (unresolved position)
mmpL5,c.2616T>G,bedaquiline/clofazimine,,False,MmpL5 efflux pump structural component. Gain-of-function mutations that increase pump activity may compensate for BDQ/CFZ fitness costs in highly resistant strains. Borderline primary/compensatory — flag for manual review.,Andries et al.; Hartkoorn et al. 2014,0.001148,0.014184,0.0809,0.0012373823918785,0.005817525885758,0.0798850574712643,-3.645930518012584,,,,False,,,,False,,,,,,,,,,,,,,,,Not conservation-tested (unresolved position)
kasA,c.420G>C,isoniazid,,False,Beta-ketoacyl ACP synthase involved in mycolic acid synthesis. Mutations here can partially compensate for inhA-mediated INH resistance by altering the flux through the FAS-II fatty acid synthesis pathway.,Mdluli et al. 1998,0.001148,0.014184,0.0809,0.0012373823918785,0.005817525885758,0.0798850574712643,-3.645930518012584,,,,False,,,,False,,,,,,,,,,,,,,,,Not conservation-tested (unresolved position)
mmpL5,c.2595A>C,bedaquiline/clofazimine,,False,MmpL5 efflux pump structural component. Gain-of-function mutations that increase pump activity may compensate for BDQ/CFZ fitness costs in highly resistant strains. Borderline primary/compensatory — flag for manual review.,Andries et al.; Hartkoorn et al. 2014,0.001148,0.014184,0.0809,0.0012373823918785,0.005817525885758,0.0798850574712643,-3.645930518012584,,,,False,,,,False,,,,,,,,,,,,,,,,Not conservation-tested (unresolved position)
kasA,c.-141T>C,isoniazid,,False,Beta-ketoacyl ACP synthase involved in mycolic acid synthesis. Mutations here can partially compensate for inhA-mediated INH resistance by altering the flux through the FAS-II fatty acid synthesis pathway.,Mdluli et al. 1998,0.001148,0.014184,0.0809,0.0012373823918785,0.005817525885758,0.0798850574712643,-3.645930518012584,,,,False,,,,False,,,,,,,,,,,,,,,,Not conservation-tested (unresolved position)
rpoA,c.426T>C,rifampicin,,False,Compensates transcriptional fitness cost of rpoB RRDR mutations. Mutations in the alpha subunit of RNA polymerase restore the binding geometry disrupted by rpoB resistance mutations.,Comas et al. 2012 Nat Genet; Gagneux et al.,0.002296,0.016211,0.1416,0.0017245392134137,0.008068138359226,0.1396720368239355,-2.839884881395208,,,,False,,,,False,,,,,,,,,,,,,,,,Not conservation-tested (unresolved position)
rpoC,c.2613C>G,rifampicin,,False,"Beta-prime subunit of RNA polymerase. Mutations here compensate for the conformational changes in the RNA polymerase complex caused by rpoB RRDR resistance mutations, restoring transcription efficiency.",Comas et al. 2012 Nat Genet; Muller et al. 2017,0.002296,0.016211,0.1416,0.0017245392134137,0.008068138359226,0.1396720368239355,-2.839884881395208,,,,False,,,,False,,,,,,,,,,,,,,,,Not conservation-tested (unresolved position)
rpoC,c.2193G>C,rifampicin,,False,"Beta-prime subunit of RNA polymerase. Mutations here compensate for the conformational changes in the RNA polymerase complex caused by rpoB RRDR resistance mutations, restoring transcription efficiency.",Comas et al. 2012 Nat Genet; Muller et al. 2017,0.002296,0.016211,0.1416,0.0017245392134137,0.008068138359226,0.1396720368239355,-2.839884881395208,,,,False,,,,False,,,,,,,,,,,,,,,,Not conservation-tested (unresolved position)
kasA,p.Val51Ile,isoniazid,,False,Beta-ketoacyl ACP synthase involved in mycolic acid synthesis. Mutations here can partially compensate for inhA-mediated INH resistance by altering the flux through the FAS-II fatty acid synthesis pathway.,Mdluli et al. 1998,0.002296,0.016211,0.1416,0.0017245392134137,0.008068138359226,0.1396720368239355,-2.839884881395208,,,,False,,,,False,,,,,,,,,,,,,,,,Not conservation-tested (unresolved position)
rpoA,c.144A>C,rifampicin,,False,Compensates transcriptional fitness cost of rpoB RRDR mutations. Mutations in the alpha subunit of RNA polymerase restore the binding geometry disrupted by rpoB resistance mutations.,Comas et al. 2012 Nat Genet; Gagneux et al.,0.002296,0.017224,0.1333,0.0017448796639116,0.0081314118712759,0.1313206525417992,-2.928834270990249,,,,False,,,,False,,,,,,,,,,,,,,,,Not conservation-tested (unresolved position)
ndh,c.343C>T,isoniazid,,False,"NADH dehydrogenase. Loss-of-function mutations raise the NADH/NAD+ ratio, which can compensate for INH-mediated inhibition of InhA (InhA requires NADH as cofactor). Not a direct resistance mutation but modulates the INH activation and target environment.",Miesel et al. 1998,0.002296,0.017224,0.1333,0.0017448796639116,0.0081314118712759,0.1313206525417992,-2.928834270990249,,,,False,,,,False,,,,,,,,,,,,,,,,Not conservation-tested (unresolved position)
kasA,c.654C>T,isoniazid,,False,Beta-ketoacyl ACP synthase involved in mycolic acid synthesis. Mutations here can partially compensate for inhA-mediated INH resistance by altering the flux through the FAS-II fatty acid synthesis pathway.,Mdluli et al. 1998,0.002296,0.017224,0.1333,0.0017448796639116,0.0081314118712759,0.1313206525417992,-2.928834270990249,,,,False,,,,False,,,,,,,,,,,,,,,,Not conservation-tested (unresolved position)
rpoC,c.3432C>G,rifampicin,,False,"Beta-prime subunit of RNA polymerase. Mutations here compensate for the conformational changes in the RNA polymerase complex caused by rpoB RRDR resistance mutations, restoring transcription efficiency.",Comas et al. 2012 Nat Genet; Muller et al. 2017,0.002296,0.017224,0.1333,0.0017448796639116,0.0081314118712759,0.1313206525417992,-2.928834270990249,,,,False,,,,False,,,,,,,,,,,,,,,,Not conservation-tested (unresolved position)
rpoC,c.1141C>T,rifampicin,,False,"Beta-prime subunit of RNA polymerase. Mutations here compensate for the conformational changes in the RNA polymerase complex caused by rpoB RRDR resistance mutations, restoring transcription efficiency.",Comas et al. 2012 Nat Genet; Muller et al. 2017,0.003444,0.01925,0.1789,0.0018691248039793,0.0087019156727701,0.1760853747271404,-2.505653007892314,,,,False,,,,False,,,,,,,,,,,,,,,,Not conservation-tested (unresolved position)
gyrB,c.1861T>C,fluoroquinolones,,False,"DNA gyrase B subunit. gyrB mutations can compensate for the supercoiling defects caused by gyrA QRDR (Quinolone Resistance-Determining Region) primary resistance mutations, restoring adequate DNA replication efficiency.",Avalos Vizcaino et al.; Mayer & Fierer 2014,0.0,0.010132,0.0,0.0022499912181898,0.0100251709553705,0.0,-19.93156856932417,,,,False,,,,False,,,,,,,,,,,,,,,,Not conservation-tested (unresolved position)
rpoA,c.-488A>G,rifampicin,,False,Compensates transcriptional fitness cost of rpoB RRDR mutations. Mutations in the alpha subunit of RNA polymerase restore the binding geometry disrupted by rpoB resistance mutations.,Comas et al. 2012 Nat Genet; Gagneux et al.,0.0,0.010132,0.0,0.0022499912181898,0.0100251709553705,0.0,-19.93156856932417,,,,False,,,,False,,,,,,,,,,,,,,,,Not conservation-tested (unresolved position)
mmpL5,c.2541C>G,bedaquiline/clofazimine,,False,MmpL5 efflux pump structural component. Gain-of-function mutations that increase pump activity may compensate for BDQ/CFZ fitness costs in highly resistant strains. Borderline primary/compensatory — flag for manual review.,Andries et al.; Hartkoorn et al. 2014,0.0,0.010132,0.0,0.0022499912181898,0.0100251709553705,0.0,-19.93156856932417,,,,False,,,,False,,,,,,,,,,,,,,,,Not conservation-tested (unresolved position)
gid,c.-228G>C,streptomycin,,False,"Glucose-inhibited division protein A. Mutations in gid reduce streptomycin binding through 16S rRNA methylation changes, compensating for the ribosomal fitness defects caused by primary rpsL and rrs resistance mutations.",Nair et al. 1993; Spies et al.,0.0,0.010132,0.0,0.0022499912181898,0.0100251709553705,0.0,-19.93156856932417,,,,False,,,,False,,,,,,,,,,,,,,,,Not conservation-tested (unresolved position)
whiB7,c.60C>T,multiple,,False,"WhiB7 is a transcriptional activator of multiple intrinsic resistance mechanisms including eis (aminoglycoside), tap (efflux), and others. Mutations affecting whiB7 activity can modulate broad fitness costs of MDR. Emerging evidence for compensatory role in MDR-TB fitness restoration.",Burian et al. 2012; Larsson et al.,0.001148,0.013171,0.0872,0.0022447695226251,0.0100251709553705,0.0861184792219275,-3.5375333467948407,,,,False,,,,False,,,,,,,,,,,,,,,,Not conservation-tested (unresolved position)
rpoA,c.780C>G,rifampicin,,False,Compensates transcriptional fitness cost of rpoB RRDR mutations. Mutations in the alpha subunit of RNA polymerase restore the binding geometry disrupted by rpoB resistance mutations.,Comas et al. 2012 Nat Genet; Gagneux et al.,0.0,0.010132,0.0,0.0022499912181898,0.0100251709553705,0.0,-19.93156856932417,,,,False,,,,False,,,,,,,,,,,,,,,,Not conservation-tested (unresolved position)
rpoA,c.-470C>G,rifampicin,,False,Compensates transcriptional fitness cost of rpoB RRDR mutations. Mutations in the alpha subunit of RNA polymerase restore the binding geometry disrupted by rpoB resistance mutations.,Comas et al. 2012 Nat Genet; Gagneux et al.,0.0,0.010132,0.0,0.0022499912181898,0.0100251709553705,0.0,-19.93156856932417,,,,False,,,,False,,,,,,,,,,,,,,,,Not conservation-tested (unresolved position)
ndh,c.501G>C,isoniazid,,False,"NADH dehydrogenase. Loss-of-function mutations raise the NADH/NAD+ ratio, which can compensate for INH-mediated inhibition of InhA (InhA requires NADH as cofactor). Not a direct resistance mutation but modulates the INH activation and target environment.",Miesel et al. 1998,0.0,0.010132,0.0,0.0022499912181898,0.0100251709553705,0.0,-19.93156856932417,,,,False,,,,False,,,,,,,,,,,,,,,,Not conservation-tested (unresolved position)
rpoA,c.-455G>A,rifampicin,,False,Compensates transcriptional fitness cost of rpoB RRDR mutations. Mutations in the alpha subunit of RNA polymerase restore the binding geometry disrupted by rpoB resistance mutations.,Comas et al. 2012 Nat Genet; Gagneux et al.,0.0,0.010132,0.0,0.0022499912181898,0.0100251709553705,0.0,-19.93156856932417,,,,False,,,,False,,,,,,,,,,,,,,,,Not conservation-tested (unresolved position)
whiB7,c.81G>C,multiple,,False,"WhiB7 is a transcriptional activator of multiple intrinsic resistance mechanisms including eis (aminoglycoside), tap (efflux), and others. Mutations affecting whiB7 activity can modulate broad fitness costs of MDR. Emerging evidence for compensatory role in MDR-TB fitness restoration.",Burian et al. 2012; Larsson et al.,0.0,0.010132,0.0,0.0022499912181898,0.0100251709553705,0.0,-19.93156856932417,,,,False,,,,False,,,,,,,,,,,,,,,,Not conservation-tested (unresolved position)
kasA,c.361A>C,isoniazid,,False,Beta-ketoacyl ACP synthase involved in mycolic acid synthesis. Mutations here can partially compensate for inhA-mediated INH resistance by altering the flux through the FAS-II fatty acid synthesis pathway.,Mdluli et al. 1998,0.0,0.010132,0.0,0.0022499912181898,0.0100251709553705,0.0,-19.93156856932417,,,,False,,,,False,,,,,,,,,,,,,,,,Not conservation-tested (unresolved position)
mmpL5,p.Gln702Lys,bedaquiline/clofazimine,,False,MmpL5 efflux pump structural component. Gain-of-function mutations that increase pump activity may compensate for BDQ/CFZ fitness costs in highly resistant strains. Borderline primary/compensatory — flag for manual review.,Andries et al.; Hartkoorn et al. 2014,0.0,0.010132,0.0,0.0022499912181898,0.0100251709553705,0.0,-19.93156856932417,,,,False,,,,False,,,,,,,,,,,,,,,,Not conservation-tested (unresolved position)
rpoC,c.984G>T,rifampicin,,False,"Beta-prime subunit of RNA polymerase. Mutations here compensate for the conformational changes in the RNA polymerase complex caused by rpoB RRDR resistance mutations, restoring transcription efficiency.",Comas et al. 2012 Nat Genet; Muller et al. 2017,0.0,0.010132,0.0,0.0022499912181898,0.0100251709553705,0.0,-19.93156856932417,,,,False,,,,False,,,,,,,,,,,,,,,,Not conservation-tested (unresolved position)
rpoC,c.2901G>C,rifampicin,,False,"Beta-prime subunit of RNA polymerase. Mutations here compensate for the conformational changes in the RNA polymerase complex caused by rpoB RRDR resistance mutations, restoring transcription efficiency.",Comas et al. 2012 Nat Genet; Muller et al. 2017,0.001148,0.013171,0.0872,0.0022447695226251,0.0100251709553705,0.0861184792219275,-3.5375333467948407,,,,False,,,,False,,,,,,,,,,,,,,,,Not conservation-tested (unresolved position)
rpoA,c.465G>A,rifampicin,,False,Compensates transcriptional fitness cost of rpoB RRDR mutations. Mutations in the alpha subunit of RNA polymerase restore the binding geometry disrupted by rpoB resistance mutations.,Comas et al. 2012 Nat Genet; Gagneux et al.,0.0,0.010132,0.0,0.0022499912181898,0.0100251709553705,0.0,-19.93156856932417,,,,False,,,,False,,,,,,,,,,,,,,,,Not conservation-tested (unresolved position)
rpoA,c.327C>T,rifampicin,,False,Compensates transcriptional fitness cost of rpoB RRDR mutations. Mutations in the alpha subunit of RNA polymerase restore the binding geometry disrupted by rpoB resistance mutations.,Comas et al. 2012 Nat Genet; Gagneux et al.,0.0,0.010132,0.0,0.0022499912181898,0.0100251709553705,0.0,-19.93156856932417,,,,False,,,,False,,,,,,,,,,,,,,,,Not conservation-tested (unresolved position)
kasA,c.492G>C,isoniazid,,False,Beta-ketoacyl ACP synthase involved in mycolic acid synthesis. Mutations here can partially compensate for inhA-mediated INH resistance by altering the flux through the FAS-II fatty acid synthesis pathway.,Mdluli et al. 1998,0.001148,0.013171,0.0872,0.0022447695226251,0.0100251709553705,0.0861184792219275,-3.5375333467948407,,,,False,,,,False,,,,,,,,,,,,,,,,Not conservation-tested (unresolved position)
mmpL5,c.2506T>C,bedaquiline/clofazimine,,False,MmpL5 efflux pump structural component. Gain-of-function mutations that increase pump activity may compensate for BDQ/CFZ fitness costs in highly resistant strains. Borderline primary/compensatory — flag for manual review.,Andries et al.; Hartkoorn et al. 2014,0.001148,0.013171,0.0872,0.0022447695226251,0.0100251709553705,0.0861184792219275,-3.5375333467948407,,,,False,,,,False,,,,,,,,,,,,,,,,Not conservation-tested (unresolved position)
rpoC,c.-303C>G,rifampicin,,False,"Beta-prime subunit of RNA polymerase. Mutations here compensate for the conformational changes in the RNA polymerase complex caused by rpoB RRDR resistance mutations, restoring transcription efficiency.",Comas et al. 2012 Nat Genet; Muller et al. 2017,0.0,0.010132,0.0,0.0022499912181898,0.0100251709553705,0.0,-19.93156856932417,,,,False,,,,False,,,,,,,,,,,,,,,,Not conservation-tested (unresolved position)
kasA,c.885G>C,isoniazid,,False,Beta-ketoacyl ACP synthase involved in mycolic acid synthesis. Mutations here can partially compensate for inhA-mediated INH resistance by altering the flux through the FAS-II fatty acid synthesis pathway.,Mdluli et al. 1998,0.0,0.010132,0.0,0.0022499912181898,0.0100251709553705,0.0,-19.93156856932417,,,,False,,,,False,,,,,,,,,,,,,,,,Not conservation-tested (unresolved position)
mmpL5,p.Ala837Pro,bedaquiline/clofazimine,,False,MmpL5 efflux pump structural component. Gain-of-function mutations that increase pump activity may compensate for BDQ/CFZ fitness costs in highly resistant strains. Borderline primary/compensatory — flag for manual review.,Andries et al.; Hartkoorn et al. 2014,0.0,0.010132,0.0,0.0022499912181898,0.0100251709553705,0.0,-19.93156856932417,,,,False,,,,False,,,,,,,,,,,,,,,,Not conservation-tested (unresolved position)
mmpL5,p.Ala802Val,bedaquiline/clofazimine,,False,MmpL5 efflux pump structural component. Gain-of-function mutations that increase pump activity may compensate for BDQ/CFZ fitness costs in highly resistant strains. Borderline primary/compensatory — flag for manual review.,Andries et al.; Hartkoorn et al. 2014,0.0,0.010132,0.0,0.0022499912181898,0.0100251709553705,0.0,-19.93156856932417,,,,False,,,,False,,,,,,,,,,,,,,,,Not conservation-tested (unresolved position)
gyrB,c.1431G>A,fluoroquinolones,,False,"DNA gyrase B subunit. gyrB mutations can compensate for the supercoiling defects caused by gyrA QRDR (Quinolone Resistance-Determining Region) primary resistance mutations, restoring adequate DNA replication efficiency.",Avalos Vizcaino et al.; Mayer & Fierer 2014,0.0,0.010132,0.0,0.0022499912181898,0.0100251709553705,0.0,-19.93156856932417,,,,False,,,,False,,,,,,,,,,,,,,,,Not conservation-tested (unresolved position)
gyrB,p.Asp577Glu,fluoroquinolones,,False,"DNA gyrase B subunit. gyrB mutations can compensate for the supercoiling defects caused by gyrA QRDR (Quinolone Resistance-Determining Region) primary resistance mutations, restoring adequate DNA replication efficiency.",Avalos Vizcaino et al.; Mayer & Fierer 2014,0.0,0.010132,0.0,0.0022499912181898,0.0100251709553705,0.0,-19.93156856932417,,,,False,,,,False,,,,,,,,,,,,,,,,Not conservation-tested (unresolved position)
ahpC,c.6A>T,isoniazid,,False,Alkyl hydroperoxide reductase. Upregulation compensates for the loss of KatG-mediated oxidative defence when katG is inactivated by INH-resistance mutations. Promoter mutations causing ahpC upregulation are the canonical compensatory mechanism for katG LoF.,Sherman et al. 1996; Heym et al. 1997,0.0,0.010132,0.0,0.0022499912181898,0.0100251709553705,0.0,-19.93156856932417,,,,False,,,,False,,,,,,,,,,,,,,,,Not conservation-tested (unresolved position)
ndh,c.168C>T,isoniazid,,False,"NADH dehydrogenase. Loss-of-function mutations raise the NADH/NAD+ ratio, which can compensate for INH-mediated inhibition of InhA (InhA requires NADH as cofactor). Not a direct resistance mutation but modulates the INH activation and target environment.",Miesel et al. 1998,0.0,0.010132,0.0,0.0022499912181898,0.0100251709553705,0.0,-19.93156856932417,,,,False,,,,False,,,,,,,,,,,,,,,,Not conservation-tested (unresolved position)
ahpC,p.Gly20Ala,isoniazid,,False,Alkyl hydroperoxide reductase. Upregulation compensates for the loss of KatG-mediated oxidative defence when katG is inactivated by INH-resistance mutations. Promoter mutations causing ahpC upregulation are the canonical compensatory mechanism for katG LoF.,Sherman et al. 1996; Heym et al. 1997,0.0,0.010132,0.0,0.0022499912181898,0.0100251709553705,0.0,-19.93156856932417,,,,False,,,,False,,,,,,,,,,,,,,,,Not conservation-tested (unresolved position)
rpoC,c.1716T>C,rifampicin,,False,"Beta-prime subunit of RNA polymerase. Mutations here compensate for the conformational changes in the RNA polymerase complex caused by rpoB RRDR resistance mutations, restoring transcription efficiency.",Comas et al. 2012 Nat Genet; Muller et al. 2017,0.0,0.010132,0.0,0.0022499912181898,0.0100251709553705,0.0,-19.93156856932417,,,,False,,,,False,,,,,,,,,,,,,,,,Not conservation-tested (unresolved position)
rpoC,c.2289C>T,rifampicin,,False,"Beta-prime subunit of RNA polymerase. Mutations here compensate for the conformational changes in the RNA polymerase complex caused by rpoB RRDR resistance mutations, restoring transcription efficiency.",Comas et al. 2012 Nat Genet; Muller et al. 2017,0.001148,0.013171,0.0872,0.0022447695226251,0.0100251709553705,0.0861184792219275,-3.5375333467948407,,,,False,,,,False,,,,,,,,,,,,,,,,Not conservation-tested (unresolved position)
rpoC,c.2997C>G,rifampicin,,False,"Beta-prime subunit of RNA polymerase. Mutations here compensate for the conformational changes in the RNA polymerase complex caused by rpoB RRDR resistance mutations, restoring transcription efficiency.",Comas et al. 2012 Nat Genet; Muller et al. 2017,0.001148,0.013171,0.0872,0.0022447695226251,0.0100251709553705,0.0861184792219275,-3.5375333467948407,,,,False,,,,False,,,,,,,,,,,,,,,,Not conservation-tested (unresolved position)
rpoC,c.1377G>T,rifampicin,,False,"Beta-prime subunit of RNA polymerase. Mutations here compensate for the conformational changes in the RNA polymerase complex caused by rpoB RRDR resistance mutations, restoring transcription efficiency.",Comas et al. 2012 Nat Genet; Muller et al. 2017,0.0,0.010132,0.0,0.0022499912181898,0.0100251709553705,0.0,-19.93156856932417,,,,False,,,,False,,,,,,,,,,,,,,,,Not conservation-tested (unresolved position)
kasA,p.Val192Phe,isoniazid,,False,Beta-ketoacyl ACP synthase involved in mycolic acid synthesis. Mutations here can partially compensate for inhA-mediated INH resistance by altering the flux through the FAS-II fatty acid synthesis pathway.,Mdluli et al. 1998,0.001148,0.013171,0.0872,0.0022447695226251,0.0100251709553705,0.0861184792219275,-3.5375333467948407,,,,False,,,,False,,,,,,,,,,,,,,,,Not conservation-tested (unresolved position)
rpoA,c.426T>G,rifampicin,,False,Compensates transcriptional fitness cost of rpoB RRDR mutations. Mutations in the alpha subunit of RNA polymerase restore the binding geometry disrupted by rpoB resistance mutations.,Comas et al. 2012 Nat Genet; Gagneux et al.,0.0,0.010132,0.0,0.0022499912181898,0.0100251709553705,0.0,-19.93156856932417,,,,False,,,,False,,,,,,,,,,,,,,,,Not conservation-tested (unresolved position)
rpoC,c.1647C>G,rifampicin,,False,"Beta-prime subunit of RNA polymerase. Mutations here compensate for the conformational changes in the RNA polymerase complex caused by rpoB RRDR resistance mutations, restoring transcription efficiency.",Comas et al. 2012 Nat Genet; Muller et al. 2017,0.0,0.010132,0.0,0.0022499912181898,0.0100251709553705,0.0,-19.93156856932417,,,,False,,,,False,,,,,,,,,,,,,,,,Not conservation-tested (unresolved position)
rpoA,c.-431T>A,rifampicin,,False,Compensates transcriptional fitness cost of rpoB RRDR mutations. Mutations in the alpha subunit of RNA polymerase restore the binding geometry disrupted by rpoB resistance mutations.,Comas et al. 2012 Nat Genet; Gagneux et al.,0.0,0.010132,0.0,0.0022499912181898,0.0100251709553705,0.0,-19.93156856932417,,,,False,,,,False,,,,,,,,,,,,,,,,Not conservation-tested (unresolved position)
rpoA,c.-731C>T,rifampicin,,False,Compensates transcriptional fitness cost of rpoB RRDR mutations. Mutations in the alpha subunit of RNA polymerase restore the binding geometry disrupted by rpoB resistance mutations.,Comas et al. 2012 Nat Genet; Gagneux et al.,0.0,0.010132,0.0,0.0022499912181898,0.0100251709553705,0.0,-19.93156856932417,,,,False,,,,False,,,,,,,,,,,,,,,,Not conservation-tested (unresolved position)
rpoC,c.3213C>T,rifampicin,,False,"Beta-prime subunit of RNA polymerase. Mutations here compensate for the conformational changes in the RNA polymerase complex caused by rpoB RRDR resistance mutations, restoring transcription efficiency.",Comas et al. 2012 Nat Genet; Muller et al. 2017,0.0,0.010132,0.0,0.0022499912181898,0.0100251709553705,0.0,-19.93156856932417,,,,False,,,,False,,,,,,,,,,,,,,,,Not conservation-tested (unresolved position)
rpoA,c.168C>T,rifampicin,,False,Compensates transcriptional fitness cost of rpoB RRDR mutations. Mutations in the alpha subunit of RNA polymerase restore the binding geometry disrupted by rpoB resistance mutations.,Comas et al. 2012 Nat Genet; Gagneux et al.,0.0,0.010132,0.0,0.0022499912181898,0.0100251709553705,0.0,-19.93156856932417,,,,False,,,,False,,,,,,,,,,,,,,,,Not conservation-tested (unresolved position)
rpoA,c.615C>T,rifampicin,,False,Compensates transcriptional fitness cost of rpoB RRDR mutations. Mutations in the alpha subunit of RNA polymerase restore the binding geometry disrupted by rpoB resistance mutations.,Comas et al. 2012 Nat Genet; Gagneux et al.,0.0,0.010132,0.0,0.0022499912181898,0.0100251709553705,0.0,-19.93156856932417,,,,False,,,,False,,,,,,,,,,,,,,,,Not conservation-tested (unresolved position)
rpoC,c.-627G>T,rifampicin,,False,"Beta-prime subunit of RNA polymerase. Mutations here compensate for the conformational changes in the RNA polymerase complex caused by rpoB RRDR resistance mutations, restoring transcription efficiency.",Comas et al. 2012 Nat Genet; Muller et al. 2017,0.0,0.010132,0.0,0.0022499912181898,0.0100251709553705,0.0,-19.93156856932417,,,,False,,,,False,,,,,,,,,,,,,,,,Not conservation-tested (unresolved position)
ndh,c.537C>A,isoniazid,,False,"NADH dehydrogenase. Loss-of-function mutations raise the NADH/NAD+ ratio, which can compensate for INH-mediated inhibition of InhA (InhA requires NADH as cofactor). Not a direct resistance mutation but modulates the INH activation and target environment.",Miesel et al. 1998,0.0,0.010132,0.0,0.0022499912181898,0.0100251709553705,0.0,-19.93156856932417,,,,False,,,,False,,,,,,,,,,,,,,,,Not conservation-tested (unresolved position)
whiB7,p.Val22Ala,multiple,,False,"WhiB7 is a transcriptional activator of multiple intrinsic resistance mechanisms including eis (aminoglycoside), tap (efflux), and others. Mutations affecting whiB7 activity can modulate broad fitness costs of MDR. Emerging evidence for compensatory role in MDR-TB fitness restoration.",Burian et al. 2012; Larsson et al.,0.0,0.010132,0.0,0.0022499912181898,0.0100251709553705,0.0,-19.93156856932417,,,,False,,,,False,,,,,,,,,,,,,,,,Not conservation-tested (unresolved position)
rpoC,p.Asn826Lys,rifampicin,,False,"Beta-prime subunit of RNA polymerase. Mutations here compensate for the conformational changes in the RNA polymerase complex caused by rpoB RRDR resistance mutations, restoring transcription efficiency.",Comas et al. 2012 Nat Genet; Muller et al. 2017,0.009185,0.0,9184.845,0.0022926180072611,0.0102055719502335,999.0,9.964340867792416,,,,False,,,,False,,,,,,,,,,,,,,,,Not conservation-tested (unresolved position)
rpoC,c.1566T>C,rifampicin,,False,"Beta-prime subunit of RNA polymerase. Mutations here compensate for the conformational changes in the RNA polymerase complex caused by rpoB RRDR resistance mutations, restoring transcription efficiency.",Comas et al. 2012 Nat Genet; Muller et al. 2017,0.002296,0.015198,0.1511,0.0029829631208872,0.0132415814073244,0.1491369390103567,-2.745290458817138,,,,False,,,,False,,,,,,,,,,,,,,,,Not conservation-tested (unresolved position)
rpoC,c.3549C>T,rifampicin,,False,"Beta-prime subunit of RNA polymerase. Mutations here compensate for the conformational changes in the RNA polymerase complex caused by rpoB RRDR resistance mutations, restoring transcription efficiency.",Comas et al. 2012 Nat Genet; Muller et al. 2017,0.002296,0.015198,0.1511,0.0029829631208872,0.0132415814073244,0.1491369390103567,-2.745290458817138,,,,False,,,,False,,,,,,,,,,,,,,,,Not conservation-tested (unresolved position)
rpoA,c.-683C>G,rifampicin,,False,Compensates transcriptional fitness cost of rpoB RRDR mutations. Mutations in the alpha subunit of RNA polymerase restore the binding geometry disrupted by rpoB resistance mutations.,Comas et al. 2012 Nat Genet; Gagneux et al.,0.002296,0.015198,0.1511,0.0029829631208872,0.0132415814073244,0.1491369390103567,-2.745290458817138,,,,False,,,,False,,,,,,,,,,,,,,,,Not conservation-tested (unresolved position)
rpoC,c.93G>A,rifampicin,,False,"Beta-prime subunit of RNA polymerase. Mutations here compensate for the conformational changes in the RNA polymerase complex caused by rpoB RRDR resistance mutations, restoring transcription efficiency.",Comas et al. 2012 Nat Genet; Muller et al. 2017,0.01837,0.004053,4.5316,0.0029928789955952,0.0132732514563017,4.598830409356725,2.20126699656732,,,,False,,,,False,,,,,,,,,,,,,,,,Not conservation-tested (unresolved position)
rpoC,c.264T>C,rifampicin,,False,"Beta-prime subunit of RNA polymerase. Mutations here compensate for the conformational changes in the RNA polymerase complex caused by rpoB RRDR resistance mutations, restoring transcription efficiency.",Comas et al. 2012 Nat Genet; Muller et al. 2017,0.003444,0.018237,0.1889,0.0031894982606849,0.014132112999061,0.1860599078341014,-2.4261608777505543,,,,False,,,,False,,,,,,,,,,,,,,,,Not conservation-tested (unresolved position)
rpoA,c.-428C>T,rifampicin,,False,Compensates transcriptional fitness cost of rpoB RRDR mutations. Mutations in the alpha subunit of RNA polymerase restore the binding geometry disrupted by rpoB resistance mutations.,Comas et al. 2012 Nat Genet; Gagneux et al.,0.001148,0.012158,0.0944,0.0040617341640767,0.017913674150623,0.0933908045977011,-3.420575682820274,,,,False,,,,False,,,,,,,,,,,,,,,,Not conservation-tested (unresolved position)
ndh,c.1128T>C,isoniazid,,False,"NADH dehydrogenase. Loss-of-function mutations raise the NADH/NAD+ ratio, which can compensate for INH-mediated inhibition of InhA (InhA requires NADH as cofactor). Not a direct resistance mutation but modulates the INH activation and target environment.",Miesel et al. 1998,0.001148,0.012158,0.0944,0.0040617341640767,0.017913674150623,0.0933908045977011,-3.420575682820274,,,,False,,,,False,,,,,,,,,,,,,,,,Not conservation-tested (unresolved position)
gyrB,c.1914G>C,fluoroquinolones,,False,"DNA gyrase B subunit. gyrB mutations can compensate for the supercoiling defects caused by gyrA QRDR (Quinolone Resistance-Determining Region) primary resistance mutations, restoring adequate DNA replication efficiency.",Avalos Vizcaino et al.; Mayer & Fierer 2014,0.001148,0.012158,0.0944,0.0040617341640767,0.017913674150623,0.0933908045977011,-3.420575682820274,,,,False,,,,False,,,,,,,,,,,,,,,,Not conservation-tested (unresolved position)
rpoA,c.-509A>G,rifampicin,,False,Compensates transcriptional fitness cost of rpoB RRDR mutations. Mutations in the alpha subunit of RNA polymerase restore the binding geometry disrupted by rpoB resistance mutations.,Comas et al. 2012 Nat Genet; Gagneux et al.,0.001148,0.012158,0.0944,0.0040617341640767,0.017913674150623,0.0933908045977011,-3.420575682820274,,,,False,,,,False,,,,,,,,,,,,,,,,Not conservation-tested (unresolved position)
rpoC,p.Ala193Val,rifampicin,,False,"Beta-prime subunit of RNA polymerase. Mutations here compensate for the conformational changes in the RNA polymerase complex caused by rpoB RRDR resistance mutations, restoring transcription efficiency.",Comas et al. 2012 Nat Genet; Muller et al. 2017,0.0,0.009119,0.0,0.0043806675863438,0.0185488426992305,0.0,-19.93156856932417,,,,False,,,,False,,,,,,,,,,,,,,,,Not conservation-tested (unresolved position)
rpoC,c.1518G>C,rifampicin,,False,"Beta-prime subunit of RNA polymerase. Mutations here compensate for the conformational changes in the RNA polymerase complex caused by rpoB RRDR resistance mutations, restoring transcription efficiency.",Comas et al. 2012 Nat Genet; Muller et al. 2017,0.0,0.009119,0.0,0.0043806675863438,0.0185488426992305,0.0,-19.93156856932417,,,,False,,,,False,,,,,,,,,,,,,,,,Not conservation-tested (unresolved position)
rpoA,c.252G>C,rifampicin,,False,Compensates transcriptional fitness cost of rpoB RRDR mutations. Mutations in the alpha subunit of RNA polymerase restore the binding geometry disrupted by rpoB resistance mutations.,Comas et al. 2012 Nat Genet; Gagneux et al.,0.0,0.009119,0.0,0.0043806675863438,0.0185488426992305,0.0,-19.93156856932417,,,,False,,,,False,,,,,,,,,,,,,,,,Not conservation-tested (unresolved position)
ndh,c.405A>G,isoniazid,,False,"NADH dehydrogenase. Loss-of-function mutations raise the NADH/NAD+ ratio, which can compensate for INH-mediated inhibition of InhA (InhA requires NADH as cofactor). Not a direct resistance mutation but modulates the INH activation and target environment.",Miesel et al. 1998,0.0,0.009119,0.0,0.0043806675863438,0.0185488426992305,0.0,-19.93156856932417,,,,False,,,,False,,,,,,,,,,,,,,,,Not conservation-tested (unresolved position)
kasA,c.225C>G,isoniazid,,False,Beta-ketoacyl ACP synthase involved in mycolic acid synthesis. Mutations here can partially compensate for inhA-mediated INH resistance by altering the flux through the FAS-II fatty acid synthesis pathway.,Mdluli et al. 1998,0.0,0.009119,0.0,0.0043806675863438,0.0185488426992305,0.0,-19.93156856932417,,,,False,,,,False,,,,,,,,,,,,,,,,Not conservation-tested (unresolved position)
rpoA,c.774G>C,rifampicin,,False,Compensates transcriptional fitness cost of rpoB RRDR mutations. Mutations in the alpha subunit of RNA polymerase restore the binding geometry disrupted by rpoB resistance mutations.,Comas et al. 2012 Nat Genet; Gagneux et al.,0.0,0.009119,0.0,0.0043806675863438,0.0185488426992305,0.0,-19.93156856932417,,,,False,,,,False,,,,,,,,,,,,,,,,Not conservation-tested (unresolved position)
mmpL5,c.2541C>A,bedaquiline/clofazimine,,False,MmpL5 efflux pump structural component. Gain-of-function mutations that increase pump activity may compensate for BDQ/CFZ fitness costs in highly resistant strains. Borderline primary/compensatory — flag for manual review.,Andries et al.; Hartkoorn et al. 2014,0.0,0.009119,0.0,0.0043806675863438,0.0185488426992305,0.0,-19.93156856932417,,,,False,,,,False,,,,,,,,,,,,,,,,Not conservation-tested (unresolved position)
rpoC,c.948C>G,rifampicin,,False,"Beta-prime subunit of RNA polymerase. Mutations here compensate for the conformational changes in the RNA polymerase complex caused by rpoB RRDR resistance mutations, restoring transcription efficiency.",Comas et al. 2012 Nat Genet; Muller et al. 2017,0.0,0.009119,0.0,0.0043806675863438,0.0185488426992305,0.0,-19.93156856932417,,,,False,,,,False,,,,,,,,,,,,,,,,Not conservation-tested (unresolved position)
kasA,c.642G>C,isoniazid,,False,Beta-ketoacyl ACP synthase involved in mycolic acid synthesis. Mutations here can partially compensate for inhA-mediated INH resistance by altering the flux through the FAS-II fatty acid synthesis pathway.,Mdluli et al. 1998,0.0,0.009119,0.0,0.0043806675863438,0.0185488426992305,0.0,-19.93156856932417,,,,False,,,,False,,,,,,,,,,,,,,,,Not conservation-tested (unresolved position)
rpoC,c.924G>C,rifampicin,,False,"Beta-prime subunit of RNA polymerase. Mutations here compensate for the conformational changes in the RNA polymerase complex caused by rpoB RRDR resistance mutations, restoring transcription efficiency.",Comas et al. 2012 Nat Genet; Muller et al. 2017,0.0,0.009119,0.0,0.0043806675863438,0.0185488426992305,0.0,-19.93156856932417,,,,False,,,,False,,,,,,,,,,,,,,,,Not conservation-tested (unresolved position)
rpoA,c.963G>C,rifampicin,,False,Compensates transcriptional fitness cost of rpoB RRDR mutations. Mutations in the alpha subunit of RNA polymerase restore the binding geometry disrupted by rpoB resistance mutations.,Comas et al. 2012 Nat Genet; Gagneux et al.,0.0,0.009119,0.0,0.0043806675863438,0.0185488426992305,0.0,-19.93156856932417,,,,False,,,,False,,,,,,,,,,,,,,,,Not conservation-tested (unresolved position)
rpoA,c.831G>C,rifampicin,,False,Compensates transcriptional fitness cost of rpoB RRDR mutations. Mutations in the alpha subunit of RNA polymerase restore the binding geometry disrupted by rpoB resistance mutations.,Comas et al. 2012 Nat Genet; Gagneux et al.,0.0,0.009119,0.0,0.0043806675863438,0.0185488426992305,0.0,-19.93156856932417,,,,False,,,,False,,,,,,,,,,,,,,,,Not conservation-tested (unresolved position)
kasA,c.105T>C,isoniazid,,False,Beta-ketoacyl ACP synthase involved in mycolic acid synthesis. Mutations here can partially compensate for inhA-mediated INH resistance by altering the flux through the FAS-II fatty acid synthesis pathway.,Mdluli et al. 1998,0.0,0.009119,0.0,0.0043806675863438,0.0185488426992305,0.0,-19.93156856932417,,,,False,,,,False,,,,,,,,,,,,,,,,Not conservation-tested (unresolved position)
mmpL5,c.1752C>T,bedaquiline/clofazimine,,False,MmpL5 efflux pump structural component. Gain-of-function mutations that increase pump activity may compensate for BDQ/CFZ fitness costs in highly resistant strains. Borderline primary/compensatory — flag for manual review.,Andries et al.; Hartkoorn et al. 2014,0.0,0.009119,0.0,0.0043806675863438,0.0185488426992305,0.0,-19.93156856932417,,,,False,,,,False,,,,,,,,,,,,,,,,Not conservation-tested (unresolved position)
gyrB,c.1248C>G,fluoroquinolones,,False,"DNA gyrase B subunit. gyrB mutations can compensate for the supercoiling defects caused by gyrA QRDR (Quinolone Resistance-Determining Region) primary resistance mutations, restoring adequate DNA replication efficiency.",Avalos Vizcaino et al.; Mayer & Fierer 2014,0.0,0.009119,0.0,0.0043806675863438,0.0185488426992305,0.0,-19.93156856932417,,,,False,,,,False,,,,,,,,,,,,,,,,Not conservation-tested (unresolved position)
gyrB,c.768C>T,fluoroquinolones,,False,"DNA gyrase B subunit. gyrB mutations can compensate for the supercoiling defects caused by gyrA QRDR (Quinolone Resistance-Determining Region) primary resistance mutations, restoring adequate DNA replication efficiency.",Avalos Vizcaino et al.; Mayer & Fierer 2014,0.0,0.009119,0.0,0.0043806675863438,0.0185488426992305,0.0,-19.93156856932417,,,,False,,,,False,,,,,,,,,,,,,,,,Not conservation-tested (unresolved position)
gyrB,c.72G>A,fluoroquinolones,,False,"DNA gyrase B subunit. gyrB mutations can compensate for the supercoiling defects caused by gyrA QRDR (Quinolone Resistance-Determining Region) primary resistance mutations, restoring adequate DNA replication efficiency.",Avalos Vizcaino et al.; Mayer & Fierer 2014,0.0,0.009119,0.0,0.0043806675863438,0.0185488426992305,0.0,-19.93156856932417,,,,False,,,,False,,,,,,,,,,,,,,,,Not conservation-tested (unresolved position)
rpoC,c.-108C>G,rifampicin,,False,"Beta-prime subunit of RNA polymerase. Mutations here compensate for the conformational changes in the RNA polymerase complex caused by rpoB RRDR resistance mutations, restoring transcription efficiency.",Comas et al. 2012 Nat Genet; Muller et al. 2017,0.0,0.009119,0.0,0.0043806675863438,0.0185488426992305,0.0,-19.93156856932417,,,,False,,,,False,,,,,,,,,,,,,,,,Not conservation-tested (unresolved position)
rpoC,c.-111G>C,rifampicin,,False,"Beta-prime subunit of RNA polymerase. Mutations here compensate for the conformational changes in the RNA polymerase complex caused by rpoB RRDR resistance mutations, restoring transcription efficiency.",Comas et al. 2012 Nat Genet; Muller et al. 2017,0.0,0.009119,0.0,0.0043806675863438,0.0185488426992305,0.0,-19.93156856932417,,,,False,,,,False,,,,,,,,,,,,,,,,Not conservation-tested (unresolved position)
rpoC,c.3498C>G,rifampicin,,False,"Beta-prime subunit of RNA polymerase. Mutations here compensate for the conformational changes in the RNA polymerase complex caused by rpoB RRDR resistance mutations, restoring transcription efficiency.",Comas et al. 2012 Nat Genet; Muller et al. 2017,0.0,0.009119,0.0,0.0043806675863438,0.0185488426992305,0.0,-19.93156856932417,,,,False,,,,False,,,,,,,,,,,,,,,,Not conservation-tested (unresolved position)
kasA,p.Gly91Ser,isoniazid,,False,Beta-ketoacyl ACP synthase involved in mycolic acid synthesis. Mutations here can partially compensate for inhA-mediated INH resistance by altering the flux through the FAS-II fatty acid synthesis pathway.,Mdluli et al. 1998,0.0,0.009119,0.0,0.0043806675863438,0.0185488426992305,0.0,-19.93156856932417,,,,False,,,,False,,,,,,,,,,,,,,,,Not conservation-tested (unresolved position)
rpoC,c.2736C>T,rifampicin,,False,"Beta-prime subunit of RNA polymerase. Mutations here compensate for the conformational changes in the RNA polymerase complex caused by rpoB RRDR resistance mutations, restoring transcription efficiency.",Comas et al. 2012 Nat Genet; Muller et al. 2017,0.0,0.009119,0.0,0.0043806675863438,0.0185488426992305,0.0,-19.93156856932417,,,,False,,,,False,,,,,,,,,,,,,,,,Not conservation-tested (unresolved position)
embR,c.-419T>G,ethambutol,,False,Transcriptional activator of the emb operon. Mutations in embR can modulate embB/embA/embC expression levels and partially compensate for the arabinogalactan synthesis disruption caused by primary embB resistance mutations.,Sharma et al. 2006,0.0,0.009119,0.0,0.0043806675863438,0.0185488426992305,0.0,-19.93156856932417,,,,False,,,,False,,,,,,,,,,,,,,,,Not conservation-tested (unresolved position)
rpoC,c.1023C>T,rifampicin,,False,"Beta-prime subunit of RNA polymerase. Mutations here compensate for the conformational changes in the RNA polymerase complex caused by rpoB RRDR resistance mutations, restoring transcription efficiency.",Comas et al. 2012 Nat Genet; Muller et al. 2017,0.0,0.009119,0.0,0.0043806675863438,0.0185488426992305,0.0,-19.93156856932417,,,,False,,,,False,,,,,,,,,,,,,,,,Not conservation-tested (unresolved position)
rpoC,c.2025G>A,rifampicin,,False,"Beta-prime subunit of RNA polymerase. Mutations here compensate for the conformational changes in the RNA polymerase complex caused by rpoB RRDR resistance mutations, restoring transcription efficiency.",Comas et al. 2012 Nat Genet; Muller et al. 2017,0.0,0.009119,0.0,0.0043806675863438,0.0185488426992305,0.0,-19.93156856932417,,,,False,,,,False,,,,,,,,,,,,,,,,Not conservation-tested (unresolved position)
ndh,c.696G>C,isoniazid,,False,"NADH dehydrogenase. Loss-of-function mutations raise the NADH/NAD+ ratio, which can compensate for INH-mediated inhibition of InhA (InhA requires NADH as cofactor). Not a direct resistance mutation but modulates the INH activation and target environment.",Miesel et al. 1998,0.0,0.009119,0.0,0.0043806675863438,0.0185488426992305,0.0,-19.93156856932417,,,,False,,,,False,,,,,,,,,,,,,,,,Not conservation-tested (unresolved position)
rpoA,c.-353C>T,rifampicin,,False,Compensates transcriptional fitness cost of rpoB RRDR mutations. Mutations in the alpha subunit of RNA polymerase restore the binding geometry disrupted by rpoB resistance mutations.,Comas et al. 2012 Nat Genet; Gagneux et al.,0.0,0.009119,0.0,0.0043806675863438,0.0185488426992305,0.0,-19.93156856932417,,,,False,,,,False,,,,,,,,,,,,,,,,Not conservation-tested (unresolved position)
rpoC,c.2409C>G,rifampicin,,False,"Beta-prime subunit of RNA polymerase. Mutations here compensate for the conformational changes in the RNA polymerase complex caused by rpoB RRDR resistance mutations, restoring transcription efficiency.",Comas et al. 2012 Nat Genet; Muller et al. 2017,0.0,0.009119,0.0,0.0043806675863438,0.0185488426992305,0.0,-19.93156856932417,,,,False,,,,False,,,,,,,,,,,,,,,,Not conservation-tested (unresolved position)
mmpL5,c.2340A>C,bedaquiline/clofazimine,,False,MmpL5 efflux pump structural component. Gain-of-function mutations that increase pump activity may compensate for BDQ/CFZ fitness costs in highly resistant strains. Borderline primary/compensatory — flag for manual review.,Andries et al.; Hartkoorn et al. 2014,0.0,0.009119,0.0,0.0043806675863438,0.0185488426992305,0.0,-19.93156856932417,,,,False,,,,False,,,,,,,,,,,,,,,,Not conservation-tested (unresolved position)
mmpL5,c.1387T>C,bedaquiline/clofazimine,,False,MmpL5 efflux pump structural component. Gain-of-function mutations that increase pump activity may compensate for BDQ/CFZ fitness costs in highly resistant strains. Borderline primary/compensatory — flag for manual review.,Andries et al.; Hartkoorn et al. 2014,0.0,0.009119,0.0,0.0043806675863438,0.0185488426992305,0.0,-19.93156856932417,,,,False,,,,False,,,,,,,,,,,,,,,,Not conservation-tested (unresolved position)
rpoC,c.378G>A,rifampicin,,False,"Beta-prime subunit of RNA polymerase. Mutations here compensate for the conformational changes in the RNA polymerase complex caused by rpoB RRDR resistance mutations, restoring transcription efficiency.",Comas et al. 2012 Nat Genet; Muller et al. 2017,0.0,0.009119,0.0,0.0043806675863438,0.0185488426992305,0.0,-19.93156856932417,,,,False,,,,False,,,,,,,,,,,,,,,,Not conservation-tested (unresolved position)
rpoC,c.3165C>G,rifampicin,,False,"Beta-prime subunit of RNA polymerase. Mutations here compensate for the conformational changes in the RNA polymerase complex caused by rpoB RRDR resistance mutations, restoring transcription efficiency.",Comas et al. 2012 Nat Genet; Muller et al. 2017,0.0,0.009119,0.0,0.0043806675863438,0.0185488426992305,0.0,-19.93156856932417,,,,False,,,,False,,,,,,,,,,,,,,,,Not conservation-tested (unresolved position)
rpoC,c.3144C>T,rifampicin,,False,"Beta-prime subunit of RNA polymerase. Mutations here compensate for the conformational changes in the RNA polymerase complex caused by rpoB RRDR resistance mutations, restoring transcription efficiency.",Comas et al. 2012 Nat Genet; Muller et al. 2017,0.0,0.009119,0.0,0.0043806675863438,0.0185488426992305,0.0,-19.93156856932417,,,,False,,,,False,,,,,,,,,,,,,,,,Not conservation-tested (unresolved position)
mmpL5,c.2577G>A,bedaquiline/clofazimine,,False,MmpL5 efflux pump structural component. Gain-of-function mutations that increase pump activity may compensate for BDQ/CFZ fitness costs in highly resistant strains. Borderline primary/compensatory — flag for manual review.,Andries et al.; Hartkoorn et al. 2014,0.0,0.009119,0.0,0.0043806675863438,0.0185488426992305,0.0,-19.93156856932417,,,,False,,,,False,,,,,,,,,,,,,,,,Not conservation-tested (unresolved position)
rpoC,c.66A>G,rifampicin,,False,"Beta-prime subunit of RNA polymerase. Mutations here compensate for the conformational changes in the RNA polymerase complex caused by rpoB RRDR resistance mutations, restoring transcription efficiency.",Comas et al. 2012 Nat Genet; Muller et al. 2017,0.0,0.009119,0.0,0.0043806675863438,0.0185488426992305,0.0,-19.93156856932417,,,,False,,,,False,,,,,,,,,,,,,,,,Not conservation-tested (unresolved position)
mmpL5,c.2448C>T,bedaquiline/clofazimine,,False,MmpL5 efflux pump structural component. Gain-of-function mutations that increase pump activity may compensate for BDQ/CFZ fitness costs in highly resistant strains. Borderline primary/compensatory — flag for manual review.,Andries et al.; Hartkoorn et al. 2014,0.0,0.009119,0.0,0.0043806675863438,0.0185488426992305,0.0,-19.93156856932417,,,,False,,,,False,,,,,,,,,,,,,,,,Not conservation-tested (unresolved position)
kasA,c.579C>G,isoniazid,,False,Beta-ketoacyl ACP synthase involved in mycolic acid synthesis. Mutations here can partially compensate for inhA-mediated INH resistance by altering the flux through the FAS-II fatty acid synthesis pathway.,Mdluli et al. 1998,0.0,0.009119,0.0,0.0043806675863438,0.0185488426992305,0.0,-19.93156856932417,,,,False,,,,False,,,,,,,,,,,,,,,,Not conservation-tested (unresolved position)
ndh,c.687T>C,isoniazid,,False,"NADH dehydrogenase. Loss-of-function mutations raise the NADH/NAD+ ratio, which can compensate for INH-mediated inhibition of InhA (InhA requires NADH as cofactor). Not a direct resistance mutation but modulates the INH activation and target environment.",Miesel et al. 1998,0.0,0.009119,0.0,0.0043806675863438,0.0185488426992305,0.0,-19.93156856932417,,,,False,,,,False,,,,,,,,,,,,,,,,Not conservation-tested (unresolved position)
gyrB,c.975G>C,fluoroquinolones,,False,"DNA gyrase B subunit. gyrB mutations can compensate for the supercoiling defects caused by gyrA QRDR (Quinolone Resistance-Determining Region) primary resistance mutations, restoring adequate DNA replication efficiency.",Avalos Vizcaino et al.; Mayer & Fierer 2014,0.0,0.009119,0.0,0.0043806675863438,0.0185488426992305,0.0,-19.93156856932417,,,,False,,,,False,,,,,,,,,,,,,,,,Not conservation-tested (unresolved position)
ndh,c.657G>C,isoniazid,,False,"NADH dehydrogenase. Loss-of-function mutations raise the NADH/NAD+ ratio, which can compensate for INH-mediated inhibition of InhA (InhA requires NADH as cofactor). Not a direct resistance mutation but modulates the INH activation and target environment.",Miesel et al. 1998,0.0,0.009119,0.0,0.0043806675863438,0.0185488426992305,0.0,-19.93156856932417,,,,False,,,,False,,,,,,,,,,,,,,,,Not conservation-tested (unresolved position)
embR,c.-437T>C,ethambutol,,False,Transcriptional activator of the emb operon. Mutations in embR can modulate embB/embA/embC expression levels and partially compensate for the arabinogalactan synthesis disruption caused by primary embB resistance mutations.,Sharma et al. 2006,0.0,0.009119,0.0,0.0043806675863438,0.0185488426992305,0.0,-19.93156856932417,,,,False,,,,False,,,,,,,,,,,,,,,,Not conservation-tested (unresolved position)
ndh,c.511C>T,isoniazid,,False,"NADH dehydrogenase. Loss-of-function mutations raise the NADH/NAD+ ratio, which can compensate for INH-mediated inhibition of InhA (InhA requires NADH as cofactor). Not a direct resistance mutation but modulates the INH activation and target environment.",Miesel et al. 1998,0.0,0.009119,0.0,0.0043806675863438,0.0185488426992305,0.0,-19.93156856932417,,,,False,,,,False,,,,,,,,,,,,,,,,Not conservation-tested (unresolved position)
mmpL5,c.2550C>T,bedaquiline/clofazimine,,False,MmpL5 efflux pump structural component. Gain-of-function mutations that increase pump activity may compensate for BDQ/CFZ fitness costs in highly resistant strains. Borderline primary/compensatory — flag for manual review.,Andries et al.; Hartkoorn et al. 2014,0.0,0.009119,0.0,0.0043806675863438,0.0185488426992305,0.0,-19.93156856932417,,,,False,,,,False,,,,,,,,,,,,,,,,Not conservation-tested (unresolved position)
rpoC,c.114G>A,rifampicin,,False,"Beta-prime subunit of RNA polymerase. Mutations here compensate for the conformational changes in the RNA polymerase complex caused by rpoB RRDR resistance mutations, restoring transcription efficiency.",Comas et al. 2012 Nat Genet; Muller et al. 2017,0.019518,0.005066,3.8521,0.0045915679007363,0.0194074065742372,3.9096018735363,1.96702170105718,,,,False,,,,False,,,,,,,,,,,,,,,,Not conservation-tested (unresolved position)
rpoC,c.120G>A,rifampicin,,False,"Beta-prime subunit of RNA polymerase. Mutations here compensate for the conformational changes in the RNA polymerase complex caused by rpoB RRDR resistance mutations, restoring transcription efficiency.",Comas et al. 2012 Nat Genet; Muller et al. 2017,0.019518,0.005066,3.8521,0.0045915679007363,0.0194074065742372,3.9096018735363,1.96702170105718,,,,False,,,,False,,,,,,,,,,,,,,,,Not conservation-tested (unresolved position)
rpoC,p.Asn698Lys,rifampicin,,False,"Beta-prime subunit of RNA polymerase. Mutations here compensate for the conformational changes in the RNA polymerase complex caused by rpoB RRDR resistance mutations, restoring transcription efficiency.",Comas et al. 2012 Nat Genet; Muller et al. 2017,0.008037,0.0,8036.7394,0.0049116156613894,0.0207417964036728,999.0,9.964340867792416,,,,False,,,,False,,,,,,,,,,,,,,,,Not conservation-tested (unresolved position)
kasA,p.Leu247Ile,isoniazid,,False,Beta-ketoacyl ACP synthase involved in mycolic acid synthesis. Mutations here can partially compensate for inhA-mediated INH resistance by altering the flux through the FAS-II fatty acid synthesis pathway.,Mdluli et al. 1998,0.002296,0.014184,0.1619,0.005135161821028,0.0215903015065602,0.1599539700805523,-2.644271294090893,,,,False,,,,False,,,,,,,,,,,,,,,,Not conservation-tested (unresolved position)
gyrB,c.984G>C,fluoroquinolones,,False,"DNA gyrase B subunit. gyrB mutations can compensate for the supercoiling defects caused by gyrA QRDR (Quinolone Resistance-Determining Region) primary resistance mutations, restoring adequate DNA replication efficiency.",Avalos Vizcaino et al.; Mayer & Fierer 2014,0.002296,0.014184,0.1619,0.005135161821028,0.0215903015065602,0.1599539700805523,-2.644271294090893,,,,False,,,,False,,,,,,,,,,,,,,,,Not conservation-tested (unresolved position)
rpoC,c.1257C>T,rifampicin,,False,"Beta-prime subunit of RNA polymerase. Mutations here compensate for the conformational changes in the RNA polymerase complex caused by rpoB RRDR resistance mutations, restoring transcription efficiency.",Comas et al. 2012 Nat Genet; Muller et al. 2017,0.002296,0.014184,0.1619,0.005135161821028,0.0215903015065602,0.1599539700805523,-2.644271294090893,,,,False,,,,False,,,,,,,,,,,,,,,,Not conservation-tested (unresolved position)
kasA,c.963G>C,isoniazid,,False,Beta-ketoacyl ACP synthase involved in mycolic acid synthesis. Mutations here can partially compensate for inhA-mediated INH resistance by altering the flux through the FAS-II fatty acid synthesis pathway.,Mdluli et al. 1998,0.002296,0.014184,0.1619,0.005135161821028,0.0215903015065602,0.1599539700805523,-2.644271294090893,,,,False,,,,False,,,,,,,,,,,,,,,,Not conservation-tested (unresolved position)
rpoC,c.1389C>G,rifampicin,,False,"Beta-prime subunit of RNA polymerase. Mutations here compensate for the conformational changes in the RNA polymerase complex caused by rpoB RRDR resistance mutations, restoring transcription efficiency.",Comas et al. 2012 Nat Genet; Muller et al. 2017,0.002296,0.014184,0.1619,0.005135161821028,0.0215903015065602,0.1599539700805523,-2.644271294090893,,,,False,,,,False,,,,,,,,,,,,,,,,Not conservation-tested (unresolved position)
mmpL5,c.1773C>T,bedaquiline/clofazimine,,False,MmpL5 efflux pump structural component. Gain-of-function mutations that increase pump activity may compensate for BDQ/CFZ fitness costs in highly resistant strains. Borderline primary/compensatory — flag for manual review.,Andries et al.; Hartkoorn et al. 2014,0.001148,0.011145,0.103,0.0073268215666292,0.0306429382260778,0.1019853709508882,-3.2935658718105016,,,,False,,,,False,,,,,,,,,,,,,,,,Not conservation-tested (unresolved position)
mmpL5,c.2568C>G,bedaquiline/clofazimine,,False,MmpL5 efflux pump structural component. Gain-of-function mutations that increase pump activity may compensate for BDQ/CFZ fitness costs in highly resistant strains. Borderline primary/compensatory — flag for manual review.,Andries et al.; Hartkoorn et al. 2014,0.001148,0.011145,0.103,0.0073268215666292,0.0306429382260778,0.1019853709508882,-3.2935658718105016,,,,False,,,,False,,,,,,,,,,,,,,,,Not conservation-tested (unresolved position)
ndh,c.1260T>G,isoniazid,,False,"NADH dehydrogenase. Loss-of-function mutations raise the NADH/NAD+ ratio, which can compensate for INH-mediated inhibition of InhA (InhA requires NADH as cofactor). Not a direct resistance mutation but modulates the INH activation and target environment.",Miesel et al. 1998,0.001148,0.011145,0.103,0.0073268215666292,0.0306429382260778,0.1019853709508882,-3.2935658718105016,,,,False,,,,False,,,,,,,,,,,,,,,,Not conservation-tested (unresolved position)
ndh,c.1104A>C,isoniazid,,False,"NADH dehydrogenase. Loss-of-function mutations raise the NADH/NAD+ ratio, which can compensate for INH-mediated inhibition of InhA (InhA requires NADH as cofactor). Not a direct resistance mutation but modulates the INH activation and target environment.",Miesel et al. 1998,0.001148,0.011145,0.103,0.0073268215666292,0.0306429382260778,0.1019853709508882,-3.2935658718105016,,,,False,,,,False,,,,,,,,,,,,,,,,Not conservation-tested (unresolved position)
ahpC,c.459G>C,isoniazid,,False,Alkyl hydroperoxide reductase. Upregulation compensates for the loss of KatG-mediated oxidative defence when katG is inactivated by INH-resistance mutations. Promoter mutations causing ahpC upregulation are the canonical compensatory mechanism for katG LoF.,Sherman et al. 1996; Heym et al. 1997,0.001148,0.011145,0.103,0.0073268215666292,0.0306429382260778,0.1019853709508882,-3.2935658718105016,,,,False,,,,False,,,,,,,,,,,,,,,,Not conservation-tested (unresolved position)
mmpR5,p.Met139Ile,bedaquiline/clofazimine,,False,"Transcriptional repressor of the MmpS5-MmpL5 efflux pump. Loss-of-function mutations in mmpR5 upregulate MmpL5-mediated drug efflux. Classified here as compensatory in the context of pre-existing BDQ resistance conferring fitness loss, though some literature treats this as a primary low-level resistance mechanism. Flag for manual review.",Andries et al.; Hartkoorn et al. 2014,0.010333,0.001013,10.1886,0.0079588724508296,0.0332572148295614,10.294663573085847,3.363824778731126,,,,False,,,,False,,,,,,,,,,,,,,,,Not conservation-tested (unresolved position)
rpoC,c.1863G>C,rifampicin,,False,"Beta-prime subunit of RNA polymerase. Mutations here compensate for the conformational changes in the RNA polymerase complex caused by rpoB RRDR resistance mutations, restoring transcription efficiency.",Comas et al. 2012 Nat Genet; Muller et al. 2017,0.0,0.008105,0.0,0.0085497229045744,0.0340277545459794,0.0,-19.93156856932417,,,,False,,,,False,,,,,,,,,,,,,,,,Not conservation-tested (unresolved position)
rpoC,c.1500C>T,rifampicin,,False,"Beta-prime subunit of RNA polymerase. Mutations here compensate for the conformational changes in the RNA polymerase complex caused by rpoB RRDR resistance mutations, restoring transcription efficiency.",Comas et al. 2012 Nat Genet; Muller et al. 2017,0.0,0.008105,0.0,0.0085497229045744,0.0340277545459794,0.0,-19.93156856932417,,,,False,,,,False,,,,,,,,,,,,,,,,Not conservation-tested (unresolved position)
rpoA,c.735G>C,rifampicin,,False,Compensates transcriptional fitness cost of rpoB RRDR mutations. Mutations in the alpha subunit of RNA polymerase restore the binding geometry disrupted by rpoB resistance mutations.,Comas et al. 2012 Nat Genet; Gagneux et al.,0.0,0.008105,0.0,0.0085497229045744,0.0340277545459794,0.0,-19.93156856932417,,,,False,,,,False,,,,,,,,,,,,,,,,Not conservation-tested (unresolved position)
kasA,c.378C>T,isoniazid,,False,Beta-ketoacyl ACP synthase involved in mycolic acid synthesis. Mutations here can partially compensate for inhA-mediated INH resistance by altering the flux through the FAS-II fatty acid synthesis pathway.,Mdluli et al. 1998,0.0,0.008105,0.0,0.0085497229045744,0.0340277545459794,0.0,-19.93156856932417,,,,False,,,,False,,,,,,,,,,,,,,,,Not conservation-tested (unresolved position)
kasA,c.930G>C,isoniazid,,False,Beta-ketoacyl ACP synthase involved in mycolic acid synthesis. Mutations here can partially compensate for inhA-mediated INH resistance by altering the flux through the FAS-II fatty acid synthesis pathway.,Mdluli et al. 1998,0.0,0.008105,0.0,0.0085497229045744,0.0340277545459794,0.0,-19.93156856932417,,,,False,,,,False,,,,,,,,,,,,,,,,Not conservation-tested (unresolved position)
ndh,c.201A>G,isoniazid,,False,"NADH dehydrogenase. Loss-of-function mutations raise the NADH/NAD+ ratio, which can compensate for INH-mediated inhibition of InhA (InhA requires NADH as cofactor). Not a direct resistance mutation but modulates the INH activation and target environment.",Miesel et al. 1998,0.0,0.008105,0.0,0.0085497229045744,0.0340277545459794,0.0,-19.93156856932417,,,,False,,,,False,,,,,,,,,,,,,,,,Not conservation-tested (unresolved position)
kasA,c.315A>G,isoniazid,,False,Beta-ketoacyl ACP synthase involved in mycolic acid synthesis. Mutations here can partially compensate for inhA-mediated INH resistance by altering the flux through the FAS-II fatty acid synthesis pathway.,Mdluli et al. 1998,0.0,0.008105,0.0,0.0085497229045744,0.0340277545459794,0.0,-19.93156856932417,,,,False,,,,False,,,,,,,,,,,,,,,,Not conservation-tested (unresolved position)
rpoA,c.813C>G,rifampicin,,False,Compensates transcriptional fitness cost of rpoB RRDR mutations. Mutations in the alpha subunit of RNA polymerase restore the binding geometry disrupted by rpoB resistance mutations.,Comas et al. 2012 Nat Genet; Gagneux et al.,0.0,0.008105,0.0,0.0085497229045744,0.0340277545459794,0.0,-19.93156856932417,,,,False,,,,False,,,,,,,,,,,,,,,,Not conservation-tested (unresolved position)
kasA,c.1188C>T,isoniazid,,False,Beta-ketoacyl ACP synthase involved in mycolic acid synthesis. Mutations here can partially compensate for inhA-mediated INH resistance by altering the flux through the FAS-II fatty acid synthesis pathway.,Mdluli et al. 1998,0.0,0.008105,0.0,0.0085497229045744,0.0340277545459794,0.0,-19.93156856932417,,,,False,,,,False,,,,,,,,,,,,,,,,Not conservation-tested (unresolved position)
rpoA,c.474A>G,rifampicin,,False,Compensates transcriptional fitness cost of rpoB RRDR mutations. Mutations in the alpha subunit of RNA polymerase restore the binding geometry disrupted by rpoB resistance mutations.,Comas et al. 2012 Nat Genet; Gagneux et al.,0.0,0.008105,0.0,0.0085497229045744,0.0340277545459794,0.0,-19.93156856932417,,,,False,,,,False,,,,,,,,,,,,,,,,Not conservation-tested (unresolved position)
gyrB,c.303A>C,fluoroquinolones,,False,"DNA gyrase B subunit. gyrB mutations can compensate for the supercoiling defects caused by gyrA QRDR (Quinolone Resistance-Determining Region) primary resistance mutations, restoring adequate DNA replication efficiency.",Avalos Vizcaino et al.; Mayer & Fierer 2014,0.0,0.008105,0.0,0.0085497229045744,0.0340277545459794,0.0,-19.93156856932417,,,,False,,,,False,,,,,,,,,,,,,,,,Not conservation-tested (unresolved position)
rpoC,c.3474T>G,rifampicin,,False,"Beta-prime subunit of RNA polymerase. Mutations here compensate for the conformational changes in the RNA polymerase complex caused by rpoB RRDR resistance mutations, restoring transcription efficiency.",Comas et al. 2012 Nat Genet; Muller et al. 2017,0.0,0.008105,0.0,0.0085497229045744,0.0340277545459794,0.0,-19.93156856932417,,,,False,,,,False,,,,,,,,,,,,,,,,Not conservation-tested (unresolved position)
mmpL5,p.Asp697Asn,bedaquiline/clofazimine,,False,MmpL5 efflux pump structural component. Gain-of-function mutations that increase pump activity may compensate for BDQ/CFZ fitness costs in highly resistant strains. Borderline primary/compensatory — flag for manual review.,Andries et al.; Hartkoorn et al. 2014,0.0,0.008105,0.0,0.0085497229045744,0.0340277545459794,0.0,-19.93156856932417,,,,False,,,,False,,,,,,,,,,,,,,,,Not conservation-tested (unresolved position)
gyrB,c.1059C>G,fluoroquinolones,,False,"DNA gyrase B subunit. gyrB mutations can compensate for the supercoiling defects caused by gyrA QRDR (Quinolone Resistance-Determining Region) primary resistance mutations, restoring adequate DNA replication efficiency.",Avalos Vizcaino et al.; Mayer & Fierer 2014,0.0,0.008105,0.0,0.0085497229045744,0.0340277545459794,0.0,-19.93156856932417,,,,False,,,,False,,,,,,,,,,,,,,,,Not conservation-tested (unresolved position)
rpoC,c.3798C>T,rifampicin,,False,"Beta-prime subunit of RNA polymerase. Mutations here compensate for the conformational changes in the RNA polymerase complex caused by rpoB RRDR resistance mutations, restoring transcription efficiency.",Comas et al. 2012 Nat Genet; Muller et al. 2017,0.0,0.008105,0.0,0.0085497229045744,0.0340277545459794,0.0,-19.93156856932417,,,,False,,,,False,,,,,,,,,,,,,,,,Not conservation-tested (unresolved position)
rpoA,c.102G>T,rifampicin,,False,Compensates transcriptional fitness cost of rpoB RRDR mutations. Mutations in the alpha subunit of RNA polymerase restore the binding geometry disrupted by rpoB resistance mutations.,Comas et al. 2012 Nat Genet; Gagneux et al.,0.0,0.008105,0.0,0.0085497229045744,0.0340277545459794,0.0,-19.93156856932417,,,,False,,,,False,,,,,,,,,,,,,,,,Not conservation-tested (unresolved position)
rpoC,c.579G>C,rifampicin,,False,"Beta-prime subunit of RNA polymerase. Mutations here compensate for the conformational changes in the RNA polymerase complex caused by rpoB RRDR resistance mutations, restoring transcription efficiency.",Comas et al. 2012 Nat Genet; Muller et al. 2017,0.0,0.008105,0.0,0.0085497229045744,0.0340277545459794,0.0,-19.93156856932417,,,,False,,,,False,,,,,,,,,,,,,,,,Not conservation-tested (unresolved position)
ndh,c.669G>C,isoniazid,,False,"NADH dehydrogenase. Loss-of-function mutations raise the NADH/NAD+ ratio, which can compensate for INH-mediated inhibition of InhA (InhA requires NADH as cofactor). Not a direct resistance mutation but modulates the INH activation and target environment.",Miesel et al. 1998,0.0,0.008105,0.0,0.0085497229045744,0.0340277545459794,0.0,-19.93156856932417,,,,False,,,,False,,,,,,,,,,,,,,,,Not conservation-tested (unresolved position)
mmpL5,c.2388C>A,bedaquiline/clofazimine,,False,MmpL5 efflux pump structural component. Gain-of-function mutations that increase pump activity may compensate for BDQ/CFZ fitness costs in highly resistant strains. Borderline primary/compensatory — flag for manual review.,Andries et al.; Hartkoorn et al. 2014,0.0,0.008105,0.0,0.0085497229045744,0.0340277545459794,0.0,-19.93156856932417,,,,False,,,,False,,,,,,,,,,,,,,,,Not conservation-tested (unresolved position)
rpoC,c.564C>T,rifampicin,,False,"Beta-prime subunit of RNA polymerase. Mutations here compensate for the conformational changes in the RNA polymerase complex caused by rpoB RRDR resistance mutations, restoring transcription efficiency.",Comas et al. 2012 Nat Genet; Muller et al. 2017,0.0,0.008105,0.0,0.0085497229045744,0.0340277545459794,0.0,-19.93156856932417,,,,False,,,,False,,,,,,,,,,,,,,,,Not conservation-tested (unresolved position)
mmpL5,c.2490G>A,bedaquiline/clofazimine,,False,MmpL5 efflux pump structural component. Gain-of-function mutations that increase pump activity may compensate for BDQ/CFZ fitness costs in highly resistant strains. Borderline primary/compensatory — flag for manual review.,Andries et al.; Hartkoorn et al. 2014,0.0,0.008105,0.0,0.0085497229045744,0.0340277545459794,0.0,-19.93156856932417,,,,False,,,,False,,,,,,,,,,,,,,,,Not conservation-tested (unresolved position)
rpoC,c.2319G>C,rifampicin,,False,"Beta-prime subunit of RNA polymerase. Mutations here compensate for the conformational changes in the RNA polymerase complex caused by rpoB RRDR resistance mutations, restoring transcription efficiency.",Comas et al. 2012 Nat Genet; Muller et al. 2017,0.0,0.008105,0.0,0.0085497229045744,0.0340277545459794,0.0,-19.93156856932417,,,,False,,,,False,,,,,,,,,,,,,,,,Not conservation-tested (unresolved position)
rpoA,c.348C>G,rifampicin,,False,Compensates transcriptional fitness cost of rpoB RRDR mutations. Mutations in the alpha subunit of RNA polymerase restore the binding geometry disrupted by rpoB resistance mutations.,Comas et al. 2012 Nat Genet; Gagneux et al.,0.0,0.008105,0.0,0.0085497229045744,0.0340277545459794,0.0,-19.93156856932417,,,,False,,,,False,,,,,,,,,,,,,,,,Not conservation-tested (unresolved position)
gyrB,c.312T>C,fluoroquinolones,,False,"DNA gyrase B subunit. gyrB mutations can compensate for the supercoiling defects caused by gyrA QRDR (Quinolone Resistance-Determining Region) primary resistance mutations, restoring adequate DNA replication efficiency.",Avalos Vizcaino et al.; Mayer & Fierer 2014,0.0,0.008105,0.0,0.0085497229045744,0.0340277545459794,0.0,-19.93156856932417,,,,False,,,,False,,,,,,,,,,,,,,,,Not conservation-tested (unresolved position)
gyrB,c.1687T>C,fluoroquinolones,,False,"DNA gyrase B subunit. gyrB mutations can compensate for the supercoiling defects caused by gyrA QRDR (Quinolone Resistance-Determining Region) primary resistance mutations, restoring adequate DNA replication efficiency.",Avalos Vizcaino et al.; Mayer & Fierer 2014,0.0,0.008105,0.0,0.0085497229045744,0.0340277545459794,0.0,-19.93156856932417,,,,False,,,,False,,,,,,,,,,,,,,,,Not conservation-tested (unresolved position)
rpoC,c.297G>A,rifampicin,,False,"Beta-prime subunit of RNA polymerase. Mutations here compensate for the conformational changes in the RNA polymerase complex caused by rpoB RRDR resistance mutations, restoring transcription efficiency.",Comas et al. 2012 Nat Genet; Muller et al. 2017,0.0,0.008105,0.0,0.0085497229045744,0.0340277545459794,0.0,-19.93156856932417,,,,False,,,,False,,,,,,,,,,,,,,,,Not conservation-tested (unresolved position)
rpoC,c.6C>A,rifampicin,,False,"Beta-prime subunit of RNA polymerase. Mutations here compensate for the conformational changes in the RNA polymerase complex caused by rpoB RRDR resistance mutations, restoring transcription efficiency.",Comas et al. 2012 Nat Genet; Muller et al. 2017,0.0,0.008105,0.0,0.0085497229045744,0.0340277545459794,0.0,-19.93156856932417,,,,False,,,,False,,,,,,,,,,,,,,,,Not conservation-tested (unresolved position)
rpoA,c.207C>G,rifampicin,,False,Compensates transcriptional fitness cost of rpoB RRDR mutations. Mutations in the alpha subunit of RNA polymerase restore the binding geometry disrupted by rpoB resistance mutations.,Comas et al. 2012 Nat Genet; Gagneux et al.,0.0,0.008105,0.0,0.0085497229045744,0.0340277545459794,0.0,-19.93156856932417,,,,False,,,,False,,,,,,,,,,,,,,,,Not conservation-tested (unresolved position)
ndh,c.333C>G,isoniazid,,False,"NADH dehydrogenase. Loss-of-function mutations raise the NADH/NAD+ ratio, which can compensate for INH-mediated inhibition of InhA (InhA requires NADH as cofactor). Not a direct resistance mutation but modulates the INH activation and target environment.",Miesel et al. 1998,0.0,0.008105,0.0,0.0085497229045744,0.0340277545459794,0.0,-19.93156856932417,,,,False,,,,False,,,,,,,,,,,,,,,,Not conservation-tested (unresolved position)
kasA,c.504G>C,isoniazid,,False,Beta-ketoacyl ACP synthase involved in mycolic acid synthesis. Mutations here can partially compensate for inhA-mediated INH resistance by altering the flux through the FAS-II fatty acid synthesis pathway.,Mdluli et al. 1998,0.0,0.008105,0.0,0.0085497229045744,0.0340277545459794,0.0,-19.93156856932417,,,,False,,,,False,,,,,,,,,,,,,,,,Not conservation-tested (unresolved position)
ahpC,c.369T>C,isoniazid,,False,Alkyl hydroperoxide reductase. Upregulation compensates for the loss of KatG-mediated oxidative defence when katG is inactivated by INH-resistance mutations. Promoter mutations causing ahpC upregulation are the canonical compensatory mechanism for katG LoF.,Sherman et al. 1996; Heym et al. 1997,0.0,0.008105,0.0,0.0085497229045744,0.0340277545459794,0.0,-19.93156856932417,,,,False,,,,False,,,,,,,,,,,,,,,,Not conservation-tested (unresolved position)
mmpL5,p.Ile781Val,bedaquiline/clofazimine,,False,MmpL5 efflux pump structural component. Gain-of-function mutations that increase pump activity may compensate for BDQ/CFZ fitness costs in highly resistant strains. Borderline primary/compensatory — flag for manual review.,Andries et al.; Hartkoorn et al. 2014,0.0,0.008105,0.0,0.0085497229045744,0.0340277545459794,0.0,-19.93156856932417,,,,False,,,,False,,,,,,,,,,,,,,,,Not conservation-tested (unresolved position)
gyrB,c.372C>T,fluoroquinolones,,False,"DNA gyrase B subunit. gyrB mutations can compensate for the supercoiling defects caused by gyrA QRDR (Quinolone Resistance-Determining Region) primary resistance mutations, restoring adequate DNA replication efficiency.",Avalos Vizcaino et al.; Mayer & Fierer 2014,0.0,0.008105,0.0,0.0085497229045744,0.0340277545459794,0.0,-19.93156856932417,,,,False,,,,False,,,,,,,,,,,,,,,,Not conservation-tested (unresolved position)
rpoC,c.3432C>T,rifampicin,,False,"Beta-prime subunit of RNA polymerase. Mutations here compensate for the conformational changes in the RNA polymerase complex caused by rpoB RRDR resistance mutations, restoring transcription efficiency.",Comas et al. 2012 Nat Genet; Muller et al. 2017,0.0,0.008105,0.0,0.0085497229045744,0.0340277545459794,0.0,-19.93156856932417,,,,False,,,,False,,,,,,,,,,,,,,,,Not conservation-tested (unresolved position)
ndh,p.Asn355Asp,isoniazid,,False,"NADH dehydrogenase. Loss-of-function mutations raise the NADH/NAD+ ratio, which can compensate for INH-mediated inhibition of InhA (InhA requires NADH as cofactor). Not a direct resistance mutation but modulates the INH activation and target environment.",Miesel et al. 1998,0.0,0.008105,0.0,0.0085497229045744,0.0340277545459794,0.0,-19.93156856932417,,,,False,,,,False,,,,,,,,,,,,,,,,Not conservation-tested (unresolved position)
ndh,c.288G>C,isoniazid,,False,"NADH dehydrogenase. Loss-of-function mutations raise the NADH/NAD+ ratio, which can compensate for INH-mediated inhibition of InhA (InhA requires NADH as cofactor). Not a direct resistance mutation but modulates the INH activation and target environment.",Miesel et al. 1998,0.0,0.008105,0.0,0.0085497229045744,0.0340277545459794,0.0,-19.93156856932417,,,,False,,,,False,,,,,,,,,,,,,,,,Not conservation-tested (unresolved position)
ndh,c.285C>G,isoniazid,,False,"NADH dehydrogenase. Loss-of-function mutations raise the NADH/NAD+ ratio, which can compensate for INH-mediated inhibition of InhA (InhA requires NADH as cofactor). Not a direct resistance mutation but modulates the INH activation and target environment.",Miesel et al. 1998,0.0,0.008105,0.0,0.0085497229045744,0.0340277545459794,0.0,-19.93156856932417,,,,False,,,,False,,,,,,,,,,,,,,,,Not conservation-tested (unresolved position)
gyrB,p.Asn558His,fluoroquinolones,,False,"DNA gyrase B subunit. gyrB mutations can compensate for the supercoiling defects caused by gyrA QRDR (Quinolone Resistance-Determining Region) primary resistance mutations, restoring adequate DNA replication efficiency.",Avalos Vizcaino et al.; Mayer & Fierer 2014,0.0,0.008105,0.0,0.0085497229045744,0.0340277545459794,0.0,-19.93156856932417,,,,False,,,,False,,,,,,,,,,,,,,,,Not conservation-tested (unresolved position)
rpoA,c.489A>G,rifampicin,,False,Compensates transcriptional fitness cost of rpoB RRDR mutations. Mutations in the alpha subunit of RNA polymerase restore the binding geometry disrupted by rpoB resistance mutations.,Comas et al. 2012 Nat Genet; Gagneux et al.,0.0,0.008105,0.0,0.0085497229045744,0.0340277545459794,0.0,-19.93156856932417,,,,False,,,,False,,,,,,,,,,,,,,,,Not conservation-tested (unresolved position)
rpoC,c.249C>T,rifampicin,,False,"Beta-prime subunit of RNA polymerase. Mutations here compensate for the conformational changes in the RNA polymerase complex caused by rpoB RRDR resistance mutations, restoring transcription efficiency.",Comas et al. 2012 Nat Genet; Muller et al. 2017,0.0,0.008105,0.0,0.0085497229045744,0.0340277545459794,0.0,-19.93156856932417,,,,False,,,,False,,,,,,,,,,,,,,,,Not conservation-tested (unresolved position)
rpoC,c.-81C>G,rifampicin,,False,"Beta-prime subunit of RNA polymerase. Mutations here compensate for the conformational changes in the RNA polymerase complex caused by rpoB RRDR resistance mutations, restoring transcription efficiency.",Comas et al. 2012 Nat Genet; Muller et al. 2017,0.0,0.008105,0.0,0.0085497229045744,0.0340277545459794,0.0,-19.93156856932417,,,,False,,,,False,,,,,,,,,,,,,,,,Not conservation-tested (unresolved position)
rpoA,c.-377C>G,rifampicin,,False,Compensates transcriptional fitness cost of rpoB RRDR mutations. Mutations in the alpha subunit of RNA polymerase restore the binding geometry disrupted by rpoB resistance mutations.,Comas et al. 2012 Nat Genet; Gagneux et al.,0.0,0.008105,0.0,0.0085497229045744,0.0340277545459794,0.0,-19.93156856932417,,,,False,,,,False,,,,,,,,,,,,,,,,Not conservation-tested (unresolved position)
mmpL5,c.1176C>G,bedaquiline/clofazimine,,False,MmpL5 efflux pump structural component. Gain-of-function mutations that increase pump activity may compensate for BDQ/CFZ fitness costs in highly resistant strains. Borderline primary/compensatory — flag for manual review.,Andries et al.; Hartkoorn et al. 2014,0.0,0.008105,0.0,0.0085497229045744,0.0340277545459794,0.0,-19.93156856932417,,,,False,,,,False,,,,,,,,,,,,,,,,Not conservation-tested (unresolved position)
rpoC,c.3201T>C,rifampicin,,False,"Beta-prime subunit of RNA polymerase. Mutations here compensate for the conformational changes in the RNA polymerase complex caused by rpoB RRDR resistance mutations, restoring transcription efficiency.",Comas et al. 2012 Nat Genet; Muller et al. 2017,0.0,0.008105,0.0,0.0085497229045744,0.0340277545459794,0.0,-19.93156856932417,,,,False,,,,False,,,,,,,,,,,,,,,,Not conservation-tested (unresolved position)
ndh,c.433T>C,isoniazid,,False,"NADH dehydrogenase. Loss-of-function mutations raise the NADH/NAD+ ratio, which can compensate for INH-mediated inhibition of InhA (InhA requires NADH as cofactor). Not a direct resistance mutation but modulates the INH activation and target environment.",Miesel et al. 1998,0.0,0.008105,0.0,0.0085497229045744,0.0340277545459794,0.0,-19.93156856932417,,,,False,,,,False,,,,,,,,,,,,,,,,Not conservation-tested (unresolved position)
rpoC,p.Asp1182Glu,rifampicin,,False,"Beta-prime subunit of RNA polymerase. Mutations here compensate for the conformational changes in the RNA polymerase complex caused by rpoB RRDR resistance mutations, restoring transcription efficiency.",Comas et al. 2012 Nat Genet; Muller et al. 2017,0.0,0.008105,0.0,0.0085497229045744,0.0340277545459794,0.0,-19.93156856932417,,,,False,,,,False,,,,,,,,,,,,,,,,Not conservation-tested (unresolved position)
rpoC,c.2127C>G,rifampicin,,False,"Beta-prime subunit of RNA polymerase. Mutations here compensate for the conformational changes in the RNA polymerase complex caused by rpoB RRDR resistance mutations, restoring transcription efficiency.",Comas et al. 2012 Nat Genet; Muller et al. 2017,0.0,0.008105,0.0,0.0085497229045744,0.0340277545459794,0.0,-19.93156856932417,,,,False,,,,False,,,,,,,,,,,,,,,,Not conservation-tested (unresolved position)
rpoC,c.1443C>G,rifampicin,,False,"Beta-prime subunit of RNA polymerase. Mutations here compensate for the conformational changes in the RNA polymerase complex caused by rpoB RRDR resistance mutations, restoring transcription efficiency.",Comas et al. 2012 Nat Genet; Muller et al. 2017,0.0,0.008105,0.0,0.0085497229045744,0.0340277545459794,0.0,-19.93156856932417,,,,False,,,,False,,,,,,,,,,,,,,,,Not conservation-tested (unresolved position)
gyrB,c.1060C>T,fluoroquinolones,,False,"DNA gyrase B subunit. gyrB mutations can compensate for the supercoiling defects caused by gyrA QRDR (Quinolone Resistance-Determining Region) primary resistance mutations, restoring adequate DNA replication efficiency.",Avalos Vizcaino et al.; Mayer & Fierer 2014,0.0,0.008105,0.0,0.0085497229045744,0.0340277545459794,0.0,-19.93156856932417,,,,False,,,,False,,,,,,,,,,,,,,,,Not conservation-tested (unresolved position)
gyrB,c.894G>C,fluoroquinolones,,False,"DNA gyrase B subunit. gyrB mutations can compensate for the supercoiling defects caused by gyrA QRDR (Quinolone Resistance-Determining Region) primary resistance mutations, restoring adequate DNA replication efficiency.",Avalos Vizcaino et al.; Mayer & Fierer 2014,0.0,0.008105,0.0,0.0085497229045744,0.0340277545459794,0.0,-19.93156856932417,,,,False,,,,False,,,,,,,,,,,,,,,,Not conservation-tested (unresolved position)
ndh,c.462T>C,isoniazid,,False,"NADH dehydrogenase. Loss-of-function mutations raise the NADH/NAD+ ratio, which can compensate for INH-mediated inhibition of InhA (InhA requires NADH as cofactor). Not a direct resistance mutation but modulates the INH activation and target environment.",Miesel et al. 1998,0.0,0.008105,0.0,0.0085497229045744,0.0340277545459794,0.0,-19.93156856932417,,,,False,,,,False,,,,,,,,,,,,,,,,Not conservation-tested (unresolved position)
eis,c.-104G>A,amikacin/kanamycin,,False,Enhanced intracellular survival protein. Promoter mutations causing eis overexpression confer low-level kanamycin/amikacin resistance and may compensate for fitness costs in strains with primary rrs resistance mutations. Borderline primary/compensatory at promoter positions — flag for manual review.,Campbell et al. 2011; Zaunbrecher et al. 2009,0.0,0.008105,0.0,0.0085497229045744,0.0340277545459794,0.0,-19.93156856932417,,,,False,,,,False,,,,,,,,,,,,,,,,Not conservation-tested (unresolved position)
kasA,p.Leu245Met,isoniazid,,False,Beta-ketoacyl ACP synthase involved in mycolic acid synthesis. Mutations here can partially compensate for inhA-mediated INH resistance by altering the flux through the FAS-II fatty acid synthesis pathway.,Mdluli et al. 1998,0.0,0.008105,0.0,0.0085497229045744,0.0340277545459794,0.0,-19.93156856932417,,,,False,,,,False,,,,,,,,,,,,,,,,Not conservation-tested (unresolved position)
kasA,c.1245T>C,isoniazid,,False,Beta-ketoacyl ACP synthase involved in mycolic acid synthesis. Mutations here can partially compensate for inhA-mediated INH resistance by altering the flux through the FAS-II fatty acid synthesis pathway.,Mdluli et al. 1998,0.0,0.008105,0.0,0.0085497229045744,0.0340277545459794,0.0,-19.93156856932417,,,,False,,,,False,,,,,,,,,,,,,,,,Not conservation-tested (unresolved position)
rpoC,p.Ser138Ala,rifampicin,,False,"Beta-prime subunit of RNA polymerase. Mutations here compensate for the conformational changes in the RNA polymerase complex caused by rpoB RRDR resistance mutations, restoring transcription efficiency.",Comas et al. 2012 Nat Genet; Muller et al. 2017,0.002296,0.013171,0.1743,0.0087927858724783,0.0347631931925986,0.1724351597769319,-2.53587412287315,,,,False,,,,False,,,,,,,,,,,,,,,,Not conservation-tested (unresolved position)
rpoC,c.771C>T,rifampicin,,False,"Beta-prime subunit of RNA polymerase. Mutations here compensate for the conformational changes in the RNA polymerase complex caused by rpoB RRDR resistance mutations, restoring transcription efficiency.",Comas et al. 2012 Nat Genet; Muller et al. 2017,0.002296,0.013171,0.1743,0.0087927858724783,0.0347631931925986,0.1724351597769319,-2.53587412287315,,,,False,,,,False,,,,,,,,,,,,,,,,Not conservation-tested (unresolved position)
rpoC,c.3297C>G,rifampicin,,False,"Beta-prime subunit of RNA polymerase. Mutations here compensate for the conformational changes in the RNA polymerase complex caused by rpoB RRDR resistance mutations, restoring transcription efficiency.",Comas et al. 2012 Nat Genet; Muller et al. 2017,0.002296,0.013171,0.1743,0.0087927858724783,0.0347631931925986,0.1724351597769319,-2.53587412287315,,,,False,,,,False,,,,,,,,,,,,,,,,Not conservation-tested (unresolved position)
rpoC,c.3552G>C,rifampicin,,False,"Beta-prime subunit of RNA polymerase. Mutations here compensate for the conformational changes in the RNA polymerase complex caused by rpoB RRDR resistance mutations, restoring transcription efficiency.",Comas et al. 2012 Nat Genet; Muller et al. 2017,0.002296,0.013171,0.1743,0.0087927858724783,0.0347631931925986,0.1724351597769319,-2.53587412287315,,,,False,,,,False,,,,,,,,,,,,,,,,Not conservation-tested (unresolved position)
ndh,c.408C>G,isoniazid,,False,"NADH dehydrogenase. Loss-of-function mutations raise the NADH/NAD+ ratio, which can compensate for INH-mediated inhibition of InhA (InhA requires NADH as cofactor). Not a direct resistance mutation but modulates the INH activation and target environment.",Miesel et al. 1998,0.002296,0.013171,0.1743,0.0087927858724783,0.0347631931925986,0.1724351597769319,-2.53587412287315,,,,False,,,,False,,,,,,,,,,,,,,,,Not conservation-tested (unresolved position)
rpoC,c.1683C>G,rifampicin,,False,"Beta-prime subunit of RNA polymerase. Mutations here compensate for the conformational changes in the RNA polymerase complex caused by rpoB RRDR resistance mutations, restoring transcription efficiency.",Comas et al. 2012 Nat Genet; Muller et al. 2017,0.002296,0.013171,0.1743,0.0087927858724783,0.0347631931925986,0.1724351597769319,-2.53587412287315,,,,False,,,,False,,,,,,,,,,,,,,,,Not conservation-tested (unresolved position)
gyrB,c.369C>T,fluoroquinolones,,False,"DNA gyrase B subunit. gyrB mutations can compensate for the supercoiling defects caused by gyrA QRDR (Quinolone Resistance-Determining Region) primary resistance mutations, restoring adequate DNA replication efficiency.",Avalos Vizcaino et al.; Mayer & Fierer 2014,0.006889,0.0,6888.6338,0.0105159678669285,0.0415071949222358,999.0,9.964340867792416,,,,False,,,,False,,,,,,,,,,,,,,,,Not conservation-tested (unresolved position)
